Latitude,Longitude,Sample Date,red,blue,lwir11
-28.760833,17.730278,02-01-2011,,,
-26.861111,28.884722,03-01-2011,,,
-26.45,28.085833,03-01-2011,,,
-27.671111,27.236944,03-01-2011,,,
-27.356667,27.286389,03-01-2011,,,
-27.01011111,26.69808333,04-01-2011,,,
-25.127778,27.628889,04-01-2011,,,
-25.20639,27.558,04-01-2011,,,
-24.69514,27.40906,04-01-2011,,,
-26.98472222,26.63227778,04-01-2011,,,
-28.141944,26.417778,04-01-2011,,,
-27.398611,26.614722,04-01-2011,,,
-33.501667,21.624167,04-01-2011,,,
-32.502778,19.535833,04-01-2011,,,
-25.45963889,28.26430556,04-01-2011,,,
-27.495556,26.074722,04-01-2011,,,
-26.648056,27.089444,05-01-2011,,,
-26.970278,27.211111,05-01-2011,,,
-27.38972222,26.46388889,05-01-2011,,,
-27.044444,27.005,05-01-2011,,,
-30.830556,26.921389,06-01-2011,,,
-27.00222,28.76528,06-01-2011,,,
-27.02314,28.59389,06-01-2011,,,
-30.679722,26.7125,06-01-2011,,,
-30.160091,27.40124,06-01-2011,,,
-32.595833,19.009444,06-01-2011,,,
-25.99136,27.84208,10-01-2011,,,
-26.73806,27.59194,10-01-2011,,,
-26.45,28.085833,10-01-2011,,,
-30.86013889,29.07125,10-01-2011,,,
-27.356667,27.286389,10-01-2011,,,
-27.01011111,26.69808333,11-01-2011,,,
-25.73411,27.21422,11-01-2011,,,
-26.98472222,26.63227778,11-01-2011,,,
-27.398611,26.614722,11-01-2011,,,
-27.671111,27.236944,11-01-2011,,,
-29.160278,26.573333,11-01-2011,,,
-34.250556,20.9925,11-01-2011,,,
-25.45963889,28.26430556,11-01-2011,,,
-25.81048333,27.90955222,12-01-2011,,,
-27.273889,28.49,12-01-2011,,,
-27.4275,28.525833,12-01-2011,,,
-28.883333,27.89,12-01-2011,,,
-27.00222,28.76528,13-01-2011,,,
-27.02314,28.59389,13-01-2011,,,
-30.534167,24.961944,13-01-2011,,,
-28.460833,21.248889,13-01-2011,,,
-29.658056,25.973333,14-01-2011,,,
-28.760833,17.730278,16-01-2011,,,
-25.513889,31.224444,17-01-2011,,,
-26.861111,28.884722,17-01-2011,,,
-31.554722,29.245556,17-01-2011,,,
-28.058889,30.373611,17-01-2011,,,
-25.127778,27.628889,18-01-2011,,,
-25.20639,27.558,18-01-2011,,,
-24.69514,27.40906,18-01-2011,,,
-25.681111,31.783333,18-01-2011,,,
-27.802778,28.768333,18-01-2011,,,
-27.398611,26.614722,18-01-2011,,,
-31.104278,29.399722,18-01-2011,,,
-31.396,29.2651,18-01-2011,,,
-33.38056,19.30167,18-01-2011,,,
-33.31388889,19.07472222,18-01-2011,,,
-27.495556,26.074722,18-01-2011,,,
-24.39619444,27.08983333,19-01-2011,,,
-26.970278,27.211111,19-01-2011,,,
-26.880278,26.965,19-01-2011,,,
-27.273889,28.49,19-01-2011,,,
-27.3,28.586944,19-01-2011,,,
-27.044444,27.005,19-01-2011,,,
-30.568333,29.422778,19-01-2011,,,
-30.570833,29.150556,19-01-2011,,,
-34.031944,22.053333,19-01-2011,,,
-33.13083,18.86278,19-01-2011,,,
-33.7075,18.97444444,19-01-2011,,,
-25.57877778,29.12747222,19-01-2011,,,
-26.006389,29.253889,20-01-2011,,,
-27.02314,28.59389,20-01-2011,,,
-30.679722,26.7125,20-01-2011,,,
-28.460833,21.248889,20-01-2011,,,
-30.77586667,29.03221667,20-01-2011,,,
-24.925278,29.324444,21-01-2011,,,
-28.460833,21.248889,21-01-2011,,,
-24.679167,30.8025,24-01-2011,,,
-25.99136,27.84208,24-01-2011,,,
-25.49037,30.6986,24-01-2011,,,
-26.970278,27.211111,24-01-2011,,,
-27.671111,27.236944,24-01-2011,,,
-27.356667,27.286389,24-01-2011,,,
-27.01011111,26.69808333,25-01-2011,,,
-26.98472222,26.63227778,25-01-2011,,,
-27.398611,26.614722,25-01-2011,,,
-33.818056,19.694722,25-01-2011,,,
-25.45963889,28.26430556,25-01-2011,,,
-33.897778,20.012778,25-01-2011,,,
-25.81048333,27.90955222,26-01-2011,,,
-34.065833,20.404167,26-01-2011,,,
-24.058889,31.237222,26-01-2011,,,
-26.648056,27.089444,26-01-2011,,,
-26.880278,26.965,26-01-2011,,,
-27.273889,28.49,26-01-2011,,,
-27.044444,27.005,26-01-2011,,,
-34.092222,21.295278,26-01-2011,,,
-27.02314,28.59389,27-01-2011,,,
-26.73806,27.59194,27-01-2011,,,
-28.760833,17.730278,30-01-2011,,,
-26.861111,28.884722,31-01-2011,,,
-26.73806,27.59194,31-01-2011,,,
-25.127778,27.628889,01-02-2011,,,
-24.69514,27.40906,01-02-2011,,,
-27.363611,31.783333,01-02-2011,,,
-27.802778,28.768333,01-02-2011,,,
-29.160278,26.573333,01-02-2011,,,
-34.329722,18.990278,01-02-2011,,,
-25.20639,27.558,02-02-2011,,,
-23.281,30.54305556,03-02-2011,,,
-28.801278,31.955389,03-02-2011,,,
-27.00222,28.76528,03-02-2011,,,
-27.02314,28.59389,03-02-2011,,,
-27.3,28.586944,03-02-2011,,,
-30.679722,26.7125,03-02-2011,,,
-28.460833,21.248889,03-02-2011,,,
-28.460833,21.248889,04-02-2011,,,
-29.140556,31.391944,07-02-2011,,,
-25.99136,27.84208,07-02-2011,,,
-24.058889,31.237222,07-02-2011,,,
-26.73806,27.59194,07-02-2011,,,
-30.86013889,29.07125,07-02-2011,,,
-27.356667,27.286389,07-02-2011,,,
-28.058889,30.373611,07-02-2011,,,
-27.01011111,26.69808333,08-02-2011,,,
-27.169444,29.233889,08-02-2011,,,
-26.98472222,26.63227778,08-02-2011,,,
-27.398611,26.614722,08-02-2011,,,
-27.573056,24.746389,08-02-2011,,,
-33.501667,21.624167,08-02-2011,,,
-32.502778,19.535833,08-02-2011,,,
-25.45963889,28.26430556,08-02-2011,,,
-26.970278,27.211111,09-02-2011,,,
-27.273889,28.49,09-02-2011,,,
-28.69485,28.23487,09-02-2011,,,
-28.883333,27.89,09-02-2011,,,
-27.02314,28.59389,10-02-2011,,,
-30.679722,26.7125,10-02-2011,,,
-30.534167,24.961944,10-02-2011,,,
-34.031944,22.053333,10-02-2011,,,
-34.039722,22.133333,10-02-2011,,,
-32.595833,19.009444,10-02-2011,,,
-28.801278,31.955389,11-02-2011,,,
-29.658056,25.973333,11-02-2011,,,
-28.068333,31.55,11-02-2011,,,
-28.760833,17.730278,13-02-2011,,,
-29.7775,29.470833,14-02-2011,,,
-29.987778,29.851667,14-02-2011,,,
-29.744167,29.905833,14-02-2011,,,
-26.861111,28.884722,14-02-2011,,,
-26.45,28.085833,14-02-2011,,,
-31.396,29.2651,14-02-2011,,,
-25.20639,27.558,15-02-2011,,,
-24.69514,27.40906,15-02-2011,,,
-26.006389,29.253889,15-02-2011,,,
-27.802778,28.768333,15-02-2011,,,
-27.398611,26.614722,15-02-2011,,,
-27.671111,27.236944,15-02-2011,,,
-29.160278,26.573333,15-02-2011,,,
-30.568333,29.422778,15-02-2011,,,
-30.570833,29.150556,15-02-2011,,,
-33.38056,19.30167,15-02-2011,,,
-33.31388889,19.07472222,15-02-2011,,,
-27.495556,26.074722,15-02-2011,,,
-25.436111,31.982222,16-02-2011,,,
-24.39619444,27.08983333,16-02-2011,,,
-25.67386,31.57527,16-02-2011,,,
-30.733889,29.828333,16-02-2011,,,
-30.398056,30.601944,16-02-2011,,,
-27.273889,28.49,16-02-2011,,,
-27.3,28.586944,16-02-2011,,,
-27.044444,27.005,16-02-2011,,,
-30.86013889,29.07125,16-02-2011,,,
-30.77586667,29.03221667,16-02-2011,,,
-33.13083,18.86278,16-02-2011,,,
-24.925278,29.324444,17-02-2011,,,
-27.00222,28.76528,17-02-2011,,,
-27.02314,28.59389,17-02-2011,,,
-22.43772222,31.07805556,18-02-2011,,,
-29.803611,30.516111,18-02-2011,,,
-25.99136,27.84208,21-02-2011,,,
-26.861111,28.884722,21-02-2011,,,
-26.73806,27.59194,21-02-2011,,,
-26.45,28.085833,21-02-2011,,,
-27.01011111,26.69808333,22-02-2011,,,
-27.169444,29.233889,22-02-2011,,,
-26.98472222,26.63227778,22-02-2011,,,
-27.398611,26.614722,22-02-2011,,,
-29.160278,26.573333,22-02-2011,,,
-33.818056,19.694722,22-02-2011,,,
-25.81048333,27.90955222,23-02-2011,,,
-29.641944,30.6875,23-02-2011,,,
-34.065833,20.404167,23-02-2011,,,
-33.980556,21.653333,23-02-2011,,,
-22.769722,30.886944,23-02-2011,,,
-27.00222,28.76528,23-02-2011,,,
-27.02314,28.59389,23-02-2011,,,
-27.38972222,26.46388889,23-02-2011,,,
-27.398611,26.614722,23-02-2011,,,
-27.671111,27.236944,23-02-2011,,,
-27.356667,27.286389,23-02-2011,,,
-33.897778,20.012778,23-02-2011,,,
-23.763056,27.908611,24-02-2011,,,
-23.23572222,27.717,24-02-2011,,,
-28.44555556,32.325,24-02-2011,,,
-30.679722,26.7125,24-02-2011,,,
-30.160091,27.40124,24-02-2011,,,
-30.336111,27.359444,24-02-2011,,,
-28.460833,21.248889,24-02-2011,,,
-22.91028,29.61111,25-02-2011,,,
-28.760833,17.730278,27-02-2011,,,
-24.183889,30.823889,01-03-2011,,,
-27.398611,26.614722,01-03-2011,,,
-27.671111,27.236944,01-03-2011,,,
-29.160278,26.573333,01-03-2011,,,
-27.495556,26.074722,01-03-2011,,,
-23.658056,31.05,02-03-2011,,,
-26.648056,27.089444,02-03-2011,,,
-27.802778,28.768333,02-03-2011,,,
-24.679167,30.8025,03-03-2011,,,
-27.273889,28.49,03-03-2011,,,
-27.3,28.586944,03-03-2011,,,
-30.679722,26.7125,03-03-2011,,,
-27.02314,28.59389,04-03-2011,,,
-25.99136,27.84208,07-03-2011,,,
-31.554722,29.245556,07-03-2011,,,
-27.01011111,26.69808333,08-03-2011,,,
-27.802778,28.768333,08-03-2011,,,
-26.98472222,26.63227778,08-03-2011,,,
-27.398611,26.614722,08-03-2011,,,
-27.671111,27.236944,08-03-2011,,,
-29.160278,26.573333,08-03-2011,,,
-31.396,29.2651,08-03-2011,,,
-25.45963889,28.26430556,08-03-2011,,,
-25.81048333,27.90955222,09-03-2011,,,
-22.225556,29.990556,09-03-2011,,,
-26.03611,30.99778,09-03-2011,,,
-28.404444,30.013056,09-03-2011,,,
-29.380556,30.2775,09-03-2011,,,
-26.648056,27.089444,09-03-2011,,,
-26.970278,27.211111,09-03-2011,,,
-27.273889,28.49,09-03-2011,,,
-27.3,28.586944,09-03-2011,,,
-27.044444,27.005,09-03-2011,,,
-28.69485,28.23487,09-03-2011,,,
-28.883333,27.89,09-03-2011,,,
-30.568333,29.422778,09-03-2011,,,
-30.570833,29.150556,09-03-2011,,,
-34.329722,18.990278,09-03-2011,,,
-30.830556,26.921389,10-03-2011,,,
-25.49037,30.6986,10-03-2011,,,
-29.380556,30.2775,10-03-2011,,,
-30.86013889,29.07125,10-03-2011,,,
-30.77586667,29.03221667,10-03-2011,,,
-29.658056,25.973333,11-03-2011,,,
-30.534167,24.961944,11-03-2011,,,
-31.031389,28.883333,11-03-2011,,,
-34.039722,22.133333,11-03-2011,,,
-28.760833,17.730278,13-03-2011,,,
-29.7775,29.470833,14-03-2011,,,
-29.987778,29.851667,14-03-2011,,,
-29.744167,29.905833,14-03-2011,,,
-26.861111,28.884722,14-03-2011,,,
-26.73806,27.59194,14-03-2011,,,
-26.45,28.085833,14-03-2011,,,
-25.127778,27.628889,15-03-2011,,,
-25.20639,27.558,15-03-2011,,,
-24.69514,27.40906,15-03-2011,,,
-25.73411,27.21422,15-03-2011,,,
-26.006389,29.253889,15-03-2011,,,
-28.747778,31.745833,15-03-2011,,,
-30.733889,29.828333,15-03-2011,,,
-27.398611,26.614722,15-03-2011,,,
-27.495556,26.074722,15-03-2011,,,
-24.282222,28.090278,16-03-2011,,,
-30.398056,30.601944,16-03-2011,,,
-30.27402,30.69602,16-03-2011,,,
-26.880278,26.965,16-03-2011,,,
-27.273889,28.49,16-03-2011,,,
-34.031944,22.053333,16-03-2011,,,
-23.763056,27.908611,17-03-2011,,,
-27.00222,28.76528,17-03-2011,,,
-27.02314,28.59389,17-03-2011,,,
-24.925278,29.324444,18-03-2011,,,
-29.803611,30.516111,18-03-2011,,,
-26.970278,27.211111,21-03-2011,,,
-27.01011111,26.69808333,22-03-2011,,,
-25.99136,27.84208,22-03-2011,,,
-26.861111,28.884722,22-03-2011,,,
-26.45,28.085833,22-03-2011,,,
-27.398611,26.614722,22-03-2011,,,
-33.501667,21.624167,22-03-2011,,,
-33.31388889,19.07472222,22-03-2011,,,
-28.338333,31.373611,22-03-2011,,,
-29.641944,30.6875,23-03-2011,,,
-28.735556,29.820556,23-03-2011,,,
-26.648056,27.089444,23-03-2011,,,
-27.044444,27.005,23-03-2011,,,
-29.160278,26.573333,23-03-2011,,,
-33.13083,18.86278,23-03-2011,,,
-25.45963889,28.26430556,23-03-2011,,,
-25.81048333,27.90955222,24-03-2011,,,
-27.602222,29.942778,24-03-2011,,,
-27.3,28.586944,24-03-2011,,,
-33.38056,19.30167,24-03-2011,,,
-27.00222,28.76528,25-03-2011,,,
-27.02314,28.59389,25-03-2011,,,
-30.160091,27.40124,25-03-2011,,,
-30.336111,27.359444,25-03-2011,,,
-28.760833,17.730278,27-03-2011,,,
-22.43772222,31.07805556,28-03-2011,,,
-26.73806,27.59194,28-03-2011,,,
-25.127778,27.628889,29-03-2011,,,
-25.20639,27.558,29-03-2011,,,
-24.69514,27.40906,29-03-2011,,,
-27.169444,29.233889,29-03-2011,,,
-26.98472222,26.63227778,29-03-2011,,,
-28.141944,26.417778,29-03-2011,,,
-28.116667,26.725278,29-03-2011,,,
-27.398611,26.614722,29-03-2011,,,
-29.160278,26.573333,29-03-2011,,,
-27.495556,26.074722,29-03-2011,,,
-34.065833,20.404167,30-03-2011,,,
-27.363611,31.783333,30-03-2011,,,
-26.905,32.324722,30-03-2011,,,
-28.75,30.442778,30-03-2011,,,
-29.161667,30.629722,30-03-2011,,,
-26.880278,26.965,30-03-2011,,,
-27.398611,26.614722,30-03-2011,,,
-28.69485,28.23487,30-03-2011,,,
-28.883333,27.89,30-03-2011,,,
-33.818056,19.694722,30-03-2011,,,
-34.075556,20.145556,30-03-2011,,,
-27.00222,28.76528,31-03-2011,,,
-27.02314,28.59389,31-03-2011,,,
-30.679722,26.7125,31-03-2011,,,
-30.534167,24.961944,31-03-2011,,,
-33.897778,20.012778,31-03-2011,,,
-22.769722,30.886944,01-04-2011,,,
-27.802778,28.768333,01-04-2011,,,
-27.5275,30.858056,02-04-2011,,,
-25.99136,27.84208,04-04-2011,,,
-25.513889,31.224444,04-04-2011,,,
-25.398889,31.610556,04-04-2011,,,
-24.183889,30.823889,05-04-2011,,,
-23.281,30.54305556,05-04-2011,,,
-25.362222,31.956667,05-04-2011,,,
-29.380556,30.2775,05-04-2011,,,
-27.398611,26.614722,05-04-2011,,,
-25.45963889,28.26430556,05-04-2011,,,
-25.81048333,27.90955222,06-04-2011,,,
-23.658056,31.05,06-04-2011,,,
-24.058889,31.237222,06-04-2011,,,
-24.034167,31.123611,06-04-2011,,,
-24.99328,30.81444,06-04-2011,,,
-25.14944444,31.94055556,06-04-2011,,,
-27.937778,31.209444,06-04-2011,,,
-28.404444,30.013056,06-04-2011,,,
-26.880278,26.965,06-04-2011,,,
-31.000833,26.353056,06-04-2011,,,
-24.679167,30.8025,07-04-2011,,,
-24.99328,30.81444,07-04-2011,,,
-27.02314,28.59389,07-04-2011,,,
-28.760833,17.730278,10-04-2011,,,
-26.73806,27.59194,10-04-2011,,,
-25.49037,30.6986,11-04-2011,,,
-29.987778,29.851667,11-04-2011,,,
-29.744167,29.905833,11-04-2011,,,
-26.861111,28.884722,11-04-2011,,,
-26.970278,27.211111,11-04-2011,,,
-26.45,28.085833,11-04-2011,,,
-31.396,29.2651,11-04-2011,,,
-31.554722,29.245556,11-04-2011,,,
-27.356667,27.286389,11-04-2011,,,
-25.447222,30.711667,11-04-2011,,,
-27.01011111,26.69808333,12-04-2011,,,
-25.127778,27.628889,12-04-2011,,,
-25.20639,27.558,12-04-2011,,,
-24.69514,27.40906,12-04-2011,,,
-25.73411,27.21422,12-04-2011,,,
-26.006389,29.253889,12-04-2011,,,
-26.03611,30.99778,12-04-2011,,,
-28.801278,31.955389,12-04-2011,,,
-30.733889,29.828333,12-04-2011,,,
-27.169444,29.233889,12-04-2011,,,
-27.802778,28.768333,12-04-2011,,,
-26.98472222,26.63227778,12-04-2011,,,
-27.398611,26.614722,12-04-2011,,,
-29.160278,26.573333,12-04-2011,,,
-30.568333,29.422778,12-04-2011,,,
-30.570833,29.150556,12-04-2011,,,
-33.501667,21.624167,12-04-2011,,,
-27.495556,26.074722,12-04-2011,,,
-25.57877778,29.12747222,12-04-2011,,,
-28.801278,31.955389,13-04-2011,,,
-30.398056,30.601944,13-04-2011,,,
-30.27402,30.69602,13-04-2011,,,
-26.648056,27.089444,13-04-2011,,,
-27.044444,27.005,13-04-2011,,,
-31.031389,28.883333,13-04-2011,,,
-30.86013889,29.07125,13-04-2011,,,
-24.925278,29.324444,14-04-2011,,,
-27.00222,28.76528,14-04-2011,,,
-27.02314,28.59389,14-04-2011,,,
-30.160091,27.40124,14-04-2011,,,
-30.336111,27.359444,14-04-2011,,,
-30.830556,26.921389,15-04-2011,,,
-27.902778,24.615556,15-04-2011,,,
-34.031944,22.053333,15-04-2011,,,
-29.803611,30.516111,15-04-2011,,,
-22.43772222,31.07805556,16-04-2011,,,
-25.99136,27.84208,18-04-2011,,,
-34.039722,22.133333,18-04-2011,,,
-28.735556,29.820556,19-04-2011,,,
-27.802778,28.768333,19-04-2011,,,
-33.38056,19.30167,19-04-2011,,,
-33.31388889,19.07472222,19-04-2011,,,
-27.356667,27.286389,19-04-2011,,,
-28.068333,31.55,19-04-2011,,,
-27.398611,26.614722,20-04-2011,,,
-29.160278,26.573333,20-04-2011,,,
-30.830556,26.921389,21-04-2011,,,
-27.363611,31.783333,21-04-2011,,,
-27.044444,27.005,21-04-2011,,,
-27.902778,24.615556,21-04-2011,,,
-28.760833,17.730278,25-04-2011,,,
-26.861111,28.884722,25-04-2011,,,
-26.970278,27.211111,25-04-2011,,,
-26.45,28.085833,25-04-2011,,,
-27.01011111,26.69808333,26-04-2011,,,
-25.127778,27.628889,26-04-2011,,,
-25.20639,27.558,26-04-2011,,,
-24.69514,27.40906,26-04-2011,,,
-27.169444,29.233889,26-04-2011,,,
-26.98472222,26.63227778,26-04-2011,,,
-27.398611,26.614722,26-04-2011,,,
-27.495556,26.074722,26-04-2011,,,
-34.065833,20.404167,27-04-2011,,,
-28.75,30.442778,27-04-2011,,,
-29.161667,30.629722,27-04-2011,,,
-26.880278,26.965,27-04-2011,,,
-33.897778,20.012778,28-04-2011,,,
-25.99136,27.84208,02-05-2011,,,
-29.380556,30.2775,03-05-2011,,,
-26.45,28.085833,03-05-2011,,,
-27.902778,24.615556,03-05-2011,,,
-25.45963889,28.26430556,03-05-2011,,,
-25.57877778,29.12747222,03-05-2011,,,
-25.81048333,27.90955222,04-05-2011,,,
-26.006389,29.253889,04-05-2011,,,
-28.404444,30.013056,04-05-2011,,,
-27.802778,28.768333,04-05-2011,,,
-27.356667,27.286389,04-05-2011,,,
-27.937778,31.209444,05-05-2011,,,
-27.5275,30.858056,05-05-2011,,,
-27.3,28.586944,05-05-2011,,,
-27.398611,26.614722,05-05-2011,,,
-27.00222,28.76528,06-05-2011,,,
-27.02314,28.59389,06-05-2011,,,
-26.648056,27.089444,06-05-2011,,,
-26.970278,27.211111,06-05-2011,,,
-28.760833,17.730278,08-05-2011,,,
-29.7775,29.470833,09-05-2011,,,
-29.744167,29.905833,09-05-2011,,,
-26.861111,28.884722,09-05-2011,,,
-26.970278,27.211111,09-05-2011,,,
-31.104278,29.399722,09-05-2011,,,
-25.127778,27.628889,10-05-2011,,,
-25.20639,27.558,10-05-2011,,,
-24.69514,27.40906,10-05-2011,,,
-24.058889,31.237222,10-05-2011,,,
-24.034167,31.123611,10-05-2011,,,
-28.747778,31.745833,10-05-2011,,,
-30.733889,29.828333,10-05-2011,,,
-26.98472222,26.63227778,10-05-2011,,,
-27.398611,26.614722,10-05-2011,,,
-29.160278,26.573333,10-05-2011,,,
-31.396,29.2651,10-05-2011,,,
-33.501667,21.624167,10-05-2011,,,
-32.502778,19.535833,10-05-2011,,,
-31.5653,18.3306,10-05-2011,,,
-27.495556,26.074722,10-05-2011,,,
-24.183889,30.823889,11-05-2011,,,
-28.801278,31.955389,11-05-2011,,,
-30.398056,30.601944,11-05-2011,,,
-30.27402,30.69602,11-05-2011,,,
-27.00222,28.76528,11-05-2011,,,
-27.02314,28.59389,11-05-2011,,,
-27.273889,28.49,11-05-2011,,,
-27.4275,28.525833,11-05-2011,,,
-27.044444,27.005,11-05-2011,,,
-22.225556,29.990556,24-11-2014,,,
-30.568333,29.422778,11-05-2011,,,
-30.570833,29.150556,11-05-2011,,,
-32.595833,19.009444,11-05-2011,,,
-29.140556,31.391944,12-05-2011,,,
-29.641944,30.6875,12-05-2011,,,
-24.679167,30.8025,12-05-2011,,,
-30.830556,26.921389,12-05-2011,,,
-30.13573889,30.67422222,12-05-2011,,,
-26.73806,27.59194,12-05-2011,,,
-31.000833,26.353056,12-05-2011,,,
-22.225556,29.990556,30-07-2015,9254.5,8333.5,43062.5
-22.225556,29.990556,03-08-2015,9254.5,8333.5,43062.5
-30.679722,26.7125,12-05-2011,,,
-31.031389,28.883333,12-05-2011,,,
-30.86013889,29.07125,12-05-2011,,,
-30.77586667,29.03221667,12-05-2011,,,
-24.925278,29.324444,13-05-2011,,,
-29.658056,25.973333,13-05-2011,,,
-30.534167,24.961944,13-05-2011,,,
-29.803611,30.516111,13-05-2011,,,
-25.447222,30.711667,13-05-2011,,,
-25.99136,27.84208,16-05-2011,,,
-25.513889,31.224444,16-05-2011,,,
-26.861111,28.884722,16-05-2011,,,
-26.970278,27.211111,16-05-2011,,,
-34.031944,22.053333,16-05-2011,,,
-34.039722,22.133333,16-05-2011,,,
-33.38056,19.30167,16-05-2011,,,
-33.31388889,19.07472222,16-05-2011,,,
-27.01011111,26.69808333,17-05-2011,,,
-25.436111,31.982222,17-05-2011,,,
-25.681111,31.783333,17-05-2011,,,
-25.67386,31.57527,17-05-2011,,,
-26.98472222,26.63227778,17-05-2011,,,
-27.398611,26.614722,17-05-2011,,,
-25.45963889,28.26430556,17-05-2011,,,
-28.338333,31.373611,17-05-2011,,,
-28.068333,31.55,17-05-2011,,,
-25.81048333,27.90955222,18-05-2011,,,
-24.768889,31.39,18-05-2011,,,
-26.880278,26.965,18-05-2011,,,
-28.801278,31.955389,19-05-2011,,,
-27.169444,29.233889,19-05-2011,,,
-25.447222,30.711667,19-05-2011,,,
-22.548889,28.898056,20-05-2011,,,
-22.43772222,31.07805556,20-05-2011,,,
-27.902778,24.615556,20-05-2011,,,
-28.760833,17.730278,22-05-2011,,,
-25.49037,30.6986,23-05-2011,,,
-28.75,30.442778,23-05-2011,,,
-26.73806,27.59194,23-05-2011,,,
-26.45,28.085833,23-05-2011,,,
-27.356667,27.286389,23-05-2011,,,
-22.935,28.004167,24-05-2011,,,
-33.980556,21.653333,24-05-2011,,,
-25.127778,27.628889,24-05-2011,,,
-25.20639,27.558,24-05-2011,,,
-24.69514,27.40906,24-05-2011,,,
-27.363611,31.783333,24-05-2011,,,
-27.169444,29.233889,24-05-2011,,,
-27.802778,28.768333,24-05-2011,,,
-28.141944,26.417778,24-05-2011,,,
-28.116667,26.725278,24-05-2011,,,
-27.398611,26.614722,24-05-2011,,,
-27.671111,27.236944,24-05-2011,,,
-28.69485,28.23487,24-05-2011,,,
-34.092222,21.295278,24-05-2011,,,
-27.495556,26.074722,24-05-2011,,,
-34.065833,20.404167,25-05-2011,,,
-23.23572222,27.717,25-05-2011,,,
-28.75,30.442778,25-05-2011,,,
-29.161667,30.629722,25-05-2011,,,
-26.648056,27.089444,25-05-2011,,,
-27.273889,28.49,25-05-2011,,,
-27.4275,28.525833,25-05-2011,,,
-27.3,28.586944,25-05-2011,,,
-27.398611,26.614722,25-05-2011,,,
-27.044444,27.005,25-05-2011,,,
-30.679722,26.7125,25-05-2011,,,
-34.250556,20.9925,25-05-2011,,,
-33.818056,19.694722,25-05-2011,,,
-34.075556,20.145556,25-05-2011,,,
-30.398056,30.601944,26-05-2011,,,
-30.27402,30.69602,26-05-2011,,,
-27.00222,28.76528,26-05-2011,,,
-27.02314,28.59389,26-05-2011,,,
-27.671111,27.236944,26-05-2011,,,
-27.356667,27.286389,26-05-2011,,,
-33.897778,20.012778,26-05-2011,,,
-27.902778,24.615556,27-05-2011,,,
-22.91028,29.61111,28-05-2011,,,
-25.99136,27.84208,30-05-2011,,,
-26.861111,28.884722,30-05-2011,,,
-26.970278,27.211111,30-05-2011,,,
-26.45,28.085833,30-05-2011,,,
-27.01011111,26.69808333,31-05-2011,,,
-29.380556,30.2775,31-05-2011,,,
-27.802778,28.768333,31-05-2011,,,
-26.98472222,26.63227778,31-05-2011,,,
-27.398611,26.614722,31-05-2011,,,
-29.160278,26.573333,31-05-2011,,,
-25.45963889,28.26430556,31-05-2011,,,
-25.81048333,27.90955222,01-06-2011,,,
-28.404444,30.013056,01-06-2011,,,
-27.00222,28.76528,01-06-2011,,,
-27.02314,28.59389,01-06-2011,,,
-26.648056,27.089444,01-06-2011,,,
-27.3,28.586944,01-06-2011,,,
-27.044444,27.005,01-06-2011,,,
-28.058889,30.373611,01-06-2011,,,
-27.937778,31.209444,02-06-2011,,,
-27.5275,30.858056,02-06-2011,,,
-30.568333,29.422778,04-06-2011,,,
-28.760833,17.730278,05-06-2011,,,
-29.7775,29.470833,06-06-2011,,,
-29.987778,29.851667,06-06-2011,,,
-29.744167,29.905833,06-06-2011,,,
-26.73806,27.59194,06-06-2011,,,
-31.104278,29.399722,06-06-2011,,,
-31.396,29.2651,06-06-2011,,,
-31.554722,29.245556,06-06-2011,,,
-25.57877778,29.12747222,06-06-2011,,,
-25.127778,27.628889,07-06-2011,,,
-25.20639,27.558,07-06-2011,,,
-24.69514,27.40906,07-06-2011,,,
-23.658056,31.05,07-06-2011,,,
-26.006389,29.253889,07-06-2011,,,
-28.747778,31.745833,07-06-2011,,,
-30.733889,29.828333,07-06-2011,,,
-27.169444,29.233889,07-06-2011,,,
-27.398611,26.614722,07-06-2011,,,
-30.86013889,29.07125,07-06-2011,,,
-30.570833,29.150556,07-06-2011,,,
-30.77586667,29.03221667,07-06-2011,,,
-27.495556,26.074722,07-06-2011,,,
-30.830556,26.921389,08-06-2011,,,
-22.769722,30.886944,08-06-2011,,,
-30.398056,30.601944,08-06-2011,,,
-30.27402,30.69602,08-06-2011,,,
-27.02314,28.59389,08-06-2011,,,
-26.880278,26.965,08-06-2011,,,
-29.140556,31.391944,09-06-2011,,,
-24.925278,29.324444,09-06-2011,,,
-27.902778,24.615556,10-06-2011,,,
-29.803611,30.516111,10-06-2011,,,
-31.5653,18.3306,12-06-2011,,,
-25.99136,27.84208,13-06-2011,,,
-27.671111,27.236944,13-06-2011,,,
-27.356667,27.286389,13-06-2011,,,
-31.860278,18.6875,14-06-2011,,,
-24.679167,30.8025,14-06-2011,,,
-28.735556,29.820556,14-06-2011,,,
-26.861111,28.884722,14-06-2011,,,
-27.00222,28.76528,14-06-2011,,,
-26.45,28.085833,14-06-2011,,,
-27.398611,26.614722,14-06-2011,,,
-34.031944,22.053333,14-06-2011,,,
-25.45963889,28.26430556,14-06-2011,,,
-28.338333,31.373611,14-06-2011,,,
-28.068333,31.55,14-06-2011,,,
-25.81048333,27.90955222,15-06-2011,,,
-30.830556,26.921389,15-06-2011,,,
-24.058889,31.237222,15-06-2011,,,
-24.034167,31.123611,15-06-2011,,,
-27.3,28.586944,15-06-2011,,,
-33.501667,21.624167,15-06-2011,,,
-27.602222,29.942778,16-06-2011,,,
-30.679722,26.7125,16-06-2011,,,
-28.760833,17.730278,19-06-2011,,,
-27.602222,29.942778,20-06-2011,,,
-28.883333,27.89,20-06-2011,,,
-25.436111,31.982222,21-06-2011,,,
-25.127778,27.628889,21-06-2011,,,
-25.20639,27.558,21-06-2011,,,
-24.69514,27.40906,21-06-2011,,,
-25.681111,31.783333,21-06-2011,,,
-26.970278,27.211111,21-06-2011,,,
-26.73806,27.59194,21-06-2011,,,
-34.039722,22.133333,21-06-2011,,,
-33.38056,19.30167,21-06-2011,,,
-33.31388889,19.07472222,21-06-2011,,,
-27.356667,27.286389,21-06-2011,,,
-29.161667,23.696389,22-06-2011,,,
-27.01011111,26.69808333,22-06-2011,,,
-25.14944444,31.94055556,22-06-2011,,,
-24.9675,31.516667,22-06-2011,,,
-28.75,30.442778,22-06-2011,,,
-29.161667,30.629722,22-06-2011,,,
-27.169444,29.233889,22-06-2011,,,
-27.02314,28.59389,22-06-2011,,,
-26.98472222,26.63227778,22-06-2011,,,
-27.398611,26.614722,22-06-2011,,,
-29.042222,24.6,22-06-2011,,,
-34.092222,21.295278,22-06-2011,,,
-27.495556,26.074722,22-06-2011,,,
-30.27402,30.69602,23-06-2011,,,
-26.648056,27.089444,23-06-2011,,,
-26.880278,26.965,23-06-2011,,,
-27.044444,27.005,23-06-2011,,,
-28.376944,24.303056,23-06-2011,,,
-29.028629,24.638389,23-06-2011,,,
-28.69485,28.23487,23-06-2011,,,
-25.398889,31.610556,24-06-2011,,,
-27.573056,24.746389,24-06-2011,,,
-27.902778,24.615556,24-06-2011,,,
-26.861111,28.884722,27-06-2011,,,
-27.02314,28.59389,27-06-2011,,,
-26.45,28.085833,27-06-2011,,,
-31.396,29.2651,27-06-2011,,,
-24.670833,28.560833,28-06-2011,,,
-29.380556,30.2775,28-06-2011,,,
-31.104278,29.399722,28-06-2011,,,
-33.818056,19.694722,28-06-2011,,,
-29.161667,23.696389,29-06-2011,,,
-25.81048333,27.90955222,29-06-2011,,,
-24.282222,28.090278,29-06-2011,,,
-23.23572222,27.717,29-06-2011,,,
-26.03611,30.99778,29-06-2011,,,
-27.937778,31.209444,29-06-2011,,,
-28.404444,30.013056,29-06-2011,,,
-27.02314,28.59389,29-06-2011,,,
-28.141944,26.417778,29-06-2011,,,
-28.1175,26.719444,29-06-2011,,,
-29.033333,23.983333,29-06-2011,,,
-30.568333,29.422778,29-06-2011,,,
-25.447222,30.711667,29-06-2011,,,
-27.01011111,26.69808333,30-06-2011,,,
-22.935,28.004167,30-06-2011,,,
-22.91028,29.61111,30-06-2011,,,
-27.5275,30.858056,30-06-2011,,,
-26.648056,27.089444,30-06-2011,,,
-26.970278,27.211111,30-06-2011,,,
-26.880278,26.965,30-06-2011,,,
-27.38972222,26.46388889,30-06-2011,,,
-26.98472222,26.63227778,30-06-2011,,,
-34.065833,20.404167,10-01-2012,,,
-34.065833,20.404167,01-02-2012,,,
-34.065833,20.404167,29-02-2012,,,
-27.398611,26.614722,30-06-2011,,,
-31.031389,28.883333,30-06-2011,,,
-30.86013889,29.07125,30-06-2011,,,
-30.77586667,29.03221667,30-06-2011,,,
-27.356667,27.286389,30-06-2011,,,
-33.897778,20.012778,30-06-2011,,,
-22.43772222,31.07805556,02-07-2011,,,
-28.760833,17.730278,03-07-2011,,,
-29.7775,29.470833,04-07-2011,,,
-29.987778,29.851667,04-07-2011,,,
-29.744167,29.905833,04-07-2011,,,
-26.73806,27.59194,04-07-2011,,,
-30.830556,26.921389,05-07-2011,,,
-25.127778,27.628889,05-07-2011,,,
-25.20639,27.558,05-07-2011,,,
-24.69514,27.40906,05-07-2011,,,
-23.658056,31.05,05-07-2011,,,
-30.733889,29.828333,05-07-2011,,,
-27.169444,29.233889,05-07-2011,,,
-34.065833,20.404167,21-01-2014,12142.0,9431.0,43524.0
-34.065833,20.404167,11-02-2014,12142.0,9431.0,43524.0
-34.065833,20.404167,11-03-2014,12142.0,9431.0,43524.0
-27.671111,27.236944,05-07-2011,,,
-28.69485,28.23487,05-07-2011,,,
-28.883333,27.89,05-07-2011,,,
-29.161667,23.696389,06-07-2011,,,
-30.27402,30.69602,06-07-2011,,,
-27.00222,28.76528,06-07-2011,,,
-27.02314,28.59389,06-07-2011,,,
-27.398611,26.614722,06-07-2011,,,
-34.065833,20.404167,24-02-2015,8156.0,7729.0,44309.0
-27.044444,27.005,06-07-2011,,,
-34.405833,19.600556,06-07-2011,,,
-27.495556,26.074722,06-07-2011,,,
-28.376944,24.303056,07-07-2011,,,
-34.065833,20.404167,27-10-2015,36673.0,37027.0,40562.0
-27.573056,24.746389,08-07-2011,,,
-27.902778,24.615556,08-07-2011,,,
-28.460833,21.248889,08-07-2011,,,
-29.803611,30.516111,08-07-2011,,,
-28.96362,19.15486,09-07-2011,,,
-25.99136,27.84208,11-07-2011,,,
-26.45,28.085833,11-07-2011,,,
-26.98472222,26.63227778,11-07-2011,,,
-29.160278,26.573333,11-07-2011,,,
-23.281,30.54305556,12-07-2011,,,
-27.02314,28.59389,12-07-2011,,,
-26.648056,27.089444,12-07-2011,,,
-26.970278,27.211111,12-07-2011,,,
-26.880278,26.965,12-07-2011,,,
-27.044444,27.005,12-07-2011,,,
-29.160278,26.573333,12-07-2011,,,
-30.160091,27.40124,12-07-2011,,,
-28.883333,27.89,12-07-2011,,,
-34.039722,22.133333,12-07-2011,,,
-32.502778,19.535833,12-07-2011,,,
-31.5653,18.3306,12-07-2011,,,
-34.005833,22.351111,12-07-2011,,,
-25.45963889,28.26430556,12-07-2011,,,
-29.161667,23.696389,13-07-2011,,,
-25.81048333,27.90955222,13-07-2011,,,
-29.641944,30.6875,13-07-2011,,,
-22.769722,30.886944,13-07-2011,,,
-29.033333,23.983333,13-07-2011,,,
-34.02861,22.22222,13-07-2011,,,
-31.860278,18.6875,14-07-2011,,,
-27.602222,29.942778,14-07-2011,,,
-27.3,28.586944,14-07-2011,,,
-27.573056,24.746389,14-07-2011,,,
-29.033333,23.983333,14-07-2011,,,
-30.160091,27.40124,14-07-2011,,,
-30.336111,27.359444,14-07-2011,,,
-34.250556,20.9925,14-07-2011,,,
-25.362222,31.956667,15-07-2011,,,
-25.14944444,31.94055556,15-07-2011,,,
-29.658056,25.973333,15-07-2011,,,
-31.000833,26.353056,15-07-2011,,,
-30.534167,24.961944,15-07-2011,,,
-28.760833,17.730278,17-07-2011,,,
-26.861111,28.884722,18-07-2011,,,
-26.73806,27.59194,18-07-2011,,,
-28.69485,28.23487,18-07-2011,,,
-25.127778,27.628889,19-07-2011,,,
-25.20639,27.558,19-07-2011,,,
-24.69514,27.40906,19-07-2011,,,
-27.169444,29.233889,19-07-2011,,,
-33.38056,19.30167,19-07-2011,,,
-33.31388889,19.07472222,19-07-2011,,,
-27.495556,26.074722,19-07-2011,,,
-29.161667,23.696389,20-07-2011,,,
-27.01011111,26.69808333,20-07-2011,,,
-28.75,30.442778,20-07-2011,,,
-29.161667,30.629722,20-07-2011,,,
-30.534167,24.961944,20-07-2011,,,
-34.092222,21.295278,20-07-2011,,,
-33.13083,18.86278,20-07-2011,,,
-31.000833,26.353056,21-07-2011,,,
-33.7075,18.97444444,21-07-2011,,,
-25.99136,27.84208,25-07-2011,,,
-26.861111,28.884722,25-07-2011,,,
-26.006389,29.253889,26-07-2011,,,
-29.380556,30.2775,26-07-2011,,,
-26.648056,27.089444,26-07-2011,,,
-26.880278,26.965,26-07-2011,,,
-26.98472222,26.63227778,26-07-2011,,,
-28.141944,26.417778,26-07-2011,,,
-27.044444,27.005,26-07-2011,,,
-33.501667,21.624167,26-07-2011,,,
-25.45963889,28.26430556,26-07-2011,,,
-29.161667,23.696389,27-07-2011,,,
-25.81048333,27.90955222,27-07-2011,,,
-34.065833,20.404167,27-07-2011,,,
-23.23572222,27.717,27-07-2011,,,
-27.4275,28.525833,27-07-2011,,,
-27.935,26.126667,27-07-2011,,,
-29.033333,23.983333,27-07-2011,,,
-34.075556,20.145556,27-07-2011,,,
-22.91028,29.61111,28-07-2011,,,
-24.925278,29.324444,28-07-2011,,,
-26.905,32.324722,28-07-2011,,,
-27.38972222,26.46388889,28-07-2011,,,
-27.398611,26.614722,28-07-2011,,,
-27.671111,27.236944,28-07-2011,,,
-28.404444,30.013056,29-07-2011,,,
-28.058889,30.373611,29-07-2011,,,
-28.760833,17.730278,31-07-2011,,,
-29.7775,29.470833,01-08-2011,,,
-29.987778,29.851667,01-08-2011,,,
-29.744167,29.905833,01-08-2011,,,
-27.169444,29.233889,01-08-2011,,,
-26.45,28.085833,01-08-2011,,,
-27.4,26.624722,01-08-2011,,,
-25.127778,27.628889,02-08-2011,,,
-25.20639,27.558,02-08-2011,,,
-24.69514,27.40906,02-08-2011,,,
-30.733889,29.828333,02-08-2011,,,
-27.802778,28.768333,02-08-2011,,,
-30.160091,27.40124,02-08-2011,,,
-30.336111,27.359444,02-08-2011,,,
-34.405833,19.600556,02-08-2011,,,
-27.01011111,26.69808333,03-08-2011,,,
-30.830556,26.921389,03-08-2011,,,
-30.398056,30.601944,03-08-2011,,,
-27.00222,28.76528,03-08-2011,,,
-27.02314,28.59389,03-08-2011,,,
-26.970278,27.211111,03-08-2011,,,
-27.4275,28.525833,03-08-2011,,,
-27.3,28.586944,03-08-2011,,,
-27.398611,26.614722,03-08-2011,,,
-30.679722,26.7125,03-08-2011,,,
-27.495556,26.074722,03-08-2011,,,
-29.803611,30.516111,05-08-2011,,,
-26.73806,27.59194,07-08-2011,,,
-25.99136,27.84208,08-08-2011,,,
-26.861111,28.884722,08-08-2011,,,
-26.45,28.085833,08-08-2011,,,
-29.160278,26.573333,08-08-2011,,,
-27.01011111,26.69808333,09-08-2011,,,
-27.00222,28.76528,09-08-2011,,,
-26.880278,26.965,09-08-2011,,,
-26.98472222,26.63227778,09-08-2011,,,
-28.69485,28.23487,09-08-2011,,,
-29.615556,27.065278,09-08-2011,,,
-28.883333,27.89,09-08-2011,,,
-25.45963889,28.26430556,09-08-2011,,,
-29.161667,23.696389,10-08-2011,,,
-25.81048333,27.90955222,10-08-2011,,,
-29.641944,30.6875,10-08-2011,,,
-27.602222,29.942778,10-08-2011,,,
-31.554722,29.245556,10-08-2011,,,
-34.039722,22.133333,10-08-2011,,,
-32.502778,19.535833,10-08-2011,,,
-31.5653,18.3306,10-08-2011,,,
-31.860278,18.6875,11-08-2011,,,
-30.830556,26.921389,11-08-2011,,,
-22.43772222,31.07805556,11-08-2011,,,
-28.735556,29.820556,11-08-2011,,,
-31.000833,26.353056,11-08-2011,,,
-30.679722,26.7125,11-08-2011,,,
-30.160091,27.40124,11-08-2011,,,
-30.336111,27.359444,11-08-2011,,,
-30.568333,29.422778,11-08-2011,,,
-30.570833,29.150556,11-08-2011,,,
-31.104278,29.399722,11-08-2011,,,
-34.250556,20.9925,11-08-2011,,,
-27.573056,24.746389,12-08-2011,,,
-29.658056,25.973333,12-08-2011,,,
-30.534167,24.961944,12-08-2011,,,
-28.460833,21.248889,12-08-2011,,,
-30.86013889,29.07125,12-08-2011,,,
-30.77586667,29.03221667,12-08-2011,,,
-23.838611,31.640833,13-08-2011,,,
-28.760833,17.730278,14-08-2011,,,
-26.970278,27.211111,15-08-2011,,,
-26.73806,27.59194,15-08-2011,,,
-27.044444,27.005,15-08-2011,,,
-24.679167,30.8025,16-08-2011,,,
-25.127778,27.628889,16-08-2011,,,
-25.20639,27.558,16-08-2011,,,
-24.69514,27.40906,16-08-2011,,,
-27.169444,29.233889,16-08-2011,,,
-26.648056,27.089444,16-08-2011,,,
-29.160278,26.573333,16-08-2011,,,
-33.38056,19.30167,16-08-2011,,,
-33.31388889,19.07472222,16-08-2011,,,
-27.495556,26.074722,16-08-2011,,,
-29.161667,23.696389,17-08-2011,,,
-22.769722,30.886944,17-08-2011,,,
-24.058889,31.237222,17-08-2011,,,
-28.75,30.442778,17-08-2011,,,
-29.161667,30.629722,17-08-2011,,,
-27.802778,28.768333,17-08-2011,,,
-29.033333,23.983333,17-08-2011,,,
-33.980556,21.653333,06-04-2011,,,
-33.980556,21.653333,17-08-2011,,,
-33.980556,21.653333,27-09-2011,,,
-33.980556,21.653333,25-10-2011,,,
-33.980556,21.653333,29-11-2011,,,
-33.980556,21.653333,15-02-2012,,,
-33.980556,21.653333,18-04-2012,,,
-33.980556,21.653333,16-05-2012,,,
-33.980556,21.653333,12-06-2012,,,
-33.980556,21.653333,05-07-2012,,,
-33.980556,21.653333,07-08-2012,,,
-33.980556,21.653333,05-09-2012,,,
-33.980556,21.653333,03-10-2012,,,
-33.980556,21.653333,06-11-2012,,,
-33.980556,21.653333,03-12-2012,,,
-33.980556,21.653333,29-01-2013,,,
-33.980556,21.653333,28-02-2013,,,
-33.980556,21.653333,10-03-2013,,,
-33.980556,21.653333,19-03-2013,9691.0,8360.5,45738.5
-33.980556,21.653333,15-05-2013,,,
-33.980556,21.653333,12-06-2013,,,
-33.980556,21.653333,18-07-2013,10018.0,8558.0,40841.5
-33.980556,21.653333,14-08-2013,10018.0,8558.0,40841.5
-33.980556,21.653333,11-09-2013,,,
-33.980556,21.653333,08-10-2013,,,
-34.092222,21.295278,17-08-2011,,,
-33.980556,21.653333,05-12-2013,22128.5,20975.5,36814.0
-33.980556,21.653333,07-01-2014,12222.0,9460.0,46744.0
-33.980556,21.653333,18-02-2014,10967.0,8889.0,45812.0
-33.980556,21.653333,11-03-2014,,,
-33.980556,21.653333,10-04-2014,10521.0,8753.5,44701.0
-33.980556,21.653333,13-05-2014,7937.5,7593.5,41963.0
-33.980556,21.653333,10-06-2014,10074.0,8185.0,39930.0
-33.980556,21.653333,08-07-2014,10074.0,8185.0,39930.0
-33.980556,21.653333,21-08-2014,10984.0,8912.0,42622.5
-33.980556,21.653333,11-09-2014,10996.0,8919.5,43312.0
-33.980556,21.653333,14-10-2014,10324.0,8424.0,43801.0
-33.980556,21.653333,11-11-2014,10157.0,8877.5,45215.5
-33.980556,21.653333,02-12-2014,10544.5,8680.5,45586.0
-33.980556,21.653333,15-01-2015,10696.0,8730.5,47520.5
-33.980556,21.653333,17-02-2015,,,
-33.980556,21.653333,10-03-2015,10254.0,8653.5,43484.0
-33.980556,21.653333,14-04-2015,10263.5,8542.0,43482.0
-33.980556,21.653333,19-05-2015,,,
-33.980556,21.653333,18-08-2015,11160.5,9148.0,41010.0
-33.980556,21.653333,15-09-2015,9854.0,8284.0,42396.0
-33.980556,21.653333,20-10-2015,9920.0,8387.5,43751.0
-33.980556,21.653333,17-11-2015,,,
-33.980556,21.653333,09-12-2015,10419.5,8766.0,47532.5
-24.183889,30.823889,18-08-2011,,,
-23.281,30.54305556,18-08-2011,,,
-27.671111,27.236944,18-08-2011,,,
-27.902778,24.615556,18-08-2011,,,
-28.376944,24.303056,18-08-2011,,,
-29.658056,25.973333,18-08-2011,,,
-30.534167,24.961944,18-08-2011,,,
-22.225556,29.990556,22-08-2011,,,
-24.282222,28.090278,22-08-2011,,,
-25.99136,27.84208,22-08-2011,,,
-29.380556,30.2775,22-08-2011,,,
-26.861111,28.884722,22-08-2011,,,
-26.45,28.085833,22-08-2011,,,
-30.830556,26.921389,23-08-2011,,,
-25.73411,27.21422,23-08-2011,,,
-29.380556,30.2775,23-08-2011,,,
-28.141944,26.417778,23-08-2011,,,
-30.679722,26.7125,23-08-2011,,,
-33.501667,21.624167,23-08-2011,,,
-25.57877778,29.12747222,23-08-2011,,,
-29.161667,23.696389,24-08-2011,,,
-34.065833,20.404167,24-08-2011,,,
-23.23572222,27.717,24-08-2011,,,
-28.404444,30.013056,24-08-2011,,,
-27.38972222,26.46388889,24-08-2011,,,
-27.398611,26.614722,24-08-2011,,,
-27.044444,27.005,24-08-2011,,,
-29.033333,23.983333,24-08-2011,,,
-33.818056,19.694722,24-08-2011,,,
-34.075556,20.145556,24-08-2011,,,
-28.058889,30.373611,24-08-2011,,,
-27.4,26.624722,24-08-2011,,,
-27.01011111,26.69808333,25-08-2011,,,
-22.225556,29.990556,25-08-2011,,,
-22.91028,29.61111,25-08-2011,,,
-24.925278,29.324444,25-08-2011,,,
-30.398056,30.601944,25-08-2011,,,
-30.27402,30.69602,25-08-2011,,,
-26.648056,27.089444,25-08-2011,,,
-26.970278,27.211111,25-08-2011,,,
-26.880278,26.965,25-08-2011,,,
-27.38972222,26.46388889,25-08-2011,,,
-23.763056,27.908611,25-07-2014,,,
-23.763056,27.908611,13-08-2014,,,
-26.98472222,26.63227778,25-08-2011,,,
-29.028629,24.638389,25-08-2011,,,
-23.763056,27.908611,22-12-2014,10964.0,8782.5,45781.5
-33.897778,20.012778,25-08-2011,,,
-29.641944,30.6875,26-08-2011,,,
-27.937778,31.209444,26-08-2011,,,
-27.671111,27.236944,26-08-2011,,,
-27.573056,24.746389,26-08-2011,,,
-23.763056,27.908611,19-08-2015,10085.5,8418.0,44664.5
-23.763056,27.908611,09-09-2015,,,
-28.460833,21.248889,26-08-2011,,,
-28.760833,17.730278,28-08-2011,,,
-27.169444,29.233889,29-08-2011,,,
-26.73806,27.59194,29-08-2011,,,
-25.127778,27.628889,30-08-2011,,,
-25.20639,27.558,30-08-2011,,,
-24.69514,27.40906,30-08-2011,,,
-27.00222,28.76528,30-08-2011,,,
-34.405833,19.600556,30-08-2011,,,
-27.495556,26.074722,30-08-2011,,,
-29.161667,23.696389,31-08-2011,,,
-34.329722,18.990278,31-08-2011,,,
-25.447222,30.711667,31-08-2011,,,
-29.161667,23.696389,01-09-2011,,,
-27.902778,24.615556,02-09-2011,,,
-25.99136,27.84208,05-09-2011,,,
-26.861111,28.884722,05-09-2011,,,
-26.45,28.085833,05-09-2011,,,
-29.160278,26.573333,05-09-2011,,,
-28.768056,20.720556,05-09-2011,,,
-25.73411,27.21422,06-09-2011,,,
-29.380556,30.2775,06-09-2011,,,
-27.398611,26.614722,06-09-2011,,,
-27.671111,27.236944,06-09-2011,,,
-28.69485,28.23487,06-09-2011,,,
-29.615556,27.065278,06-09-2011,,,
-28.883333,27.89,06-09-2011,,,
-31.104278,29.399722,06-09-2011,,,
-31.396,29.2651,06-09-2011,,,
-31.554722,29.245556,06-09-2011,,,
-34.039722,22.133333,06-09-2011,,,
-25.81048333,27.90955222,07-09-2011,,,
-29.641944,30.6875,07-09-2011,,,
-31.860278,18.6875,07-09-2011,,,
-27.602222,29.942778,07-09-2011,,,
-27.02314,28.59389,07-09-2011,,,
-27.4275,28.525833,07-09-2011,,,
-27.3,28.586944,07-09-2011,,,
-27.044444,27.005,07-09-2011,,,
-29.033333,23.983333,07-09-2011,,,
-30.160091,27.40124,07-09-2011,,,
-30.336111,27.359444,07-09-2011,,,
-30.568333,29.422778,07-09-2011,,,
-30.86013889,29.07125,07-09-2011,,,
-30.77586667,29.03221667,07-09-2011,,,
-34.02861,22.22222,07-09-2011,,,
-30.830556,26.921389,08-09-2011,,,
-30.398056,30.601944,08-09-2011,,,
-30.27402,30.69602,08-09-2011,,,
-29.033333,23.983333,08-09-2011,,,
-30.679722,26.7125,08-09-2011,,,
-31.031389,28.883333,08-09-2011,,,
-34.031944,22.053333,08-09-2011,,,
-29.658056,25.973333,09-09-2011,,,
-31.000833,26.353056,09-09-2011,,,
-28.760833,17.730278,10-09-2011,,,
-26.970278,27.211111,12-09-2011,,,
-27.01011111,26.69808333,13-09-2011,,,
-24.679167,30.8025,13-09-2011,,,
-24.183889,30.823889,13-09-2011,,,
-25.127778,27.628889,13-09-2011,,,
-25.20639,27.558,13-09-2011,,,
-24.69514,27.40906,13-09-2011,,,
-24.925278,29.324444,13-09-2011,,,
-29.161667,30.629722,13-09-2011,,,
-26.648056,27.089444,13-09-2011,,,
-26.880278,26.965,13-09-2011,,,
-27.802778,28.768333,13-09-2011,,,
-26.98472222,26.63227778,13-09-2011,,,
-29.033333,23.983333,13-09-2011,,,
-30.679722,26.7125,13-09-2011,,,
-31.396,29.2651,13-09-2011,,,
-33.38056,19.30167,13-09-2011,,,
-33.31388889,19.07472222,13-09-2011,,,
-27.495556,26.074722,13-09-2011,,,
-24.058889,31.237222,14-09-2011,,,
-28.75,30.442778,14-09-2011,,,
-29.380556,30.2775,14-09-2011,,,
-26.73806,27.59194,14-09-2011,,,
-27.4275,28.525833,14-09-2011,,,
-27.3,28.586944,14-09-2011,,,
-29.042222,24.6,14-09-2011,,,
-29.028629,24.638389,14-09-2011,,,
-30.160091,27.40124,14-09-2011,,,
-34.250556,20.9925,14-09-2011,,,
-33.7075,18.97444444,14-09-2011,,,
-29.161667,23.696389,15-09-2011,,,
-30.398056,30.601944,15-09-2011,,,
-27.169444,29.233889,15-09-2011,,,
-27.00222,28.76528,15-09-2011,,,
-27.902778,24.615556,16-09-2011,,,
-28.460833,21.248889,16-09-2011,,,
-30.27402,30.69602,19-09-2011,,,
-26.861111,28.884722,19-09-2011,,,
-26.970278,27.211111,19-09-2011,,,
-27.01011111,26.69808333,20-09-2011,,,
-24.058889,31.237222,20-09-2011,,,
-27.937778,31.209444,20-09-2011,,,
-29.380556,30.2775,20-09-2011,,,
-27.00222,28.76528,20-09-2011,,,
-26.648056,27.089444,20-09-2011,,,
-26.880278,26.965,20-09-2011,,,
-26.98472222,26.63227778,20-09-2011,,,
-33.501667,21.624167,20-09-2011,,,
-28.058889,30.373611,20-09-2011,,,
-25.57877778,29.12747222,20-09-2011,,,
-29.161667,23.696389,21-09-2011,,,
-25.81048333,27.90955222,21-09-2011,,,
-34.065833,20.404167,21-09-2011,,,
-27.5275,30.858056,21-09-2011,,,
-28.404444,30.013056,21-09-2011,,,
-28.141944,26.417778,21-09-2011,,,
-29.033333,23.983333,21-09-2011,,,
-33.818056,19.694722,21-09-2011,,,
-34.075556,20.145556,21-09-2011,,,
-29.161667,23.696389,22-09-2011,,,
-27.38972222,26.46388889,22-09-2011,,,
-27.398611,26.614722,22-09-2011,,,
-33.897778,20.012778,22-09-2011,,,
-29.641944,30.6875,23-09-2011,,,
-28.760833,17.730278,24-09-2011,,,
-29.641944,30.6875,24-09-2011,,,
-25.513889,31.224444,26-09-2011,,,
-29.7775,29.470833,26-09-2011,,,
-29.987778,29.851667,26-09-2011,,,
-29.744167,29.905833,26-09-2011,,,
-27.169444,29.233889,26-09-2011,,,
-26.73806,27.59194,26-09-2011,,,
-26.45,28.085833,26-09-2011,,,
-31.396,29.2651,26-09-2011,,,
-31.554722,29.245556,26-09-2011,,,
-24.282222,28.090278,27-09-2011,,,
-25.127778,27.628889,27-09-2011,,,
-25.20639,27.558,27-09-2011,,,
-23.281,30.54305556,27-09-2011,,,
-28.747778,31.745833,27-09-2011,,,
-30.733889,29.828333,27-09-2011,,,
-27.273889,28.49,27-09-2011,,,
-27.3,28.586944,27-09-2011,,,
-30.568333,29.422778,27-09-2011,,,
-31.104278,29.399722,27-09-2011,,,
-34.092222,21.295278,27-09-2011,,,
-34.405833,19.600556,27-09-2011,,,
-29.161667,23.696389,28-09-2011,,,
-22.935,28.004167,28-09-2011,,,
-23.763056,27.908611,28-09-2011,,,
-24.768889,31.39,28-09-2011,,,
-28.801278,31.955389,28-09-2011,,,
-30.27402,30.69602,28-09-2011,,,
-27.802778,28.768333,28-09-2011,,,
-27.398611,26.614722,28-09-2011,,,
-31.031389,28.883333,28-09-2011,,,
-30.86013889,29.07125,28-09-2011,,,
-30.77586667,29.03221667,28-09-2011,,,
-27.495556,26.074722,28-09-2011,,,
-24.99328,30.81444,29-09-2011,,,
-30.13573889,30.67422222,29-09-2011,,,
-27.573056,24.746389,30-09-2011,,,
-27.902778,24.615556,30-09-2011,,,
-29.803611,30.516111,30-09-2011,,,
-26.861111,28.884722,03-10-2011,,,
-29.160278,26.573333,03-10-2011,,,
-26.03611,30.99778,04-10-2011,,,
-27.398611,26.614722,04-10-2011,,,
-27.671111,27.236944,04-10-2011,,,
-30.160091,27.40124,04-10-2011,,,
-30.336111,27.359444,04-10-2011,,,
-28.69485,28.23487,04-10-2011,,,
-28.883333,27.89,04-10-2011,,,
-31.5653,18.3306,04-10-2011,,,
-25.45963889,28.26430556,04-10-2011,,,
-28.338333,31.373611,04-10-2011,,,
-28.068333,31.55,04-10-2011,,,
-27.4,26.624722,04-10-2011,,,
-29.161667,23.696389,05-10-2011,,,
-25.81048333,27.90955222,05-10-2011,,,
-29.641944,30.6875,05-10-2011,,,
-31.860278,18.6875,05-10-2011,,,
-27.00222,28.76528,05-10-2011,,,
-27.02314,28.59389,05-10-2011,,,
-27.273889,28.49,05-10-2011,,,
-27.4275,28.525833,05-10-2011,,,
-27.3,28.586944,05-10-2011,,,
-30.830556,26.921389,06-10-2011,,,
-30.679722,26.7125,06-10-2011,,,
-30.160091,27.40124,06-10-2011,,,
-30.336111,27.359444,06-10-2011,,,
-31.000833,26.353056,07-10-2011,,,
-28.460833,21.248889,07-10-2011,,,
-28.760833,17.730278,08-10-2011,,,
-27.602222,29.942778,08-10-2011,,,
-27.169444,29.233889,10-10-2011,,,
-27.01011111,26.69808333,11-10-2011,,,
-24.183889,30.823889,11-10-2011,,,
-25.127778,27.628889,11-10-2011,,,
-25.20639,27.558,11-10-2011,,,
-24.69514,27.40906,11-10-2011,,,
-25.73411,27.21422,11-10-2011,,,
-27.363611,31.783333,11-10-2011,,,
-26.648056,27.089444,11-10-2011,,,
-26.970278,27.211111,11-10-2011,,,
-26.880278,26.965,11-10-2011,,,
-26.98472222,26.63227778,11-10-2011,,,
-27.573056,24.746389,11-10-2011,,,
-29.028629,24.638389,11-10-2011,,,
-30.160091,27.40124,11-10-2011,,,
-33.31388889,19.07472222,11-10-2011,,,
-29.161667,23.696389,12-10-2011,,,
-24.058889,31.237222,12-10-2011,,,
-26.905,32.324722,12-10-2011,,,
-26.73806,27.59194,12-10-2011,,,
-31.000833,26.353056,12-10-2011,,,
-30.679722,26.7125,12-10-2011,,,
-33.7075,18.97444444,12-10-2011,,,
-24.679167,30.8025,13-10-2011,,,
-34.250556,20.9925,13-10-2011,,,
-34.031944,22.053333,13-10-2011,,,
-34.039722,22.133333,13-10-2011,,,
-34.02861,22.22222,14-10-2011,,,
-27.01011111,26.69808333,17-10-2011,,,
-25.99136,27.84208,17-10-2011,,,
-26.861111,28.884722,17-10-2011,,,
-26.73806,27.59194,17-10-2011,,,
-26.98472222,26.63227778,17-10-2011,,,
-29.042222,24.6,17-10-2011,,,
-29.380556,30.2775,18-10-2011,,,
-27.00222,28.76528,18-10-2011,,,
-26.648056,27.089444,18-10-2011,,,
-26.970278,27.211111,18-10-2011,,,
-26.880278,26.965,18-10-2011,,,
-28.141944,26.417778,18-10-2011,,,
-31.436944,20.474722,18-10-2011,,,
-33.501667,21.624167,18-10-2011,,,
-33.818056,19.694722,18-10-2011,,,
-25.45963889,28.26430556,18-10-2011,,,
-28.7115,24.07288889,19-10-2011,,,
-25.81048333,27.90955222,19-10-2011,,,
-26.006389,29.253889,19-10-2011,,,
-29.1825,23.575556,19-10-2011,,,
-34.075556,20.145556,19-10-2011,,,
-27.5275,30.858056,20-10-2011,,,
-28.404444,30.013056,20-10-2011,,,
-27.38972222,26.46388889,20-10-2011,,,
-29.028629,24.638389,20-10-2011,,,
-28.058889,30.373611,20-10-2011,,,
-25.57877778,29.12747222,20-10-2011,,,
-27.937778,31.209444,21-10-2011,,,
-28.760833,17.730278,22-10-2011,,,
-24.058889,31.237222,24-10-2011,,,
-29.7775,29.470833,24-10-2011,,,
-29.987778,29.851667,24-10-2011,,,
-29.744167,29.905833,24-10-2011,,,
-27.169444,29.233889,24-10-2011,,,
-26.73806,27.59194,24-10-2011,,,
-26.45,28.085833,24-10-2011,,,
-34.065833,20.404167,25-10-2011,,,
-25.127778,27.628889,25-10-2011,,,
-25.20639,27.558,25-10-2011,,,
-24.69514,27.40906,25-10-2011,,,
-25.73411,27.21422,25-10-2011,,,
-22.769722,30.886944,25-10-2011,,,
-28.747778,31.745833,25-10-2011,,,
-30.733889,29.828333,25-10-2011,,,
-31.104278,29.399722,25-10-2011,,,
-30.77586667,29.03221667,25-10-2011,,,
-31.396,29.2651,25-10-2011,,,
-31.554722,29.245556,25-10-2011,,,
-34.092222,21.295278,25-10-2011,,,
-27.495556,26.074722,25-10-2011,,,
-30.398056,30.601944,26-10-2011,,,
-30.27402,30.69602,26-10-2011,,,
-30.568333,29.422778,26-10-2011,,,
-30.86013889,29.07125,26-10-2011,,,
-30.570833,29.150556,26-10-2011,,,
-33.897778,20.012778,26-10-2011,,,
-25.447222,30.711667,26-10-2011,,,
-30.13573889,30.67422222,27-10-2011,,,
-31.031389,28.883333,27-10-2011,,,
-34.405833,19.600556,27-10-2011,,,
-27.398611,26.614722,28-10-2011,,,
-27.902778,24.615556,28-10-2011,,,
-29.803611,30.516111,28-10-2011,,,
-25.99136,27.84208,31-10-2011,,,
-26.861111,28.884722,31-10-2011,,,
-26.45,28.085833,31-10-2011,,,
-32.502778,19.535833,31-10-2011,,,
-31.860278,18.6875,01-11-2011,,,
-28.735556,29.820556,01-11-2011,,,
-27.00222,28.76528,01-11-2011,,,
-26.880278,26.965,01-11-2011,,,
-27.38972222,26.46388889,01-11-2011,,,
-29.160278,26.573333,01-11-2011,,,
-30.679722,26.7125,01-11-2011,,,
-25.45963889,28.26430556,01-11-2011,,,
-28.338333,31.373611,01-11-2011,,,
-25.81048333,27.90955222,02-11-2011,,,
-29.641944,30.6875,02-11-2011,,,
-28.69485,28.23487,02-11-2011,,,
-29.615556,27.065278,02-11-2011,,,
-29.161667,23.696389,03-11-2011,,,
-28.44555556,32.325,03-11-2011,,,
-27.602222,29.942778,03-11-2011,,,
-30.160091,27.40124,03-11-2011,,,
-30.336111,27.359444,03-11-2011,,,
-28.883333,27.89,03-11-2011,,,
-29.1825,23.575556,03-11-2011,,,
-32.595833,19.009444,03-11-2011,,,
-28.7115,24.07288889,04-11-2011,,,
-30.830556,26.921389,04-11-2011,,,
-27.573056,24.746389,04-11-2011,,,
-30.679722,26.7125,04-11-2011,,,
-28.69485,28.23487,04-11-2011,,,
-28.760833,17.730278,05-11-2011,,,
-29.658056,25.973333,05-11-2011,,,
-31.000833,26.353056,05-11-2011,,,
-27.169444,29.233889,07-11-2011,,,
-26.73806,27.59194,07-11-2011,,,
-27.01011111,26.69808333,08-11-2011,,,
-24.679167,30.8025,08-11-2011,,,
-24.183889,30.823889,08-11-2011,,,
-25.127778,27.628889,08-11-2011,,,
-25.20639,27.558,08-11-2011,,,
-24.69514,27.40906,08-11-2011,,,
-27.363611,31.783333,08-11-2011,,,
-29.380556,30.2775,08-11-2011,,,
-26.98472222,26.63227778,08-11-2011,,,
-27.398611,26.614722,08-11-2011,,,
-27.671111,27.236944,08-11-2011,,,
-27.495556,26.074722,08-11-2011,,,
-24.058889,31.237222,09-11-2011,,,
-27.02314,28.59389,09-11-2011,,,
-26.648056,27.089444,09-11-2011,,,
-27.273889,28.49,09-11-2011,,,
-27.4275,28.525833,09-11-2011,,,
-27.3,28.586944,09-11-2011,,,
-29.161667,30.629722,10-11-2011,,,
-33.38056,19.30167,10-11-2011,,,
-33.31388889,19.07472222,10-11-2011,,,
-33.13083,18.86278,10-11-2011,,,
-33.7075,18.97444444,10-11-2011,,,
-28.75,30.442778,11-11-2011,,,
-30.733889,29.828333,11-11-2011,,,
-27.5275,30.858056,12-11-2011,,,
-24.670833,28.560833,14-11-2011,,,
-25.99136,27.84208,14-11-2011,,,
-24.925278,29.324444,14-11-2011,,,
-24.282222,28.090278,15-11-2011,,,
-29.380556,30.2775,15-11-2011,,,
-27.00222,28.76528,15-11-2011,,,
-26.648056,27.089444,15-11-2011,,,
-34.031944,22.053333,15-11-2011,,,
-34.039722,22.133333,15-11-2011,,,
-25.45963889,28.26430556,15-11-2011,,,
-29.161667,23.696389,16-11-2011,,,
-25.81048333,27.90955222,16-11-2011,,,
-22.935,28.004167,16-11-2011,,,
-34.065833,20.404167,16-11-2011,,,
-27.937778,31.209444,16-11-2011,,,
-28.404444,30.013056,16-11-2011,,,
-28.141944,26.417778,16-11-2011,,,
-30.160091,27.40124,16-11-2011,,,
-34.02861,22.22222,16-11-2011,,,
-33.818056,19.694722,16-11-2011,,,
-34.075556,20.145556,16-11-2011,,,
-34.005833,22.351111,16-11-2011,,,
-28.058889,30.373611,16-11-2011,,,
-22.91028,29.61111,17-11-2011,,,
-27.38972222,26.46388889,17-11-2011,,,
-27.398611,26.614722,17-11-2011,,,
-27.671111,27.236944,17-11-2011,,,
-33.897778,20.012778,17-11-2011,,,
-27.902778,24.615556,18-11-2011,,,
-28.760833,17.730278,19-11-2011,,,
-29.161667,23.696389,21-11-2011,,,
-27.01011111,26.69808333,21-11-2011,,,
-29.7775,29.470833,21-11-2011,,,
-29.744167,29.905833,21-11-2011,,,
-26.861111,28.884722,21-11-2011,,,
-26.45,28.085833,21-11-2011,,,
-26.98472222,26.63227778,21-11-2011,,,
-31.554722,29.245556,21-11-2011,,,
-25.127778,27.628889,22-11-2011,,,
-25.20639,27.558,22-11-2011,,,
-24.69514,27.40906,22-11-2011,,,
-29.987778,29.851667,22-11-2011,,,
-27.169444,29.233889,22-11-2011,,,
-26.970278,27.211111,22-11-2011,,,
-26.880278,26.965,22-11-2011,,,
-31.394444,20.947222,22-11-2011,,,
-29.651389,22.746389,22-11-2011,,,
-27.495556,26.074722,22-11-2011,,,
-23.658056,31.05,23-11-2011,,,
-28.747778,31.745833,23-11-2011,,,
-28.801278,31.955389,23-11-2011,,,
-30.398056,30.601944,23-11-2011,,,
-30.27402,30.69602,23-11-2011,,,
-28.69485,28.23487,23-11-2011,,,
-30.568333,29.422778,23-11-2011,,,
-30.13573889,30.67422222,24-11-2011,,,
-27.573056,24.746389,24-11-2011,,,
-31.031389,28.883333,24-11-2011,,,
-30.86013889,29.07125,24-11-2011,,,
-30.77586667,29.03221667,24-11-2011,,,
-27.902778,24.615556,25-11-2011,,,
-29.803611,30.516111,25-11-2011,,,
-25.99136,27.84208,28-11-2011,,,
-30.398056,30.601944,28-11-2011,,,
-30.27402,30.69602,28-11-2011,,,
-27.169444,29.233889,28-11-2011,,,
-26.861111,28.884722,28-11-2011,,,
-26.73806,27.59194,28-11-2011,,,
-29.160278,26.573333,28-11-2011,,,
-28.735556,29.820556,29-11-2011,,,
-30.679722,26.7125,29-11-2011,,,
-28.69485,28.23487,29-11-2011,,,
-29.615556,27.065278,29-11-2011,,,
-28.883333,27.89,29-11-2011,,,
-25.45963889,28.26430556,29-11-2011,,,
-25.81048333,27.90955222,30-11-2011,,,
-29.641944,30.6875,30-11-2011,,,
-27.602222,29.942778,30-11-2011,,,
-27.02314,28.59389,30-11-2011,,,
-27.273889,28.49,30-11-2011,,,
-27.4275,28.525833,30-11-2011,,,
-27.3,28.586944,30-11-2011,,,
-30.160091,27.40124,30-11-2011,,,
-30.336111,27.359444,30-11-2011,,,
-25.447222,30.711667,30-11-2011,,,
-30.830556,26.921389,01-12-2011,,,
-27.398611,26.614722,01-12-2011,,,
-31.000833,26.353056,01-12-2011,,,
-29.658056,25.973333,02-12-2011,,,
-28.760833,17.730278,03-12-2011,,,
-28.96362,19.15486,03-12-2011,,,
-24.679167,30.8025,06-12-2011,,,
-24.183889,30.823889,06-12-2011,,,
-25.127778,27.628889,06-12-2011,,,
-25.20639,27.558,06-12-2011,,,
-24.69514,27.40906,06-12-2011,,,
-24.39619444,27.08983333,09-04-2014,,,
-29.380556,30.2775,06-12-2011,,,
-27.671111,27.236944,06-12-2011,,,
-29.658056,25.973333,06-12-2011,,,
-33.501667,21.624167,06-12-2011,,,
-29.161667,23.696389,07-12-2011,,,
-27.01011111,26.69808333,07-12-2011,,,
-29.641944,30.6875,07-12-2011,,,
-24.282222,28.090278,07-12-2011,,,
-24.058889,31.237222,07-12-2011,,,
-26.45,28.085833,07-12-2011,,,
-26.98472222,26.63227778,07-12-2011,,,
-27.398611,26.614722,07-12-2011,,,
-28.69485,28.23487,07-12-2011,,,
-29.1825,23.575556,07-12-2011,,,
-27.4,26.624722,07-12-2011,,,
-27.00222,28.76528,08-12-2011,,,
-26.648056,27.089444,08-12-2011,,,
-26.970278,27.211111,08-12-2011,,,
-26.880278,26.965,08-12-2011,,,
-27.902778,24.615556,09-12-2011,,,
-28.768056,20.720556,09-12-2011,,,
-27.01011111,26.69808333,12-12-2011,,,
-25.99136,27.84208,12-12-2011,,,
-24.058889,31.237222,12-12-2011,,,
-29.380556,30.2775,12-12-2011,,,
-26.861111,28.884722,12-12-2011,,,
-26.73806,27.59194,12-12-2011,,,
-26.45,28.085833,12-12-2011,,,
-26.98472222,26.63227778,12-12-2011,,,
-24.925278,29.324444,13-12-2011,,,
-27.169444,29.233889,13-12-2011,,,
-26.648056,27.089444,13-12-2011,,,
-26.970278,27.211111,13-12-2011,,,
-26.880278,26.965,13-12-2011,,,
-29.615556,27.065278,13-12-2011,,,
-31.396,29.2651,13-12-2011,,,
-33.38056,19.30167,13-12-2011,,,
-33.31388889,19.07472222,13-12-2011,,,
-29.161667,23.696389,14-12-2011,,,
-25.81048333,27.90955222,14-12-2011,,,
-27.937778,31.209444,14-12-2011,,,
-28.141944,26.417778,14-12-2011,,,
-28.1175,26.719444,14-12-2011,,,
-30.568333,29.422778,14-12-2011,,,
-31.104278,29.399722,14-12-2011,,,
-28.058889,30.373611,14-12-2011,,,
-25.447222,30.711667,14-12-2011,,,
-27.5275,30.858056,15-12-2011,,,
-27.398611,26.614722,15-12-2011,,,
-27.671111,27.236944,15-12-2011,,,
-31.031389,28.883333,15-12-2011,,,
-30.86013889,29.07125,15-12-2011,,,
-32.502778,19.535833,19-12-2011,,,
-29.161667,23.696389,20-12-2011,,,
-29.160278,26.573333,20-12-2011,,,
-32.595833,19.009444,20-12-2011,,,
-33.13083,18.86278,20-12-2011,,,
-28.69485,28.23487,21-12-2011,,,
-28.883333,27.89,21-12-2011,,,
-29.1825,23.575556,21-12-2011,,,
-33.7075,18.97444444,21-12-2011,,,
-27.573056,24.746389,22-12-2011,,,
-30.160091,27.40124,22-12-2011,,,
-30.336111,27.359444,22-12-2011,,,
-30.830556,26.921389,23-12-2011,,,
-29.658056,25.973333,23-12-2011,,,
-31.000833,26.353056,23-12-2011,,,
-25.362222,31.956667,26-12-2011,,,
-25.14944444,31.94055556,26-12-2011,,,
-28.735556,29.820556,27-12-2011,,,
-29.641944,30.6875,28-12-2011,,,
-29.758889,30.935278,28-12-2011,,,
-27.602222,29.942778,29-12-2011,,,
-30.398056,30.601944,29-12-2011,,,
-30.27402,30.69602,29-12-2011,,,
-28.760833,17.730278,03-01-2012,,,
-25.99136,27.84208,03-01-2012,,,
-26.861111,28.884722,03-01-2012,,,
-26.73806,27.59194,03-01-2012,,,
-26.45,28.085833,03-01-2012,,,
-27.671111,27.236944,03-01-2012,,,
-27.01011111,26.69808333,04-01-2012,,,
-25.127778,27.628889,04-01-2012,,,
-25.20639,27.558,04-01-2012,,,
-24.69514,27.40906,04-01-2012,,,
-27.169444,29.233889,04-01-2012,,,
-26.880278,26.965,04-01-2012,,,
-26.98472222,26.63227778,04-01-2012,,,
-27.398611,26.614722,04-01-2012,,,
-25.45963889,28.26430556,04-01-2012,,,
-27.495556,26.074722,04-01-2012,,,
-27.4,26.624722,04-01-2012,,,
-25.81048333,27.90955222,05-01-2012,,,
-29.161667,30.629722,05-01-2012,,,
-27.00222,28.76528,05-01-2012,,,
-27.02314,28.59389,05-01-2012,,,
-26.648056,27.089444,05-01-2012,,,
-26.970278,27.211111,05-01-2012,,,
-27.273889,28.49,05-01-2012,,,
-27.4275,28.525833,05-01-2012,,,
-27.3,28.586944,05-01-2012,,,
-28.376944,24.303056,05-01-2012,,,
-29.744167,29.905833,06-01-2012,,,
-29.7775,29.470833,09-01-2012,,,
-29.987778,29.851667,09-01-2012,,,
-29.744167,29.905833,09-01-2012,,,
-26.970278,27.211111,09-01-2012,,,
-30.733889,29.828333,10-01-2012,,,
-26.880278,26.965,10-01-2012,,,
-26.98472222,26.63227778,10-01-2012,,,
-33.501667,21.624167,10-01-2012,,,
-30.27402,30.69602,11-01-2012,,,
-33.818056,19.694722,11-01-2012,,,
-30.13573889,30.67422222,12-01-2012,,,
-34.075556,20.145556,12-01-2012,,,
-29.803611,30.516111,13-01-2012,,,
-24.670833,28.560833,16-01-2012,,,
-26.73806,27.59194,16-01-2012,,,
-26.45,28.085833,16-01-2012,,,
-27.044444,27.005,16-01-2012,,,
-31.396,29.2651,16-01-2012,,,
-31.554722,29.245556,16-01-2012,,,
-25.73411,27.21422,29-03-2011,,,
-27.01011111,26.69808333,17-01-2012,,,
-25.81048333,27.90955222,17-01-2012,,,
-24.679167,30.8025,17-01-2012,,,
-24.183889,30.823889,17-01-2012,,,
-24.282222,28.090278,17-01-2012,,,
-25.99136,27.84208,17-01-2012,,,
-25.20639,27.558,17-01-2012,,,
-27.169444,29.233889,17-01-2012,,,
-27.00222,28.76528,17-01-2012,,,
-26.648056,27.089444,17-01-2012,,,
-26.880278,26.965,17-01-2012,,,
-25.73411,27.21422,12-02-2013,,,
-27.38972222,26.46388889,17-01-2012,,,
-29.042222,24.6,17-01-2012,,,
-30.679722,26.7125,17-01-2012,,,
-30.160091,27.40124,17-01-2012,,,
-31.104278,29.399722,17-01-2012,,,
-32.502778,19.535833,17-01-2012,,,
-29.161667,23.696389,18-01-2012,,,
-22.935,28.004167,18-01-2012,,,
-30.830556,26.921389,18-01-2012,,,
-23.23572222,27.717,18-01-2012,,,
-25.127778,27.628889,18-01-2012,,,
-24.69514,27.40906,18-01-2012,,,
-27.4275,28.525833,18-01-2012,,,
-25.73411,27.21422,11-02-2014,,,
-28.141944,26.417778,18-01-2012,,,
-25.73411,27.21422,13-03-2014,,,
-27.671111,27.236944,18-01-2012,,,
-25.73411,27.21422,04-06-2014,9806.0,8475.5,43451.5
-25.73411,27.21422,09-07-2014,,,
-30.336111,27.359444,18-01-2012,,,
-32.595833,19.009444,18-01-2012,,,
-25.73411,27.21422,02-09-2014,10893.5,8996.0,44621.5
-25.45963889,28.26430556,18-01-2012,,,
-27.356667,27.286389,18-01-2012,,,
-22.548889,28.898056,19-01-2012,,,
-22.91028,29.61111,19-01-2012,,,
-27.398611,26.614722,19-01-2012,,,
-30.679722,26.7125,19-01-2012,,,
-27.356667,27.286389,19-01-2012,,,
-23.658056,31.05,20-01-2012,,,
-30.27402,30.69602,20-01-2012,,,
-27.671111,27.236944,20-01-2012,,,
-27.573056,24.746389,20-01-2012,,,
-27.902778,24.615556,20-01-2012,,,
-28.760833,17.730278,22-01-2012,,,
-27.044444,27.005,23-01-2012,,,
-29.161667,23.696389,24-01-2012,,,
-27.01011111,26.69808333,24-01-2012,,,
-26.880278,26.965,24-01-2012,,,
-27.273889,28.49,24-01-2012,,,
-27.4275,28.525833,24-01-2012,,,
-25.73411,27.21422,24-06-2015,10205.5,8644.5,41879.5
-25.73411,27.21422,07-07-2015,10241.0,8679.0,42665.0
-27.3,28.586944,24-01-2012,,,
-31.031389,28.883333,24-01-2012,,,
-30.86013889,29.07125,24-01-2012,,,
-33.31388889,19.07472222,24-01-2012,,,
-25.45963889,28.26430556,24-01-2012,,,
-29.161667,23.696389,25-01-2012,,,
-29.042222,24.6,25-01-2012,,,
-29.028629,24.638389,25-01-2012,,,
-30.568333,29.422778,25-01-2012,,,
-33.38056,19.30167,25-01-2012,,,
-33.13083,18.86278,25-01-2012,,,
-29.758889,30.935278,26-01-2012,,,
-29.161667,30.629722,26-01-2012,,,
-34.031944,22.053333,26-01-2012,,,
-34.039722,22.133333,26-01-2012,,,
-34.02861,22.22222,26-01-2012,,,
-30.398056,30.601944,27-01-2012,,,
-30.27402,30.69602,27-01-2012,,,
-25.447222,30.711667,27-01-2012,,,
-29.641944,30.6875,28-01-2012,,,
-29.380556,30.2775,28-01-2012,,,
-25.127778,27.628889,30-01-2012,,,
-25.20639,27.558,30-01-2012,,,
-24.69514,27.40906,30-01-2012,,,
-27.169444,29.233889,30-01-2012,,,
-26.861111,28.884722,30-01-2012,,,
-26.970278,27.211111,30-01-2012,,,
-26.73806,27.59194,30-01-2012,,,
-26.45,28.085833,30-01-2012,,,
-27.00222,28.76528,31-01-2012,,,
-27.273889,28.49,31-01-2012,,,
-26.98472222,26.63227778,31-01-2012,,,
-29.160278,26.573333,31-01-2012,,,
-33.818056,19.694722,31-01-2012,,,
-27.3,28.586944,01-02-2012,,,
-28.69485,28.23487,01-02-2012,,,
-29.615556,27.065278,01-02-2012,,,
-28.883333,27.89,01-02-2012,,,
-34.075556,20.145556,01-02-2012,,,
-24.925278,29.324444,02-02-2012,,,
-30.336111,27.359444,02-02-2012,,,
-27.573056,24.746389,03-02-2012,,,
-27.902778,24.615556,03-02-2012,,,
-29.658056,25.973333,03-02-2012,,,
-31.000833,26.353056,03-02-2012,,,
-30.679722,26.7125,03-02-2012,,,
-28.760833,17.730278,05-02-2012,,,
-25.99136,27.84208,06-02-2012,,,
-29.987778,29.851667,06-02-2012,,,
-26.45,28.085833,06-02-2012,,,
-27.398611,26.614722,06-02-2012,,,
-27.671111,27.236944,06-02-2012,,,
-29.042222,24.6,06-02-2012,,,
-27.356667,27.286389,06-02-2012,,,
-27.01011111,26.69808333,07-02-2012,,,
-30.830556,26.921389,07-02-2012,,,
-30.733889,29.828333,07-02-2012,,,
-29.380556,30.2775,07-02-2012,,,
-26.98472222,26.63227778,07-02-2012,,,
-25.45963889,28.26430556,07-02-2012,,,
-25.57877778,29.12747222,07-02-2012,,,
-27.4,26.624722,07-02-2012,,,
-25.81048333,27.90955222,08-02-2012,,,
-27.937778,31.209444,08-02-2012,,,
-30.398056,30.601944,08-02-2012,,,
-30.27402,30.69602,08-02-2012,,,
-27.00222,28.76528,08-02-2012,,,
-27.02314,28.59389,08-02-2012,,,
-26.648056,27.089444,08-02-2012,,,
-26.970278,27.211111,08-02-2012,,,
-26.880278,26.965,08-02-2012,,,
-27.273889,28.49,08-02-2012,,,
-27.4275,28.525833,08-02-2012,,,
-27.3,28.586944,08-02-2012,,,
-27.044444,27.005,08-02-2012,,,
-29.028629,24.638389,08-02-2012,,,
-34.329722,18.990278,08-02-2012,,,
-27.5275,30.858056,09-02-2012,,,
-30.13573889,30.67422222,09-02-2012,,,
-29.803611,30.516111,10-02-2012,,,
-28.44555556,32.325,12-02-2012,,,
-29.161667,30.629722,12-02-2012,,,
-26.73806,27.59194,13-02-2012,,,
-31.396,29.2651,13-02-2012,,,
-31.554722,29.245556,13-02-2012,,,
-25.127778,27.628889,14-02-2012,,,
-25.20639,27.558,14-02-2012,,,
-27.169444,29.233889,14-02-2012,,,
-30.568333,29.422778,14-02-2012,,,
-30.570833,29.150556,14-02-2012,,,
-31.104278,29.399722,14-02-2012,,,
-32.595833,19.009444,14-02-2012,,,
-28.141944,26.417778,15-02-2012,,,
-28.1175,26.719444,15-02-2012,,,
-31.031389,28.883333,15-02-2012,,,
-30.86013889,29.07125,15-02-2012,,,
-30.77586667,29.03221667,15-02-2012,,,
-24.69514,27.40906,16-02-2012,,,
-27.398611,26.614722,16-02-2012,,,
-27.671111,27.236944,16-02-2012,,,
-28.376944,24.303056,16-02-2012,,,
-29.615556,27.065278,16-02-2012,,,
-27.356667,27.286389,16-02-2012,,,
-27.4,26.624722,16-02-2012,,,
-22.43772222,31.07805556,17-02-2012,,,
-27.902778,24.615556,17-02-2012,,,
-34.250556,20.9925,17-02-2012,,,
-28.760833,17.730278,19-02-2012,,,
-27.01011111,26.69808333,20-02-2012,,,
-26.45,28.085833,20-02-2012,,,
-26.98472222,26.63227778,20-02-2012,,,
-33.501667,21.624167,20-02-2012,,,
-33.31388889,19.07472222,20-02-2012,,,
-24.679167,30.8025,21-02-2012,,,
-30.830556,26.921389,21-02-2012,,,
-24.670833,28.560833,21-02-2012,,,
-28.735556,29.820556,21-02-2012,,,
-26.648056,27.089444,21-02-2012,,,
-26.970278,27.211111,21-02-2012,,,
-26.880278,26.965,21-02-2012,,,
-27.044444,27.005,21-02-2012,,,
-25.45963889,28.26430556,21-02-2012,,,
-28.068333,31.55,21-02-2012,,,
-29.161667,23.696389,22-02-2012,,,
-29.641944,30.6875,22-02-2012,,,
-27.38972222,26.46388889,22-02-2012,,,
-30.679722,26.7125,22-02-2012,,,
-29.1825,23.575556,22-02-2012,,,
-28.7115,24.07288889,23-02-2012,,,
-27.602222,29.942778,23-02-2012,,,
-28.75,30.442778,23-02-2012,,,
-29.380556,30.2775,23-02-2012,,,
-27.398611,26.614722,23-02-2012,,,
-29.758889,30.935278,24-02-2012,,,
-27.573056,24.746389,24-02-2012,,,
-34.031944,22.053333,24-02-2012,,,
-34.039722,22.133333,24-02-2012,,,
-30.398056,30.601944,25-02-2012,,,
-30.27402,30.69602,25-02-2012,,,
-27.169444,29.233889,27-02-2012,,,
-26.861111,28.884722,27-02-2012,,,
-26.73806,27.59194,27-02-2012,,,
-25.127778,27.628889,28-02-2012,,,
-25.20639,27.558,28-02-2012,,,
-24.69514,27.40906,28-02-2012,,,
-27.00222,28.76528,28-02-2012,,,
-33.818056,19.694722,28-02-2012,,,
-29.161667,23.696389,29-02-2012,,,
-22.769722,30.886944,29-02-2012,,,
-23.281,30.54305556,29-02-2012,,,
-26.905,32.324722,29-02-2012,,,
-28.69485,28.23487,29-02-2012,,,
-28.883333,27.89,29-02-2012,,,
-34.075556,20.145556,29-02-2012,,,
-24.925278,29.324444,01-03-2012,,,
-27.573056,24.746389,01-03-2012,,,
-30.160091,27.40124,01-03-2012,,,
-30.336111,27.359444,01-03-2012,,,
-29.615556,27.065278,01-03-2012,,,
-30.830556,26.921389,02-03-2012,,,
-23.658056,31.05,02-03-2012,,,
-27.902778,24.615556,02-03-2012,,,
-29.658056,25.973333,02-03-2012,,,
-29.028629,24.638389,02-03-2012,,,
-31.000833,26.353056,02-03-2012,,,
-30.679722,26.7125,02-03-2012,,,
-28.760833,17.730278,04-03-2012,,,
-25.99136,27.84208,05-03-2012,,,
-24.058889,31.237222,05-03-2012,,,
-29.987778,29.851667,05-03-2012,,,
-29.744167,29.905833,05-03-2012,,,
-26.861111,28.884722,05-03-2012,,,
-26.45,28.085833,05-03-2012,,,
-28.768056,20.720556,05-03-2012,,,
-30.733889,29.828333,06-03-2012,,,
-29.380556,30.2775,06-03-2012,,,
-27.398611,26.614722,06-03-2012,,,
-27.671111,27.236944,06-03-2012,,,
-29.042222,24.6,06-03-2012,,,
-30.336111,27.359444,06-03-2012,,,
-27.4,26.624722,06-03-2012,,,
-29.161667,23.696389,07-03-2012,,,
-24.925278,29.324444,18-10-2011,,,
-28.7115,24.07288889,07-03-2012,,,
-25.81048333,27.90955222,07-03-2012,,,
-27.937778,31.209444,07-03-2012,,,
-28.404444,30.013056,07-03-2012,,,
-30.398056,30.601944,07-03-2012,,,
-24.925278,29.324444,07-06-2012,,,
-24.925278,29.324444,09-08-2012,,,
-24.925278,29.324444,05-10-2012,,,
-30.27402,30.69602,07-03-2012,,,
-27.02314,28.59389,07-03-2012,,,
-27.273889,28.49,07-03-2012,,,
-24.925278,29.324444,02-07-2013,,,
-24.925278,29.324444,22-08-2013,10817.5,8976.0,45913.5
-24.925278,29.324444,16-09-2013,,,
-27.4275,28.525833,07-03-2012,,,
-24.925278,29.324444,20-01-2014,9362.5,8460.0,47336.5
-27.3,28.586944,07-03-2012,,,
-29.1825,23.575556,07-03-2012,,,
-24.925278,29.324444,10-06-2014,9928.0,8556.0,41910.0
-24.925278,29.324444,18-07-2014,,,
-34.329722,18.990278,07-03-2012,,,
-24.925278,29.324444,05-09-2014,11088.0,9016.0,45126.0
-28.058889,30.373611,07-03-2012,,,
-27.5275,30.858056,08-03-2012,,,
-27.38972222,26.46388889,08-03-2012,,,
-27.398611,26.614722,08-03-2012,,,
-30.679722,26.7125,08-03-2012,,,
-29.803611,30.516111,09-03-2012,,,
-27.01011111,26.69808333,12-03-2012,,,
-32.595833,19.009444,12-03-2012,,,
-25.127778,27.628889,13-03-2012,,,
-25.20639,27.558,13-03-2012,,,
-24.69514,27.40906,13-03-2012,,,
-28.747778,31.745833,13-03-2012,,,
-27.169444,29.233889,13-03-2012,,,
-27.00222,28.76528,13-03-2012,,,
-26.648056,27.089444,13-03-2012,,,
-26.970278,27.211111,13-03-2012,,,
-26.880278,26.965,13-03-2012,,,
-26.98472222,26.63227778,13-03-2012,,,
-31.104278,29.399722,13-03-2012,,,
-31.396,29.2651,13-03-2012,,,
-33.501667,21.624167,13-03-2012,,,
-29.161667,23.696389,14-03-2012,,,
-28.801278,31.955389,14-03-2012,,,
-28.141944,26.417778,14-03-2012,,,
-28.1175,26.719444,14-03-2012,,,
-29.033333,23.983333,14-03-2012,,,
-29.161667,30.629722,15-03-2012,,,
-27.398611,26.614722,15-03-2012,,,
-27.671111,27.236944,15-03-2012,,,
-27.902778,24.615556,15-03-2012,,,
-27.573056,24.746389,16-03-2012,,,
-31.031389,28.883333,16-03-2012,,,
-30.86013889,29.07125,16-03-2012,,,
-30.77586667,29.03221667,16-03-2012,,,
-28.760833,17.730278,17-03-2012,,,
-28.96362,19.15486,17-03-2012,,,
-27.01011111,26.69808333,19-03-2012,,,
-26.861111,28.884722,19-03-2012,,,
-24.679167,30.8025,20-03-2012,,,
-26.970278,27.211111,20-03-2012,,,
-33.38056,19.30167,20-03-2012,,,
-33.31388889,19.07472222,20-03-2012,,,
-28.068333,31.55,20-03-2012,,,
-29.161667,23.696389,21-03-2012,,,
-24.183889,30.823889,21-03-2012,,,
-28.44555556,32.325,21-03-2012,,,
-27.602222,29.942778,21-03-2012,,,
-33.13083,18.86278,21-03-2012,,,
-30.398056,30.601944,23-03-2012,,,
-30.27402,30.69602,23-03-2012,,,
-29.641944,30.6875,26-03-2012,,,
-25.99136,27.84208,26-03-2012,,,
-29.987778,29.851667,26-03-2012,,,
-29.758889,30.935278,26-03-2012,,,
-26.98472222,26.63227778,26-03-2012,,,
-33.818056,19.694722,26-03-2012,,,
-25.127778,27.628889,27-03-2012,,,
-25.20639,27.558,27-03-2012,,,
-24.69514,27.40906,27-03-2012,,,
-27.363611,31.783333,27-03-2012,,,
-26.648056,27.089444,27-03-2012,,,
-26.880278,26.965,27-03-2012,,,
-27.573056,24.746389,27-03-2012,,,
-28.768056,20.720556,27-03-2012,,,
-34.031944,22.053333,27-03-2012,,,
-34.039722,22.133333,27-03-2012,,,
-34.075556,20.145556,27-03-2012,,,
-25.45963889,28.26430556,27-03-2012,,,
-25.81048333,27.90955222,28-03-2012,,,
-29.380556,30.2775,28-03-2012,,,
-30.398056,30.601944,28-03-2012,,,
-30.27402,30.69602,28-03-2012,,,
-26.73806,27.59194,28-03-2012,,,
-26.45,28.085833,28-03-2012,,,
-30.679722,26.7125,28-03-2012,,,
-28.69485,28.23487,28-03-2012,,,
-29.615556,27.065278,28-03-2012,,,
-28.883333,27.89,28-03-2012,,,
-34.02861,22.22222,28-03-2012,,,
-25.447222,30.711667,28-03-2012,,,
-27.273889,28.49,29-03-2012,,,
-27.3,28.586944,29-03-2012,,,
-28.376944,24.303056,29-03-2012,,,
-30.160091,27.40124,29-03-2012,,,
-30.336111,27.359444,29-03-2012,,,
-27.4275,28.525833,30-03-2012,,,
-27.902778,24.615556,30-03-2012,,,
-31.000833,26.353056,30-03-2012,,,
-30.679722,26.7125,30-03-2012,,,
-28.760833,17.730278,01-04-2012,,,
-25.99136,27.84208,02-04-2012,,,
-28.735556,29.820556,02-04-2012,,,
-29.380556,30.2775,02-04-2012,,,
-30.398056,30.601944,02-04-2012,,,
-33.897778,20.012778,02-04-2012,,,
-34.065833,20.404167,03-04-2012,,,
-23.658056,31.05,03-04-2012,,,
-27.398611,26.614722,03-04-2012,,,
-27.671111,27.236944,03-04-2012,,,
-25.45963889,28.26430556,03-04-2012,,,
-27.4,26.624722,03-04-2012,,,
-29.161667,23.696389,04-04-2012,,,
-25.81048333,27.90955222,04-04-2012,,,
-27.937778,31.209444,04-04-2012,,,
-28.404444,30.013056,04-04-2012,,,
-27.02314,28.59389,04-04-2012,,,
-26.880278,26.965,04-04-2012,,,
-27.273889,28.49,04-04-2012,,,
-27.4275,28.525833,04-04-2012,,,
-27.3,28.586944,04-04-2012,,,
-29.615556,27.065278,04-04-2012,,,
-25.57877778,29.12747222,04-04-2012,,,
-27.5275,30.858056,05-04-2012,,,
-27.01011111,26.69808333,10-04-2012,,,
-25.127778,27.628889,10-04-2012,,,
-25.20639,27.558,10-04-2012,,,
-24.69514,27.40906,10-04-2012,,,
-26.861111,28.884722,10-04-2012,,,
-26.73806,27.59194,10-04-2012,,,
-26.98472222,26.63227778,10-04-2012,,,
-29.161667,23.696389,11-04-2012,,,
-26.03611,30.99778,11-04-2012,,,
-28.747778,31.745833,11-04-2012,,,
-27.00222,28.76528,11-04-2012,,,
-26.648056,27.089444,11-04-2012,,,
-26.970278,27.211111,11-04-2012,,,
-28.141944,26.417778,11-04-2012,,,
-28.116667,26.725278,11-04-2012,,,
-29.615556,27.065278,11-04-2012,,,
-34.250556,20.9925,11-04-2012,,,
-28.7115,24.07288889,12-04-2012,,,
-28.801278,31.955389,12-04-2012,,,
-28.75,30.442778,12-04-2012,,,
-29.161667,30.629722,12-04-2012,,,
-27.38972222,26.46388889,12-04-2012,,,
-28.1175,26.719444,12-04-2012,,,
-28.116667,26.725278,12-04-2012,,,
-27.398611,26.614722,12-04-2012,,,
-27.671111,27.236944,12-04-2012,,,
-28.376944,24.303056,12-04-2012,,,
-29.615556,27.065278,12-04-2012,,,
-33.31388889,19.07472222,12-04-2012,,,
-25.49037,30.6986,13-04-2012,,,
-27.573056,24.746389,13-04-2012,,,
-27.902778,24.615556,13-04-2012,,,
-33.7075,18.97444444,13-04-2012,,,
-28.760833,17.730278,15-04-2012,,,
-25.99136,27.84208,16-04-2012,,,
-22.935,28.004167,17-04-2012,,,
-22.91028,29.61111,17-04-2012,,,
-24.058889,31.237222,17-04-2012,,,
-25.681111,31.783333,17-04-2012,,,
-25.67386,31.57527,17-04-2012,,,
-28.735556,29.820556,17-04-2012,,,
-26.861111,28.884722,17-04-2012,,,
-26.45,28.085833,17-04-2012,,,
-28.69485,28.23487,17-04-2012,,,
-28.883333,27.89,17-04-2012,,,
-31.396,29.2651,17-04-2012,,,
-31.554722,29.245556,17-04-2012,,,
-25.45963889,28.26430556,17-04-2012,,,
-28.338333,31.373611,17-04-2012,,,
-29.161667,23.696389,18-04-2012,,,
-27.01011111,26.69808333,18-04-2012,,,
-25.81048333,27.90955222,18-04-2012,,,
-24.282222,28.090278,18-04-2012,,,
-24.768889,31.39,18-04-2012,,,
-24.9675,31.516667,18-04-2012,,,
-27.00222,28.76528,18-04-2012,,,
-26.648056,27.089444,18-04-2012,,,
-26.970278,27.211111,18-04-2012,,,
-26.880278,26.965,18-04-2012,,,
-27.38972222,26.46388889,18-04-2012,,,
-26.98472222,26.63227778,18-04-2012,,,
-30.568333,29.422778,18-04-2012,,,
-30.570833,29.150556,18-04-2012,,,
-27.602222,29.942778,19-04-2012,,,
-27.671111,27.236944,19-04-2012,,,
-31.031389,28.883333,19-04-2012,,,
-30.86013889,29.07125,19-04-2012,,,
-33.13083,18.86278,19-04-2012,,,
-29.140556,31.391944,20-04-2012,,,
-27.573056,24.746389,22-04-2012,,,
-29.7775,29.470833,23-04-2012,,,
-29.987778,29.851667,23-04-2012,,,
-29.744167,29.905833,23-04-2012,,,
-26.73806,27.59194,23-04-2012,,,
-29.160278,26.573333,23-04-2012,,,
-29.1825,23.575556,23-04-2012,,,
-33.501667,21.624167,23-04-2012,,,
-33.818056,19.694722,23-04-2012,,,
-28.7115,24.07288889,24-04-2012,,,
-24.679167,30.8025,24-04-2012,,,
-25.127778,27.628889,24-04-2012,,,
-25.20639,27.558,24-04-2012,,,
-24.69514,27.40906,24-04-2012,,,
-27.363611,31.783333,24-04-2012,,,
-30.733889,29.828333,24-04-2012,,,
-26.880278,26.965,24-04-2012,,,
-29.615556,27.065278,24-04-2012,,,
-28.883333,27.89,24-04-2012,,,
-29.161667,23.696389,25-04-2012,,,
-24.183889,30.823889,25-04-2012,,,
-22.769722,30.886944,25-04-2012,,,
-27.937778,31.209444,25-04-2012,,,
-26.905,32.324722,25-04-2012,,,
-27.935,26.126667,25-04-2012,,,
-34.075556,20.145556,25-04-2012,,,
-30.398056,30.601944,26-04-2012,,,
-30.27402,30.69602,26-04-2012,,,
-30.679722,26.7125,26-04-2012,,,
-30.160091,27.40124,26-04-2012,,,
-34.005833,22.351111,26-04-2012,,,
-29.803611,30.516111,27-04-2012,,,
-29.758889,30.935278,28-04-2012,,,
-28.760833,17.730278,29-04-2012,,,
-25.99136,27.84208,30-04-2012,,,
-29.380556,30.2775,30-04-2012,,,
-34.065833,20.404167,01-05-2012,,,
-26.006389,29.253889,01-05-2012,,,
-25.45963889,28.26430556,01-05-2012,,,
-33.897778,20.012778,01-05-2012,,,
-29.161667,23.696389,02-05-2012,,,
-25.81048333,27.90955222,02-05-2012,,,
-26.861111,28.884722,02-05-2012,,,
-29.033333,23.983333,02-05-2012,,,
-28.058889,30.373611,02-05-2012,,,
-24.925278,29.324444,03-05-2012,,,
-27.00222,28.76528,03-05-2012,,,
-27.398611,26.614722,03-05-2012,,,
-27.671111,27.236944,03-05-2012,,,
-27.4,26.624722,03-05-2012,,,
-26.648056,27.089444,04-05-2012,,,
-26.970278,27.211111,04-05-2012,,,
-26.880278,26.965,04-05-2012,,,
-27.01011111,26.69808333,07-05-2012,,,
-26.73806,27.59194,07-05-2012,,,
-26.45,28.085833,07-05-2012,,,
-26.98472222,26.63227778,07-05-2012,,,
-32.502778,19.535833,07-05-2012,,,
-29.161667,23.696389,08-05-2012,,,
-25.127778,27.628889,08-05-2012,,,
-25.20639,27.558,08-05-2012,,,
-24.69514,27.40906,08-05-2012,,,
-28.747778,31.745833,08-05-2012,,,
-27.169444,29.233889,08-05-2012,,,
-26.648056,27.089444,08-05-2012,,,
-26.970278,27.211111,08-05-2012,,,
-26.880278,26.965,08-05-2012,,,
-28.141944,26.417778,08-05-2012,,,
-28.116667,26.725278,08-05-2012,,,
-29.042222,24.6,08-05-2012,,,
-28.460833,21.248889,08-05-2012,,,
-31.396,29.2651,08-05-2012,,,
-25.57877778,29.12747222,08-05-2012,,,
-29.161667,23.696389,09-05-2012,,,
-25.49037,30.6986,09-05-2012,,,
-28.801278,31.955389,09-05-2012,,,
-27.273889,28.49,09-05-2012,,,
-27.4275,28.525833,09-05-2012,,,
-27.3,28.586944,09-05-2012,,,
-27.398611,26.614722,09-05-2012,,,
-29.028629,24.638389,09-05-2012,,,
-29.1825,23.575556,09-05-2012,,,
-30.570833,29.150556,09-05-2012,,,
-31.104278,29.399722,09-05-2012,,,
-33.31388889,19.07472222,09-05-2012,,,
-28.7115,24.07288889,10-05-2012,,,
-29.140556,31.391944,10-05-2012,,,
-28.75,30.442778,10-05-2012,,,
-29.161667,30.629722,10-05-2012,,,
-27.38972222,26.46388889,10-05-2012,,,
-27.935,26.126667,10-05-2012,,,
-27.671111,27.236944,10-05-2012,,,
-28.376944,24.303056,10-05-2012,,,
-31.031389,28.883333,10-05-2012,,,
-30.86013889,29.07125,10-05-2012,,,
-30.77586667,29.03221667,10-05-2012,,,
-33.7075,18.97444444,10-05-2012,,,
-33.72266667,18.61691667,10-05-2012,,,
-27.902778,24.615556,11-05-2012,,,
-28.44555556,32.325,19-04-2012,,,
-31.554722,29.245556,12-05-2012,,,
-28.760833,17.730278,13-05-2012,,,
-25.99136,27.84208,14-05-2012,,,
-26.861111,28.884722,14-05-2012,,,
-26.45,28.085833,14-05-2012,,,
-25.681111,31.783333,15-05-2012,,,
-25.398889,31.610556,15-05-2012,,,
-27.00222,28.76528,15-05-2012,,,
-26.648056,27.089444,15-05-2012,,,
-33.38056,19.30167,15-05-2012,,,
-25.45963889,28.26430556,15-05-2012,,,
-28.068333,31.55,15-05-2012,,,
-25.81048333,27.90955222,16-05-2012,,,
-24.768889,31.39,16-05-2012,,,
-29.033333,23.983333,16-05-2012,,,
-34.092222,21.295278,16-05-2012,,,
-33.13083,18.86278,16-05-2012,,,
-24.99328,30.81444,17-05-2012,,,
-33.970833,22.548333,17-05-2012,,,
-25.436111,31.982222,18-05-2012,,,
-25.14944444,31.94055556,18-05-2012,,,
-29.7775,29.470833,21-05-2012,,,
-29.987778,29.851667,21-05-2012,,,
-29.744167,29.905833,21-05-2012,,,
-30.27402,30.69602,21-05-2012,,,
-26.73806,27.59194,21-05-2012,,,
-33.818056,19.694722,21-05-2012,,,
-27.01011111,26.69808333,22-05-2012,,,
-34.065833,20.404167,22-05-2012,,,
-24.679167,30.8025,22-05-2012,,,
-24.183889,30.823889,22-05-2012,,,
-25.127778,27.628889,22-05-2012,,,
-25.20639,27.558,22-05-2012,,,
-24.69514,27.40906,22-05-2012,,,
-27.363611,31.783333,22-05-2012,,,
-30.733889,29.828333,22-05-2012,,,
-27.169444,29.233889,22-05-2012,,,
-26.880278,26.965,22-05-2012,,,
-26.98472222,26.63227778,22-05-2012,,,
-29.160278,26.573333,22-05-2012,,,
-30.336111,27.359444,22-05-2012,,,
-33.501667,21.624167,22-05-2012,,,
-34.075556,20.145556,22-05-2012,,,
-33.897778,20.012778,22-05-2012,,,
-24.058889,31.237222,23-05-2012,,,
-30.398056,30.601944,23-05-2012,,,
-30.160091,27.40124,23-05-2012,,,
-28.69485,28.23487,23-05-2012,,,
-28.883333,27.89,23-05-2012,,,
-34.005833,22.351111,23-05-2012,,,
-29.641944,30.6875,24-05-2012,,,
-30.830556,26.921389,24-05-2012,,,
-29.380556,30.2775,24-05-2012,,,
-30.679722,26.7125,24-05-2012,,,
-29.615556,27.065278,24-05-2012,,,
-34.031944,22.053333,24-05-2012,,,
-34.039722,22.133333,24-05-2012,,,
-30.398056,30.601944,25-05-2012,,,
-30.27402,30.69602,25-05-2012,,,
-29.658056,25.973333,25-05-2012,,,
-31.000833,26.353056,25-05-2012,,,
-28.460833,21.248889,25-05-2012,,,
-29.803611,30.516111,25-05-2012,,,
-29.758889,30.935278,26-05-2012,,,
-28.760833,17.730278,27-05-2012,,,
-25.99136,27.84208,28-05-2012,,,
-26.861111,28.884722,28-05-2012,,,
-26.970278,27.211111,28-05-2012,,,
-26.45,28.085833,28-05-2012,,,
-27.01011111,26.69808333,29-05-2012,,,
-29.380556,30.2775,29-05-2012,,,
-27.00222,28.76528,29-05-2012,,,
-26.648056,27.089444,29-05-2012,,,
-26.880278,26.965,29-05-2012,,,
-26.98472222,26.63227778,29-05-2012,,,
-31.000833,26.353056,29-05-2012,,,
-25.45963889,28.26430556,29-05-2012,,,
-29.161667,23.696389,30-05-2012,,,
-24.282222,28.090278,30-05-2012,,,
-27.937778,31.209444,30-05-2012,,,
-28.404444,30.013056,30-05-2012,,,
-28.1175,26.719444,30-05-2012,,,
-28.44555556,32.325,12-05-2012,,,
-24.670833,28.560833,31-05-2012,,,
-27.573056,24.746389,31-05-2012,,,
-30.679722,26.7125,31-05-2012,,,
-28.44555556,32.325,12-07-2012,,,
-33.38056,19.30167,31-05-2012,,,
-33.13083,18.86278,31-05-2012,,,
-29.161667,23.696389,01-06-2012,,,
-28.7115,24.07288889,01-06-2012,,,
-27.5275,30.858056,01-06-2012,,,
-29.1825,23.575556,01-06-2012,,,
-26.73806,27.59194,04-06-2012,,,
-32.502778,19.535833,04-06-2012,,,
-25.127778,27.628889,05-06-2012,,,
-25.20639,27.558,05-06-2012,,,
-24.69514,27.40906,05-06-2012,,,
-26.006389,29.253889,05-06-2012,,,
-28.747778,31.745833,05-06-2012,,,
-27.169444,29.233889,05-06-2012,,,
-34.250556,20.9925,05-06-2012,,,
-25.57877778,29.12747222,05-06-2012,,,
-23.658056,31.05,06-06-2012,,,
-28.801278,31.955389,06-06-2012,,,
-27.02314,28.59389,06-06-2012,,,
-27.4275,28.525833,06-06-2012,,,
-27.3,28.586944,06-06-2012,,,
-28.141944,26.417778,06-06-2012,,,
-28.1175,26.719444,06-06-2012,,,
-28.44555556,32.325,08-08-2012,,,
-33.7075,18.97444444,06-06-2012,,,
-33.72266667,18.61691667,06-06-2012,,,
-29.140556,31.391944,07-06-2012,,,
-23.838611,31.640833,07-06-2012,,,
-28.44555556,32.325,12-09-2012,,,
-28.75,30.442778,07-06-2012,,,
-29.161667,30.629722,07-06-2012,,,
-27.398611,26.614722,07-06-2012,,,
-27.671111,27.236944,07-06-2012,,,
-27.5275,30.858056,25-08-2011,,,
-27.4,26.624722,07-06-2012,,,
-25.99136,27.84208,11-06-2012,,,
-26.861111,28.884722,11-06-2012,,,
-27.671111,27.236944,11-06-2012,,,
-31.554722,29.245556,11-06-2012,,,
-33.818056,19.694722,11-06-2012,,,
-27.935,26.126667,12-06-2012,,,
-28.141944,26.417778,12-06-2012,,,
-29.658056,25.973333,12-06-2012,,,
-31.000833,26.353056,12-06-2012,,,
-30.534167,24.961944,12-06-2012,,,
-31.104278,29.399722,12-06-2012,,,
-34.075556,20.145556,12-06-2012,,,
-25.45963889,28.26430556,12-06-2012,,,
-28.068333,31.55,12-06-2012,,,
-29.161667,23.696389,13-06-2012,,,
-25.81048333,27.90955222,13-06-2012,,,
-27.00222,28.76528,13-06-2012,,,
-28.1175,26.719444,13-06-2012,,,
-30.534167,24.961944,13-06-2012,,,
-30.568333,29.422778,13-06-2012,,,
-30.570833,29.150556,13-06-2012,,,
-29.161667,23.696389,14-06-2012,,,
-26.905,32.324722,14-06-2012,,,
-27.602222,29.942778,14-06-2012,,,
-27.935,26.126667,14-06-2012,,,
-28.1175,26.719444,14-06-2012,,,
-31.000833,26.353056,14-06-2012,,,
-30.679722,26.7125,14-06-2012,,,
-30.160091,27.40124,14-06-2012,,,
-30.86013889,29.07125,14-06-2012,,,
-28.7115,24.07288889,15-06-2012,,,
-27.01011111,26.69808333,15-06-2012,,,
-29.641944,30.6875,15-06-2012,,,
-26.648056,27.089444,15-06-2012,,,
-26.970278,27.211111,15-06-2012,,,
-26.880278,26.965,15-06-2012,,,
-26.98472222,26.63227778,15-06-2012,,,
-27.398611,26.614722,15-06-2012,,,
-29.1825,23.575556,15-06-2012,,,
-22.91028,29.61111,18-06-2012,,,
-29.7775,29.470833,18-06-2012,,,
-29.744167,29.905833,18-06-2012,,,
-26.861111,28.884722,18-06-2012,,,
-26.73806,27.59194,18-06-2012,,,
-26.45,28.085833,18-06-2012,,,
-34.065833,20.404167,19-06-2012,,,
-25.127778,27.628889,19-06-2012,,,
-25.20639,27.558,19-06-2012,,,
-24.69514,27.40906,19-06-2012,,,
-27.363611,31.783333,19-06-2012,,,
-30.733889,29.828333,19-06-2012,,,
-27.169444,29.233889,19-06-2012,,,
-27.00222,28.76528,19-06-2012,,,
-29.160278,26.573333,19-06-2012,,,
-29.028629,24.638389,19-06-2012,,,
-29.161667,23.696389,20-06-2012,,,
-24.282222,28.090278,20-06-2012,,,
-25.681111,31.783333,20-06-2012,,,
-25.398889,31.610556,20-06-2012,,,
-30.398056,30.601944,20-06-2012,,,
-30.27402,30.69602,20-06-2012,,,
-29.615556,27.065278,20-06-2012,,,
-28.883333,27.89,20-06-2012,,,
-34.405833,19.600556,20-06-2012,,,
-24.670833,28.560833,21-06-2012,,,
-24.99328,30.81444,21-06-2012,,,
-24.768889,31.39,21-06-2012,,,
-27.802778,28.768333,21-06-2012,,,
-27.935,26.126667,21-06-2012,,,
-28.1175,26.719444,21-06-2012,,,
-30.679722,26.7125,21-06-2012,,,
-30.160091,27.40124,21-06-2012,,,
-30.336111,27.359444,21-06-2012,,,
-33.501667,21.624167,21-06-2012,,,
-34.329722,18.990278,21-06-2012,,,
-25.436111,31.982222,22-06-2012,,,
-25.14944444,31.94055556,22-06-2012,,,
-29.658056,25.973333,22-06-2012,,,
-31.000833,26.353056,22-06-2012,,,
-29.803611,30.516111,22-06-2012,,,
-27.363611,31.783333,24-11-2015,,,
-28.760833,17.730278,24-06-2012,,,
-24.679167,30.8025,25-06-2012,,,
-25.99136,27.84208,25-06-2012,,,
-25.362222,31.956667,25-06-2012,,,
-25.14944444,31.94055556,25-06-2012,,,
-27.01011111,26.69808333,26-06-2012,,,
-24.183889,30.823889,26-06-2012,,,
-29.758889,30.935278,26-06-2012,,,
-29.380556,30.2775,26-06-2012,,,
-26.861111,28.884722,26-06-2012,,,
-26.880278,26.965,26-06-2012,,,
-26.45,28.085833,26-06-2012,,,
-26.98472222,26.63227778,26-06-2012,,,
-34.039722,22.133333,26-06-2012,,,
-33.7075,18.97444444,26-06-2012,,,
-33.72266667,18.61691667,26-06-2012,,,
-25.45963889,28.26430556,26-06-2012,,,
-29.161667,23.696389,27-06-2012,,,
-25.81048333,27.90955222,27-06-2012,,,
-30.830556,26.921389,27-06-2012,,,
-24.058889,31.237222,27-06-2012,,,
-28.404444,30.013056,27-06-2012,,,
-27.4275,28.525833,27-06-2012,,,
-34.031944,22.053333,27-06-2012,,,
-32.595833,19.009444,27-06-2012,,,
-28.058889,30.373611,27-06-2012,,,
-25.447222,30.711667,27-06-2012,,,
-29.161667,23.696389,28-06-2012,,,
-29.641944,30.6875,28-06-2012,,,
-31.860278,18.6875,28-06-2012,,,
-27.5275,30.858056,28-06-2012,,,
-29.380556,30.2775,28-06-2012,,,
-27.00222,28.76528,28-06-2012,,,
-26.648056,27.089444,28-06-2012,,,
-29.028629,24.638389,28-06-2012,,,
-29.1825,23.575556,28-06-2012,,,
-25.49037,30.6986,29-06-2012,,,
-30.398056,30.601944,29-06-2012,,,
-30.27402,30.69602,29-06-2012,,,
-27.935,26.126667,29-06-2012,,,
-28.1175,26.719444,29-06-2012,,,
-25.127778,27.628889,03-07-2012,,,
-25.20639,27.558,03-07-2012,,,
-24.69514,27.40906,03-07-2012,,,
-28.747778,31.745833,03-07-2012,,,
-31.5653,18.3306,03-07-2012,,,
-24.39619444,27.08983333,04-07-2012,,,
-28.801278,31.955389,04-07-2012,,,
-27.935,26.126667,04-07-2012,,,
-28.141944,26.417778,04-07-2012,,,
-28.1175,26.719444,04-07-2012,,,
-28.75,30.442778,05-07-2012,,,
-29.161667,30.629722,05-07-2012,,,
-28.460833,21.248889,05-07-2012,,,
-34.092222,21.295278,05-07-2012,,,
-33.38056,19.30167,05-07-2012,,,
-27.4,26.624722,05-07-2012,,,
-27.573056,24.746389,06-07-2012,,,
-28.760833,17.730278,08-07-2012,,,
-29.028629,24.638389,09-07-2012,,,
-33.818056,19.694722,09-07-2012,,,
-26.861111,28.884722,10-07-2012,,,
-26.880278,26.965,10-07-2012,,,
-26.45,28.085833,10-07-2012,,,
-26.98472222,26.63227778,10-07-2012,,,
-27.935,26.126667,10-07-2012,,,
-28.1175,26.719444,10-07-2012,,,
-28.69485,28.23487,10-07-2012,,,
-31.104278,29.399722,10-07-2012,,,
-31.396,29.2651,10-07-2012,,,
-34.075556,20.145556,10-07-2012,,,
-25.45963889,28.26430556,10-07-2012,,,
-28.338333,31.373611,10-07-2012,,,
-28.068333,31.55,10-07-2012,,,
-28.760833,17.730278,11-07-2012,,,
-29.161667,23.696389,11-07-2012,,,
-25.81048333,27.90955222,11-07-2012,,,
-29.641944,30.6875,11-07-2012,,,
-28.883333,27.89,11-07-2012,,,
-30.568333,29.422778,11-07-2012,,,
-30.86013889,29.07125,11-07-2012,,,
-30.570833,29.150556,11-07-2012,,,
-30.77586667,29.03221667,11-07-2012,,,
-34.250556,20.9925,11-07-2012,,,
-28.44555556,32.325,09-10-2012,,,
-26.648056,27.089444,12-07-2012,,,
-27.902778,24.615556,12-07-2012,,,
-28.768056,20.720556,12-07-2012,,,
-31.031389,28.883333,12-07-2012,,,
-29.7775,29.470833,16-07-2012,,,
-29.987778,29.851667,16-07-2012,,,
-29.744167,29.905833,16-07-2012,,,
-33.897778,20.012778,16-07-2012,,,
-27.01011111,26.69808333,17-07-2012,,,
-34.065833,20.404167,17-07-2012,,,
-25.127778,27.628889,17-07-2012,,,
-25.20639,27.558,17-07-2012,,,
-24.69514,27.40906,17-07-2012,,,
-25.73411,27.21422,17-07-2012,,,
-27.363611,31.783333,17-07-2012,,,
-30.733889,29.828333,17-07-2012,,,
-26.648056,27.089444,17-07-2012,,,
-26.970278,27.211111,17-07-2012,,,
-26.45,28.085833,17-07-2012,,,
-26.98472222,26.63227778,17-07-2012,,,
-27.935,26.126667,17-07-2012,,,
-29.160278,26.573333,17-07-2012,,,
-33.870833,20.003333,17-07-2012,,,
-29.161667,23.696389,18-07-2012,,,
-24.39619444,27.08983333,18-07-2012,,,
-26.905,32.324722,18-07-2012,,,
-30.398056,30.601944,18-07-2012,,,
-30.27402,30.69602,18-07-2012,,,
-27.169444,29.233889,18-07-2012,,,
-26.861111,28.884722,18-07-2012,,,
-28.69485,28.23487,18-07-2012,,,
-29.615556,27.065278,18-07-2012,,,
-28.883333,27.89,18-07-2012,,,
-34.02861,22.22222,18-07-2012,,,
-34.405833,19.600556,18-07-2012,,,
-30.160091,27.40124,19-07-2012,,,
-30.336111,27.359444,19-07-2012,,,
-30.830556,26.921389,20-07-2012,,,
-29.658056,25.973333,20-07-2012,,,
-31.000833,26.353056,20-07-2012,,,
-30.679722,26.7125,20-07-2012,,,
-28.460833,21.248889,20-07-2012,,,
-29.803611,30.516111,20-07-2012,,,
-31.5653,18.3306,21-07-2012,,,
-24.679167,30.8025,23-07-2012,,,
-25.99136,27.84208,23-07-2012,,,
-26.880278,26.965,23-07-2012,,,
-26.98472222,26.63227778,23-07-2012,,,
-33.31388889,19.07472222,23-07-2012,,,
-24.183889,30.823889,24-07-2012,,,
-26.861111,28.884722,24-07-2012,,,
-26.970278,27.211111,24-07-2012,,,
-27.802778,28.768333,24-07-2012,,,
-28.69485,28.23487,24-07-2012,,,
-33.501667,21.624167,24-07-2012,,,
-29.161667,23.696389,25-07-2012,,,
-25.81048333,27.90955222,25-07-2012,,,
-24.034167,31.123611,25-07-2012,,,
-29.380556,30.2775,25-07-2012,,,
-28.058889,30.373611,25-07-2012,,,
-29.641944,30.6875,26-07-2012,,,
-31.860278,18.6875,26-07-2012,,,
-27.5275,30.858056,26-07-2012,,,
-29.380556,30.2775,26-07-2012,,,
-27.00222,28.76528,26-07-2012,,,
-26.648056,27.089444,26-07-2012,,,
-29.758889,30.935278,27-07-2012,,,
-30.27402,30.69602,28-07-2012,,,
-27.01011111,26.69808333,30-07-2012,,,
-26.648056,27.089444,30-07-2012,,,
-26.880278,26.965,30-07-2012,,,
-26.98472222,26.63227778,30-07-2012,,,
-31.554722,29.245556,30-07-2012,,,
-33.38056,19.30167,30-07-2012,,,
-25.127778,27.628889,31-07-2012,,,
-25.20639,27.558,31-07-2012,,,
-26.861111,28.884722,31-07-2012,,,
-26.970278,27.211111,31-07-2012,,,
-26.73806,27.59194,31-07-2012,,,
-26.45,28.085833,31-07-2012,,,
-31.104278,29.399722,31-07-2012,,,
-24.39619444,27.08983333,01-08-2012,,,
-27.169444,29.233889,01-08-2012,,,
-28.141944,26.417778,01-08-2012,,,
-28.1175,26.719444,01-08-2012,,,
-33.13083,18.86278,01-08-2012,,,
-28.75,30.442778,02-08-2012,,,
-29.161667,30.629722,02-08-2012,,,
-27.00222,28.76528,02-08-2012,,,
-26.648056,27.089444,02-08-2012,,,
-27.398611,26.614722,02-08-2012,,,
-28.376944,24.303056,02-08-2012,,,
-27.671111,27.236944,03-08-2012,,,
-28.735556,29.820556,04-08-2012,,,
-28.760833,17.730278,05-08-2012,,,
-25.99136,27.84208,06-08-2012,,,
-26.970278,27.211111,06-08-2012,,,
-33.818056,19.694722,06-08-2012,,,
-27.01011111,26.69808333,07-08-2012,,,
-29.641944,30.6875,07-08-2012,,,
-28.735556,29.820556,07-08-2012,,,
-26.880278,26.965,07-08-2012,,,
-26.98472222,26.63227778,07-08-2012,,,
-27.398611,26.614722,07-08-2012,,,
-34.075556,20.145556,07-08-2012,,,
-25.45963889,28.26430556,07-08-2012,,,
-28.338333,31.373611,07-08-2012,,,
-28.068333,31.55,07-08-2012,,,
-25.57877778,29.12747222,07-08-2012,,,
-25.81048333,27.90955222,08-08-2012,,,
-28.44555556,32.325,31-10-2012,,,
-26.861111,28.884722,08-08-2012,,,
-26.45,28.085833,08-08-2012,,,
-27.273889,28.49,09-08-2012,,,
-27.802778,28.768333,09-08-2012,,,
-27.00222,28.76528,10-08-2012,,,
-27.02314,28.59389,10-08-2012,,,
-26.648056,27.089444,10-08-2012,,,
-27.573056,24.746389,10-08-2012,,,
-34.065833,20.404167,12-08-2012,,,
-27.01011111,26.69808333,13-08-2012,,,
-29.7775,29.470833,13-08-2012,,,
-29.987778,29.851667,13-08-2012,,,
-29.744167,29.905833,13-08-2012,,,
-26.880278,26.965,13-08-2012,,,
-26.98472222,26.63227778,13-08-2012,,,
-25.127778,27.628889,14-08-2012,,,
-24.39619444,27.08983333,14-08-2012,,,
-24.69514,27.40906,14-08-2012,,,
-25.73411,27.21422,14-08-2012,,,
-26.03611,30.99778,14-08-2012,,,
-27.363611,31.783333,14-08-2012,,,
-26.73806,27.59194,14-08-2012,,,
-26.45,28.085833,14-08-2012,,,
-27.273889,28.49,14-08-2012,,,
-29.160278,26.573333,14-08-2012,,,
-34.250556,20.9925,14-08-2012,,,
-33.897778,20.012778,14-08-2012,,,
-25.20639,27.558,15-08-2012,,,
-25.49037,30.6986,15-08-2012,,,
-30.398056,30.601944,15-08-2012,,,
-30.27402,30.69602,15-08-2012,,,
-27.169444,29.233889,15-08-2012,,,
-27.3,28.586944,15-08-2012,,,
-29.033333,23.983333,15-08-2012,,,
-28.69485,28.23487,15-08-2012,,,
-29.615556,27.065278,15-08-2012,,,
-28.883333,27.89,15-08-2012,,,
-34.405833,19.600556,15-08-2012,,,
-25.447222,30.711667,15-08-2012,,,
-30.13573889,30.67422222,16-08-2012,,,
-26.648056,27.089444,16-08-2012,,,
-27.902778,24.615556,16-08-2012,,,
-30.160091,27.40124,16-08-2012,,,
-30.336111,27.359444,16-08-2012,,,
-30.830556,26.921389,17-08-2012,,,
-29.658056,25.973333,17-08-2012,,,
-31.000833,26.353056,17-08-2012,,,
-30.679722,26.7125,17-08-2012,,,
-29.803611,30.516111,17-08-2012,,,
-28.760833,17.730278,18-08-2012,,,
-22.43772222,31.07805556,19-08-2012,,,
-24.679167,30.8025,20-08-2012,,,
-25.99136,27.84208,20-08-2012,,,
-30.27402,30.69602,20-08-2012,,,
-26.880278,26.965,20-08-2012,,,
-26.98472222,26.63227778,20-08-2012,,,
-33.7075,18.97444444,20-08-2012,,,
-24.183889,30.823889,21-08-2012,,,
-29.380556,30.2775,21-08-2012,,,
-26.45,28.085833,21-08-2012,,,
-33.464444,18.740556,21-08-2012,,,
-25.45963889,28.26430556,21-08-2012,,,
-25.81048333,27.90955222,22-08-2012,,,
-24.058889,31.237222,22-08-2012,,,
-27.169444,29.233889,22-08-2012,,,
-27.273889,28.49,22-08-2012,,,
-27.802778,28.768333,22-08-2012,,,
-28.058889,30.373611,22-08-2012,,,
-29.161667,23.696389,23-08-2012,,,
-28.7115,24.07288889,23-08-2012,,,
-31.860278,18.6875,23-08-2012,,,
-27.937778,31.209444,23-08-2012,,,
-26.648056,27.089444,23-08-2012,,,
-29.1825,23.575556,23-08-2012,,,
-34.031944,22.053333,23-08-2012,,,
-34.02861,22.22222,23-08-2012,,,
-23.838611,31.640833,24-08-2012,,,
-32.502778,19.535833,24-08-2012,,,
-29.380556,30.2775,26-08-2012,,,
-29.641944,30.6875,27-08-2012,,,
-29.758889,30.935278,27-08-2012,,,
-27.01011111,26.69808333,28-08-2012,,,
-25.127778,27.628889,28-08-2012,,,
-25.20639,27.558,28-08-2012,,,
-24.69514,27.40906,28-08-2012,,,
-28.747778,31.745833,28-08-2012,,,
-26.970278,27.211111,28-08-2012,,,
-26.880278,26.965,28-08-2012,,,
-26.45,28.085833,28-08-2012,,,
-26.98472222,26.63227778,28-08-2012,,,
-30.86013889,29.07125,28-08-2012,,,
-31.104278,29.399722,28-08-2012,,,
-31.396,29.2651,28-08-2012,,,
-31.554722,29.245556,28-08-2012,,,
-33.501667,21.624167,28-08-2012,,,
-31.5653,18.3306,28-08-2012,,,
-29.161667,23.696389,29-08-2012,,,
-28.801278,31.955389,29-08-2012,,,
-28.141944,26.417778,29-08-2012,,,
-28.1175,26.719444,29-08-2012,,,
-30.568333,29.422778,29-08-2012,,,
-30.77586667,29.03221667,29-08-2012,,,
-33.13083,18.86278,29-08-2012,,,
-24.282222,28.090278,30-08-2012,,,
-28.75,30.442778,30-08-2012,,,
-29.161667,30.629722,30-08-2012,,,
-27.00222,28.76528,30-08-2012,,,
-27.398611,26.614722,30-08-2012,,,
-27.671111,27.236944,30-08-2012,,,
-33.38056,19.30167,30-08-2012,,,
-27.902778,24.615556,31-08-2012,,,
-28.760833,17.730278,02-09-2012,,,
-25.99136,27.84208,03-09-2012,,,
-22.43772222,31.07805556,03-09-2012,,,
-26.970278,27.211111,03-09-2012,,,
-27.3,28.586944,03-09-2012,,,
-31.031389,28.883333,03-09-2012,,,
-33.818056,19.694722,03-09-2012,,,
-27.01011111,26.69808333,04-09-2012,,,
-26.880278,26.965,04-09-2012,,,
-26.98472222,26.63227778,04-09-2012,,,
-27.671111,27.236944,04-09-2012,,,
-34.075556,20.145556,04-09-2012,,,
-25.45963889,28.26430556,04-09-2012,,,
-28.338333,31.373611,04-09-2012,,,
-28.068333,31.55,04-09-2012,,,
-27.4,26.624722,04-09-2012,,,
-29.161667,23.696389,05-09-2012,,,
-25.81048333,27.90955222,05-09-2012,,,
-27.602222,29.942778,05-09-2012,,,
-27.169444,29.233889,05-09-2012,,,
-26.73806,27.59194,05-09-2012,,,
-26.45,28.085833,05-09-2012,,,
-29.641944,30.6875,06-09-2012,,,
-29.161667,23.696389,07-09-2012,,,
-28.7115,24.07288889,07-09-2012,,,
-27.02314,28.59389,07-09-2012,,,
-27.273889,28.49,07-09-2012,,,
-29.1825,23.575556,07-09-2012,,,
-29.028629,24.638389,08-09-2012,,,
-27.01011111,26.69808333,10-09-2012,,,
-29.987778,29.851667,10-09-2012,,,
-29.744167,29.905833,10-09-2012,,,
-26.98472222,26.63227778,10-09-2012,,,
-29.160278,26.573333,10-09-2012,,,
-34.065833,20.404167,11-09-2012,,,
-25.127778,27.628889,11-09-2012,,,
-24.39619444,27.08983333,11-09-2012,,,
-24.69514,27.40906,11-09-2012,,,
-27.363611,31.783333,11-09-2012,,,
-30.733889,29.828333,11-09-2012,,,
-26.970278,27.211111,11-09-2012,,,
-26.45,28.085833,11-09-2012,,,
-28.69485,28.23487,11-09-2012,,,
-29.615556,27.065278,11-09-2012,,,
-28.883333,27.89,11-09-2012,,,
-33.897778,20.012778,11-09-2012,,,
-29.161667,23.696389,12-09-2012,,,
-25.20639,27.558,12-09-2012,,,
-22.769722,30.886944,12-09-2012,,,
-28.44555556,32.325,24-01-2013,,,
-26.905,32.324722,12-09-2012,,,
-30.398056,30.601944,12-09-2012,,,
-30.27402,30.69602,12-09-2012,,,
-30.160091,27.40124,12-09-2012,,,
-30.336111,27.359444,12-09-2012,,,
-28.768056,20.720556,12-09-2012,,,
-34.405833,19.600556,12-09-2012,,,
-30.830556,26.921389,13-09-2012,,,
-27.00222,28.76528,13-09-2012,,,
-26.648056,27.089444,13-09-2012,,,
-31.000833,26.353056,13-09-2012,,,
-30.679722,26.7125,13-09-2012,,,
-34.329722,18.990278,13-09-2012,,,
-27.573056,24.746389,14-09-2012,,,
-29.658056,25.973333,14-09-2012,,,
-29.803611,30.516111,14-09-2012,,,
-29.161667,23.696389,17-09-2012,,,
-25.99136,27.84208,17-09-2012,,,
-26.73806,27.59194,17-09-2012,,,
-26.45,28.085833,17-09-2012,,,
-27.935,26.126667,17-09-2012,,,
-29.1825,23.575556,17-09-2012,,,
-33.31388889,19.07472222,17-09-2012,,,
-27.01011111,26.69808333,18-09-2012,,,
-22.91028,29.61111,18-09-2012,,,
-27.5275,30.858056,18-09-2012,,,
-29.380556,30.2775,18-09-2012,,,
-27.169444,29.233889,18-09-2012,,,
-26.648056,27.089444,18-09-2012,,,
-26.970278,27.211111,18-09-2012,,,
-26.880278,26.965,18-09-2012,,,
-27.802778,28.768333,18-09-2012,,,
-33.7075,18.97444444,18-09-2012,,,
-25.45963889,28.26430556,18-09-2012,,,
-29.161667,23.696389,19-09-2012,,,
-25.81048333,27.90955222,19-09-2012,,,
-23.763056,27.908611,19-09-2012,,,
-27.00222,28.76528,19-09-2012,,,
-27.273889,28.49,19-09-2012,,,
-34.039722,22.133333,19-09-2012,,,
-32.595833,19.009444,19-09-2012,,,
-34.005833,22.351111,19-09-2012,,,
-31.860278,18.6875,20-09-2012,,,
-29.744167,29.905833,27-12-2013,,,
-24.282222,28.090278,20-09-2012,,,
-23.838611,31.640833,20-09-2012,,,
-24.670833,28.560833,21-09-2012,,,
-32.502778,19.535833,21-09-2012,,,
-24.183889,30.823889,25-09-2012,,,
-25.127778,27.628889,25-09-2012,,,
-25.20639,27.558,25-09-2012,,,
-24.69514,27.40906,25-09-2012,,,
-25.73411,27.21422,25-09-2012,,,
-26.45,28.085833,25-09-2012,,,
-31.396,29.2651,25-09-2012,,,
-31.554722,29.245556,25-09-2012,,,
-33.501667,21.624167,25-09-2012,,,
-33.38056,19.30167,25-09-2012,,,
-29.161667,23.696389,26-09-2012,,,
-27.01011111,26.69808333,26-09-2012,,,
-24.39619444,27.08983333,26-09-2012,,,
-29.380556,30.2775,26-09-2012,,,
-26.648056,27.089444,26-09-2012,,,
-26.880278,26.965,26-09-2012,,,
-27.802778,28.768333,26-09-2012,,,
-26.98472222,26.63227778,26-09-2012,,,
-28.141944,26.417778,26-09-2012,,,
-28.1175,26.719444,26-09-2012,,,
-30.568333,29.422778,26-09-2012,,,
-30.570833,29.150556,26-09-2012,,,
-31.104278,29.399722,26-09-2012,,,
-31.5653,18.3306,26-09-2012,,,
-29.641944,30.6875,27-09-2012,,,
-24.679167,30.8025,27-09-2012,,,
-28.747778,31.745833,27-09-2012,,,
-28.801278,31.955389,27-09-2012,,,
-28.75,30.442778,27-09-2012,,,
-29.758889,30.935278,27-09-2012,,,
-29.161667,30.629722,27-09-2012,,,
-27.00222,28.76528,27-09-2012,,,
-27.38972222,26.46388889,27-09-2012,,,
-27.398611,26.614722,27-09-2012,,,
-27.671111,27.236944,27-09-2012,,,
-31.031389,28.883333,27-09-2012,,,
-30.86013889,29.07125,27-09-2012,,,
-30.77586667,29.03221667,27-09-2012,,,
-33.13083,18.86278,27-09-2012,,,
-30.27402,30.69602,28-09-2012,,,
-27.902778,24.615556,28-09-2012,,,
-24.9675,31.516667,30-09-2012,,,
-29.161667,23.696389,01-10-2012,,,
-26.861111,28.884722,01-10-2012,,,
-26.73806,27.59194,01-10-2012,,,
-26.45,28.085833,01-10-2012,,,
-33.818056,19.694722,01-10-2012,,,
-28.7115,24.07288889,02-10-2012,,,
-23.658056,31.05,02-10-2012,,,
-28.735556,29.820556,02-10-2012,,,
-27.169444,29.233889,02-10-2012,,,
-27.802778,28.768333,02-10-2012,,,
-27.398611,26.614722,02-10-2012,,,
-27.671111,27.236944,02-10-2012,,,
-29.1825,23.575556,02-10-2012,,,
-34.075556,20.145556,02-10-2012,,,
-25.45963889,28.26430556,02-10-2012,,,
-28.338333,31.373611,02-10-2012,,,
-28.068333,31.55,02-10-2012,,,
-27.01011111,26.69808333,03-10-2012,,,
-25.81048333,27.90955222,03-10-2012,,,
-29.641944,30.6875,03-10-2012,,,
-22.769722,30.886944,03-10-2012,,,
-27.00222,28.76528,03-10-2012,,,
-27.02314,28.59389,03-10-2012,,,
-26.648056,27.089444,03-10-2012,,,
-26.880278,26.965,03-10-2012,,,
-27.273889,28.49,03-10-2012,,,
-27.4275,28.525833,03-10-2012,,,
-27.3,28.586944,03-10-2012,,,
-34.092222,21.295278,03-10-2012,,,
-25.57877778,29.12747222,03-10-2012,,,
-27.602222,29.942778,04-10-2012,,,
-27.573056,24.746389,05-10-2012,,,
-29.042222,24.6,05-10-2012,,,
-29.028629,24.638389,05-10-2012,,,
-29.7775,29.470833,08-10-2012,,,
-29.744167,29.905833,08-10-2012,,,
-26.45,28.085833,08-10-2012,,,
-33.897778,20.012778,08-10-2012,,,
-27.01011111,26.69808333,09-10-2012,,,
-34.065833,20.404167,09-10-2012,,,
-25.127778,27.628889,09-10-2012,,,
-24.39619444,27.08983333,09-10-2012,,,
-24.69514,27.40906,09-10-2012,,,
-25.73411,27.21422,09-10-2012,,,
-30.733889,29.828333,09-10-2012,,,
-26.648056,27.089444,09-10-2012,,,
-26.970278,27.211111,09-10-2012,,,
-26.880278,26.965,09-10-2012,,,
-27.802778,28.768333,09-10-2012,,,
-26.98472222,26.63227778,09-10-2012,,,
-29.160278,26.573333,09-10-2012,,,
-28.69485,28.23487,09-10-2012,,,
-28.883333,27.89,09-10-2012,,,
-28.068333,31.55,09-10-2012,,,
-30.830556,26.921389,10-10-2012,,,
-25.20639,27.558,10-10-2012,,,
-30.398056,30.601944,10-10-2012,,,
-27.00222,28.76528,10-10-2012,,,
-31.000833,26.353056,10-10-2012,,,
-28.768056,20.720556,10-10-2012,,,
-34.031944,22.053333,10-10-2012,,,
-34.039722,22.133333,10-10-2012,,,
-34.405833,19.600556,10-10-2012,,,
-34.005833,22.351111,10-10-2012,,,
-30.830556,26.921389,11-10-2012,,,
-30.679722,26.7125,11-10-2012,,,
-30.160091,27.40124,11-10-2012,,,
-30.336111,27.359444,11-10-2012,,,
-28.404444,30.013056,12-10-2012,,,
-27.902778,24.615556,12-10-2012,,,
-29.658056,25.973333,12-10-2012,,,
-31.000833,26.353056,12-10-2012,,,
-29.803611,30.516111,12-10-2012,,,
-25.99136,27.84208,15-10-2012,,,
-26.45,28.085833,15-10-2012,,,
-33.31388889,19.07472222,15-10-2012,,,
-29.161667,23.696389,16-10-2012,,,
-27.01011111,26.69808333,16-10-2012,,,
-25.681111,31.783333,16-10-2012,,,
-29.380556,30.2775,16-10-2012,,,
-26.648056,27.089444,16-10-2012,,,
-26.970278,27.211111,16-10-2012,,,
-26.880278,26.965,16-10-2012,,,
-26.98472222,26.63227778,16-10-2012,,,
-27.935,26.126667,16-10-2012,,,
-29.160278,26.573333,16-10-2012,,,
-29.1825,23.575556,16-10-2012,,,
-34.250556,20.9925,16-10-2012,,,
-33.7075,18.97444444,16-10-2012,,,
-25.45963889,28.26430556,16-10-2012,,,
-29.161667,23.696389,17-10-2012,,,
-25.81048333,27.90955222,17-10-2012,,,
-24.768889,31.39,17-10-2012,,,
-24.9675,31.516667,17-10-2012,,,
-27.937778,31.209444,17-10-2012,,,
-27.169444,29.233889,17-10-2012,,,
-27.00222,28.76528,17-10-2012,,,
-27.802778,28.768333,17-10-2012,,,
-32.595833,19.009444,17-10-2012,,,
-28.058889,30.373611,17-10-2012,,,
-31.860278,18.6875,18-10-2012,,,
-27.273889,28.49,18-10-2012,,,
-27.671111,27.236944,18-10-2012,,,
-25.14944444,31.94055556,19-10-2012,,,
-32.502778,19.535833,19-10-2012,,,
-31.031389,28.883333,21-10-2012,,,
-24.679167,30.8025,22-10-2012,,,
-26.861111,28.884722,22-10-2012,,,
-26.45,28.085833,22-10-2012,,,
-31.396,29.2651,22-10-2012,,,
-31.554722,29.245556,22-10-2012,,,
-27.01011111,26.69808333,23-10-2012,,,
-24.183889,30.823889,23-10-2012,,,
-25.127778,27.628889,23-10-2012,,,
-25.20639,27.558,23-10-2012,,,
-24.69514,27.40906,23-10-2012,,,
-28.747778,31.745833,23-10-2012,,,
-26.648056,27.089444,23-10-2012,,,
-26.970278,27.211111,23-10-2012,,,
-26.880278,26.965,23-10-2012,,,
-27.802778,28.768333,23-10-2012,,,
-27.38972222,26.46388889,23-10-2012,,,
-26.98472222,26.63227778,23-10-2012,,,
-28.69485,28.23487,23-10-2012,,,
-30.568333,29.422778,23-10-2012,,,
-30.570833,29.150556,23-10-2012,,,
-31.104278,29.399722,23-10-2012,,,
-33.501667,21.624167,23-10-2012,,,
-29.161667,23.696389,24-10-2012,,,
-24.39619444,27.08983333,24-10-2012,,,
-24.058889,31.237222,24-10-2012,,,
-28.141944,26.417778,24-10-2012,,,
-27.398611,26.614722,24-10-2012,,,
-27.671111,27.236944,24-10-2012,,,
-30.679722,26.7125,24-10-2012,,,
-30.336111,27.359444,24-10-2012,,,
-28.768056,20.720556,24-10-2012,,,
-30.86013889,29.07125,24-10-2012,,,
-30.77586667,29.03221667,24-10-2012,,,
-33.13083,18.86278,24-10-2012,,,
-28.75,30.442778,25-10-2012,,,
-29.161667,30.629722,25-10-2012,,,
-27.38972222,26.46388889,25-10-2012,,,
-27.671111,27.236944,28-10-2012,,,
-28.068333,31.55,28-10-2012,,,
-25.99136,27.84208,29-10-2012,,,
-27.00222,28.76528,29-10-2012,,,
-26.45,28.085833,29-10-2012,,,
-27.01011111,26.69808333,30-10-2012,,,
-26.648056,27.089444,30-10-2012,,,
-26.970278,27.211111,30-10-2012,,,
-26.880278,26.965,30-10-2012,,,
-26.98472222,26.63227778,30-10-2012,,,
-29.160278,26.573333,30-10-2012,,,
-25.45963889,28.26430556,30-10-2012,,,
-28.338333,31.373611,30-10-2012,,,
-25.57877778,29.12747222,30-10-2012,,,
-29.161667,23.696389,31-10-2012,,,
-25.81048333,27.90955222,31-10-2012,,,
-29.641944,30.6875,31-10-2012,,,
-22.769722,30.886944,31-10-2012,,,
-28.44555556,32.325,21-02-2013,,,
-26.73806,27.59194,31-10-2012,,,
-23.658056,31.05,01-11-2012,,,
-29.161667,23.696389,02-11-2012,,,
-28.7115,24.07288889,02-11-2012,,,
-29.1825,23.575556,02-11-2012,,,
-29.7775,29.470833,05-11-2012,,,
-29.987778,29.851667,05-11-2012,,,
-29.744167,29.905833,05-11-2012,,,
-26.970278,27.211111,05-11-2012,,,
-26.45,28.085833,05-11-2012,,,
-33.818056,19.694722,05-11-2012,,,
-33.897778,20.012778,05-11-2012,,,
-34.065833,20.404167,06-11-2012,,,
-24.670833,28.560833,06-11-2012,,,
-25.127778,27.628889,06-11-2012,,,
-25.20639,27.558,06-11-2012,,,
-24.39619444,27.08983333,06-11-2012,,,
-24.69514,27.40906,06-11-2012,,,
-26.03611,30.99778,06-11-2012,,,
-27.363611,31.783333,06-11-2012,,,
-30.733889,29.828333,06-11-2012,,,
-27.38972222,26.46388889,06-11-2012,,,
-27.398611,26.614722,06-11-2012,,,
-27.671111,27.236944,06-11-2012,,,
-29.160278,26.573333,06-11-2012,,,
-28.69485,28.23487,06-11-2012,,,
-28.883333,27.89,06-11-2012,,,
-34.092222,21.295278,06-11-2012,,,
-34.075556,20.145556,06-11-2012,,,
-29.161667,23.696389,07-11-2012,,,
-22.935,28.004167,07-11-2012,,,
-26.905,32.324722,07-11-2012,,,
-30.398056,30.601944,07-11-2012,,,
-30.27402,30.69602,07-11-2012,,,
-27.3,28.586944,07-11-2012,,,
-29.615556,27.065278,07-11-2012,,,
-34.405833,19.600556,07-11-2012,,,
-27.01011111,26.69808333,08-11-2012,,,
-30.830556,26.921389,08-11-2012,,,
-22.91028,29.61111,08-11-2012,,,
-26.861111,28.884722,08-11-2012,,,
-27.00222,28.76528,08-11-2012,,,
-27.02314,28.59389,08-11-2012,,,
-26.648056,27.089444,08-11-2012,,,
-26.880278,26.965,08-11-2012,,,
-26.98472222,26.63227778,08-11-2012,,,
-29.028629,24.638389,08-11-2012,,,
-30.679722,26.7125,08-11-2012,,,
-30.160091,27.40124,08-11-2012,,,
-30.336111,27.359444,08-11-2012,,,
-34.329722,18.990278,08-11-2012,,,
-29.658056,25.973333,09-11-2012,,,
-31.000833,26.353056,09-11-2012,,,
-29.803611,30.516111,09-11-2012,,,
-25.99136,27.84208,12-11-2012,,,
-26.861111,28.884722,12-11-2012,,,
-26.45,28.085833,12-11-2012,,,
-27.671111,27.236944,12-11-2012,,,
-33.38056,19.30167,12-11-2012,,,
-32.502778,19.535833,12-11-2012,,,
-27.01011111,26.69808333,13-11-2012,,,
-31.860278,18.6875,13-11-2012,,,
-25.73411,27.21422,13-11-2012,,,
-22.43772222,31.07805556,13-11-2012,,,
-29.380556,30.2775,13-11-2012,,,
-27.169444,29.233889,13-11-2012,,,
-27.00222,28.76528,13-11-2012,,,
-26.970278,27.211111,13-11-2012,,,
-26.880278,26.965,13-11-2012,,,
-26.98472222,26.63227778,13-11-2012,,,
-27.935,26.126667,13-11-2012,,,
-32.595833,19.009444,13-11-2012,,,
-25.45963889,28.26430556,13-11-2012,,,
-29.161667,23.696389,14-11-2012,,,
-25.81048333,27.90955222,14-11-2012,,,
-27.3,28.586944,14-11-2012,,,
-33.31388889,19.07472222,14-11-2012,,,
-33.13083,18.86278,14-11-2012,,,
-27.5275,30.858056,15-11-2012,,,
-33.7075,18.97444444,15-11-2012,,,
-34.250556,20.9925,16-11-2012,,,
-24.679167,30.8025,19-11-2012,,,
-26.45,28.085833,19-11-2012,,,
-28.116667,26.725278,19-11-2012,,,
-29.160278,26.573333,19-11-2012,,,
-27.01011111,26.69808333,20-11-2012,,,
-24.183889,30.823889,20-11-2012,,,
-25.127778,27.628889,20-11-2012,,,
-25.20639,27.558,20-11-2012,,,
-26.861111,28.884722,20-11-2012,,,
-27.00222,28.76528,20-11-2012,,,
-26.648056,27.089444,20-11-2012,,,
-26.970278,27.211111,20-11-2012,,,
-26.880278,26.965,20-11-2012,,,
-26.98472222,26.63227778,20-11-2012,,,
-31.396,29.2651,20-11-2012,,,
-31.554722,29.245556,20-11-2012,,,
-34.031944,22.053333,20-11-2012,,,
-34.039722,22.133333,20-11-2012,,,
-29.161667,23.696389,21-11-2012,,,
-28.7115,24.07288889,21-11-2012,,,
-28.747778,31.745833,21-11-2012,,,
-28.141944,26.417778,21-11-2012,,,
-30.27402,30.69602,10-10-2012,,,
-29.160278,26.573333,21-11-2012,,,
-30.570833,29.150556,21-11-2012,,,
-31.104278,29.399722,21-11-2012,,,
-34.02861,22.22222,21-11-2012,,,
-34.005833,22.351111,21-11-2012,,,
-29.140556,31.391944,22-11-2012,,,
-24.39619444,27.08983333,22-11-2012,,,
-28.75,30.442778,22-11-2012,,,
-27.38972222,26.46388889,22-11-2012,,,
-27.671111,27.236944,22-11-2012,,,
-30.568333,29.422778,22-11-2012,,,
-31.031389,28.883333,22-11-2012,,,
-30.86013889,29.07125,22-11-2012,,,
-30.77586667,29.03221667,22-11-2012,,,
-25.99136,27.84208,26-11-2012,,,
-26.73806,27.59194,26-11-2012,,,
-26.45,28.085833,26-11-2012,,,
-33.818056,19.694722,26-11-2012,,,
-33.897778,20.012778,26-11-2012,,,
-34.065833,20.404167,27-11-2012,,,
-28.404444,30.013056,27-11-2012,,,
-27.169444,29.233889,27-11-2012,,,
-26.861111,28.884722,27-11-2012,,,
-27.3,28.586944,27-11-2012,,,
-29.042222,24.6,27-11-2012,,,
-29.028629,24.638389,27-11-2012,,,
-33.501667,21.624167,27-11-2012,,,
-34.075556,20.145556,27-11-2012,,,
-25.45963889,28.26430556,27-11-2012,,,
-28.338333,31.373611,27-11-2012,,,
-28.068333,31.55,27-11-2012,,,
-25.57877778,29.12747222,27-11-2012,,,
-29.161667,23.696389,28-11-2012,,,
-27.01011111,26.69808333,28-11-2012,,,
-25.81048333,27.90955222,28-11-2012,,,
-26.648056,27.089444,28-11-2012,,,
-26.970278,27.211111,28-11-2012,,,
-26.880278,26.965,28-11-2012,,,
-27.802778,28.768333,28-11-2012,,,
-26.98472222,26.63227778,28-11-2012,,,
-34.405833,19.600556,28-11-2012,,,
-29.641944,30.6875,29-11-2012,,,
-25.73411,27.21422,29-11-2012,,,
-24.925278,29.324444,29-11-2012,,,
-27.398611,26.614722,29-11-2012,,,
-34.329722,18.990278,29-11-2012,,,
-29.7775,29.470833,03-12-2012,,,
-29.987778,29.851667,03-12-2012,,,
-29.744167,29.905833,03-12-2012,,,
-26.970278,27.211111,03-12-2012,,,
-26.45,28.085833,03-12-2012,,,
-33.31388889,19.07472222,03-12-2012,,,
-25.127778,27.628889,04-12-2012,,,
-25.20639,27.558,04-12-2012,,,
-24.39619444,27.08983333,04-12-2012,,,
-24.69514,27.40906,04-12-2012,,,
-22.769722,30.886944,04-12-2012,,,
-27.363611,31.783333,04-12-2012,,,
-30.733889,29.828333,04-12-2012,,,
-26.861111,28.884722,04-12-2012,,,
-27.02314,28.59389,04-12-2012,,,
-27.671111,27.236944,04-12-2012,,,
-28.69485,28.23487,04-12-2012,,,
-29.615556,27.065278,04-12-2012,,,
-34.092222,21.295278,04-12-2012,,,
-33.13083,18.86278,04-12-2012,,,
-33.7075,18.97444444,04-12-2012,,,
-29.161667,23.696389,05-12-2012,,,
-27.01011111,26.69808333,05-12-2012,,,
-30.398056,30.601944,05-12-2012,,,
-27.00222,28.76528,05-12-2012,,,
-26.648056,27.089444,05-12-2012,,,
-26.880278,26.965,05-12-2012,,,
-27.273889,28.49,05-12-2012,,,
-27.3,28.586944,05-12-2012,,,
-26.98472222,26.63227778,05-12-2012,,,
-30.336111,27.359444,05-12-2012,,,
-28.768056,20.720556,05-12-2012,,,
-34.039722,22.133333,05-12-2012,,,
-32.595833,19.009444,05-12-2012,,,
-31.860278,18.6875,06-12-2012,,,
-30.830556,26.921389,06-12-2012,,,
-23.658056,31.05,06-12-2012,,,
-26.905,32.324722,06-12-2012,,,
-26.98472222,26.63227778,06-12-2012,,,
-31.000833,26.353056,06-12-2012,,,
-30.679722,26.7125,06-12-2012,,,
-33.501667,21.624167,06-12-2012,,,
-33.38056,19.30167,06-12-2012,,,
-29.803611,30.516111,06-12-2012,,,
-29.658056,25.973333,07-12-2012,,,
-28.96362,19.15486,08-12-2012,,,
-25.99136,27.84208,10-12-2012,,,
-29.380556,30.2775,10-12-2012,,,
-26.73806,27.59194,10-12-2012,,,
-26.45,28.085833,10-12-2012,,,
-27.671111,27.236944,10-12-2012,,,
-30.86013889,29.07125,10-12-2012,,,
-31.104278,29.399722,10-12-2012,,,
-31.396,29.2651,10-12-2012,,,
-31.554722,29.245556,10-12-2012,,,
-34.005833,22.351111,10-12-2012,,,
-27.01011111,26.69808333,11-12-2012,,,
-26.861111,28.884722,11-12-2012,,,
-27.00222,28.76528,11-12-2012,,,
-26.970278,27.211111,11-12-2012,,,
-26.880278,26.965,11-12-2012,,,
-26.98472222,26.63227778,11-12-2012,,,
-30.77586667,29.03221667,11-12-2012,,,
-25.45963889,28.26430556,11-12-2012,,,
-25.81048333,27.90955222,12-12-2012,,,
-27.5275,30.858056,12-12-2012,,,
-28.141944,26.417778,12-12-2012,,,
-28.1175,26.719444,12-12-2012,,,
-30.568333,29.422778,12-12-2012,,,
-31.031389,28.883333,12-12-2012,,,
-30.570833,29.150556,12-12-2012,,,
-34.250556,20.9925,12-12-2012,,,
-24.670833,28.560833,13-12-2012,,,
-27.937778,31.209444,13-12-2012,,,
-27.398611,26.614722,13-12-2012,,,
-27.671111,27.236944,13-12-2012,,,
-22.43772222,31.07805556,14-12-2012,,,
-28.96362,19.15486,15-12-2012,,,
-28.735556,29.820556,17-12-2012,,,
-28.7115,24.07288889,18-12-2012,,,
-25.127778,27.628889,18-12-2012,,,
-25.20639,27.558,18-12-2012,,,
-24.69514,27.40906,18-12-2012,,,
-26.45,28.085833,18-12-2012,,,
-29.1825,23.575556,18-12-2012,,,
-33.501667,21.624167,18-12-2012,,,
-29.161667,23.696389,19-12-2012,,,
-27.01011111,26.69808333,19-12-2012,,,
-24.39619444,27.08983333,19-12-2012,,,
-28.404444,30.013056,19-12-2012,,,
-26.861111,28.884722,19-12-2012,,,
-27.00222,28.76528,19-12-2012,,,
-26.648056,27.089444,19-12-2012,,,
-26.970278,27.211111,19-12-2012,,,
-26.880278,26.965,19-12-2012,,,
-26.98472222,26.63227778,19-12-2012,,,
-28.768056,20.720556,19-12-2012,,,
-28.75,30.442778,20-12-2012,,,
-29.161667,30.629722,20-12-2012,,,
-28.96362,19.15486,22-12-2012,,,
-28.96362,19.15486,29-12-2012,,,
-25.14944444,31.94055556,01-01-2013,,,
-27.00222,28.76528,01-01-2013,,,
-25.127778,27.628889,02-01-2013,,,
-25.99136,27.84208,02-01-2013,,,
-25.20639,27.558,02-01-2013,,,
-30.160091,27.40124,02-01-2013,,,
-28.96362,19.15486,02-01-2013,,,
-25.81048333,27.90955222,03-01-2013,,,
-26.73806,27.59194,03-01-2013,,,
-27.398611,26.614722,03-01-2013,,,
-27.671111,27.236944,03-01-2013,,,
-25.45963889,28.26430556,03-01-2013,,,
-27.01011111,26.69808333,04-01-2013,,,
-26.648056,27.089444,04-01-2013,,,
-26.970278,27.211111,04-01-2013,,,
-26.880278,26.965,04-01-2013,,,
-26.98472222,26.63227778,04-01-2013,,,
-28.96362,19.15486,05-01-2013,,,
-25.99136,27.84208,07-01-2013,,,
-28.747778,31.745833,07-01-2013,,,
-29.7775,29.470833,07-01-2013,,,
-29.744167,29.905833,07-01-2013,,,
-26.45,28.085833,07-01-2013,,,
-28.768056,20.720556,07-01-2013,,,
-27.01011111,26.69808333,08-01-2013,,,
-23.658056,31.05,08-01-2013,9633.5,8377.0,47071.5
-27.169444,29.233889,08-01-2013,,,
-26.861111,28.884722,08-01-2013,,,
-26.648056,27.089444,08-01-2013,,,
-26.970278,27.211111,08-01-2013,,,
-26.880278,26.965,08-01-2013,,,
-26.98472222,26.63227778,08-01-2013,,,
-29.160278,26.573333,08-01-2013,,,
-28.883333,27.89,08-01-2013,,,
-25.45963889,28.26430556,08-01-2013,,,
-25.81048333,27.90955222,09-01-2013,,,
-22.769722,30.886944,09-01-2013,10115.0,8459.0,48314.0
-29.744167,29.905833,09-01-2013,,,
-30.398056,30.601944,09-01-2013,,,
-30.27402,30.69602,09-01-2013,,,
-27.00222,28.76528,09-01-2013,,,
-27.02314,28.59389,09-01-2013,,,
-27.273889,28.49,09-01-2013,,,
-27.4275,28.525833,09-01-2013,,,
-27.3,28.586944,09-01-2013,,,
-30.830556,26.921389,10-01-2013,,,
-30.733889,29.828333,10-01-2013,,,
-29.042222,24.6,10-01-2013,,,
-29.028629,24.638389,10-01-2013,,,
-30.679722,26.7125,10-01-2013,,,
-30.160091,27.40124,10-01-2013,,,
-30.336111,27.359444,10-01-2013,,,
-24.39619444,27.08983333,11-01-2013,,,
-29.658056,25.973333,11-01-2013,,,
-31.000833,26.353056,11-01-2013,,,
-30.534167,24.961944,11-01-2013,,,
-34.250556,20.9925,11-01-2013,,,
-29.803611,30.516111,11-01-2013,,,
-29.140556,31.391944,13-01-2013,,,
-31.396,29.2651,14-01-2013,,,
-31.554722,29.245556,14-01-2013,,,
-33.818056,19.694722,14-01-2013,,,
-27.01011111,26.69808333,15-01-2013,,,
-34.065833,20.404167,15-01-2013,,,
-25.20639,27.558,15-01-2013,,,
-28.747778,31.745833,15-01-2013,,,
-26.648056,27.089444,15-01-2013,,,
-26.970278,27.211111,15-01-2013,,,
-26.880278,26.965,15-01-2013,,,
-26.98472222,26.63227778,15-01-2013,,,
-30.568333,29.422778,15-01-2013,,,
-30.570833,29.150556,15-01-2013,,,
-31.104278,29.399722,15-01-2013,,,
-34.075556,20.145556,15-01-2013,,,
-29.161667,23.696389,16-01-2013,,,
-29.140556,31.391944,16-01-2013,,,
-24.39619444,27.08983333,16-01-2013,,,
-26.45,28.085833,16-01-2013,,,
-27.802778,28.768333,16-01-2013,,,
-28.768056,20.720556,16-01-2013,,,
-31.031389,28.883333,16-01-2013,,,
-30.86013889,29.07125,16-01-2013,,,
-30.77586667,29.03221667,16-01-2013,,,
-33.501667,21.624167,16-01-2013,,,
-34.405833,19.600556,16-01-2013,,,
-28.801278,31.955389,17-01-2013,,,
-28.75,30.442778,17-01-2013,,,
-29.161667,30.629722,17-01-2013,,,
-26.861111,28.884722,17-01-2013,,,
-27.00222,28.76528,17-01-2013,,,
-27.4275,28.525833,17-01-2013,,,
-34.329722,18.990278,17-01-2013,,,
-25.99136,27.84208,21-01-2013,,,
-26.73806,27.59194,21-01-2013,,,
-26.45,28.085833,21-01-2013,,,
-27.01011111,26.69808333,22-01-2013,,,
-28.747778,31.745833,22-01-2013,,,
-26.861111,28.884722,22-01-2013,,,
-26.648056,27.089444,22-01-2013,,,
-26.970278,27.211111,22-01-2013,,,
-26.880278,26.965,22-01-2013,,,
-26.98472222,26.63227778,22-01-2013,,,
-27.935,26.126667,22-01-2013,,,
-28.1175,26.719444,22-01-2013,,,
-30.160091,27.40124,22-01-2013,,,
-34.031944,22.053333,22-01-2013,,,
-34.039722,22.133333,22-01-2013,,,
-25.45963889,28.26430556,22-01-2013,,,
-28.338333,31.373611,22-01-2013,,,
-28.068333,31.55,22-01-2013,,,
-29.161667,23.696389,23-01-2013,,,
-25.81048333,27.90955222,23-01-2013,,,
-29.744167,29.905833,23-01-2013,,,
-27.00222,28.76528,23-01-2013,,,
-27.38972222,26.46388889,23-01-2013,,,
-28.141944,26.417778,23-01-2013,,,
-27.398611,26.614722,23-01-2013,,,
-30.336111,27.359444,23-01-2013,,,
-24.058889,31.237222,24-01-2013,9458.0,8396.0,46794.5
-28.44555556,32.325,21-03-2013,,,
-28.1175,26.719444,24-01-2013,,,
-27.671111,27.236944,24-01-2013,,,
-29.641944,30.6875,28-01-2013,,,
-29.758889,30.935278,28-01-2013,,,
-30.398056,30.601944,28-01-2013,,,
-30.27402,30.69602,28-01-2013,,,
-26.45,28.085833,28-01-2013,,,
-34.02861,22.22222,28-01-2013,,,
-33.31388889,19.07472222,28-01-2013,,,
-27.01011111,26.69808333,29-01-2013,,,
-25.127778,27.628889,29-01-2013,,,
-25.20639,27.558,29-01-2013,,,
-24.39619444,27.08983333,29-01-2013,,,
-24.69514,27.40906,29-01-2013,,,
-27.363611,31.783333,29-01-2013,,,
-28.735556,29.820556,29-01-2013,,,
-26.861111,28.884722,29-01-2013,,,
-26.98472222,26.63227778,29-01-2013,,,
-27.398611,26.614722,29-01-2013,,,
-33.7075,18.97444444,29-01-2013,,,
-34.005833,22.351111,29-01-2013,,,
-29.641944,30.6875,30-01-2013,,,
-29.380556,30.2775,30-01-2013,,,
-26.648056,27.089444,30-01-2013,,,
-29.042222,24.6,30-01-2013,,,
-29.028629,24.638389,30-01-2013,,,
-32.595833,19.009444,30-01-2013,,,
-33.13083,18.86278,30-01-2013,,,
-26.905,32.324722,31-01-2013,,,
-27.935,26.126667,31-01-2013,,,
-28.1175,26.719444,31-01-2013,,,
-27.902778,24.615556,31-01-2013,,,
-30.160091,27.40124,31-01-2013,,,
-33.38056,19.30167,31-01-2013,,,
-32.502778,19.535833,01-02-2013,,,
-25.99136,27.84208,04-02-2013,,,
-26.73806,27.59194,04-02-2013,,,
-26.45,28.085833,04-02-2013,,,
-23.658056,31.05,05-02-2013,9633.5,8377.0,47071.5
-23.281,30.54305556,05-02-2013,9983.0,8451.0,46241.0
-25.14944444,31.94055556,05-02-2013,10311.0,8581.0,
-27.169444,29.233889,05-02-2013,,,
-26.861111,28.884722,05-02-2013,,,
-27.398611,26.614722,05-02-2013,,,
-27.671111,27.236944,05-02-2013,,,
-29.160278,26.573333,05-02-2013,,,
-34.031944,22.053333,05-02-2013,,,
-25.45963889,28.26430556,05-02-2013,,,
-27.01011111,26.69808333,06-02-2013,,,
-25.81048333,27.90955222,06-02-2013,,,
-22.769722,30.886944,06-02-2013,10115.0,8459.0,48314.0
-29.744167,29.905833,06-02-2013,,,
-27.02314,28.59389,06-02-2013,,,
-26.648056,27.089444,06-02-2013,,,
-26.970278,27.211111,06-02-2013,,,
-27.273889,28.49,06-02-2013,,,
-27.4275,28.525833,06-02-2013,,,
-27.3,28.586944,06-02-2013,,,
-26.98472222,26.63227778,06-02-2013,,,
-28.69485,28.23487,06-02-2013,,,
-29.615556,27.065278,06-02-2013,,,
-28.883333,27.89,06-02-2013,,,
-28.75,30.442778,07-02-2013,,,
-29.161667,30.629722,07-02-2013,,,
-27.00222,28.76528,07-02-2013,,,
-30.679722,26.7125,07-02-2013,,,
-30.160091,27.40124,07-02-2013,,,
-30.336111,27.359444,07-02-2013,,,
-27.935,26.126667,08-02-2013,,,
-28.1175,26.719444,08-02-2013,,,
-29.160278,26.573333,08-02-2013,,,
-29.658056,25.973333,08-02-2013,,,
-31.000833,26.353056,08-02-2013,,,
-28.96362,19.15486,09-02-2013,,,
-23.281,30.54305556,10-02-2013,9983.0,8451.0,46241.0
-24.058889,31.237222,11-02-2013,9458.0,8396.0,46794.5
-26.970278,27.211111,11-02-2013,,,
-26.45,28.085833,11-02-2013,,,
-31.031389,28.883333,11-02-2013,,,
-30.86013889,29.07125,11-02-2013,,,
-30.77586667,29.03221667,11-02-2013,,,
-33.818056,19.694722,11-02-2013,,,
-27.01011111,26.69808333,12-02-2013,,,
-34.065833,20.404167,12-02-2013,8081.0,7722.0,45498.0
-24.670833,28.560833,12-02-2013,,,
-25.127778,27.628889,12-02-2013,,,
-25.20639,27.558,12-02-2013,,,
-24.69514,27.40906,12-02-2013,,,
-28.747778,31.745833,12-02-2013,,,
-29.380556,30.2775,12-02-2013,,,
-26.861111,28.884722,12-02-2013,,,
-26.648056,27.089444,12-02-2013,,,
-26.880278,26.965,12-02-2013,,,
-26.98472222,26.63227778,12-02-2013,,,
-29.042222,24.6,12-02-2013,,,
-34.075556,20.145556,12-02-2013,11220.0,9254.5,47367.5
-28.058889,30.373611,12-02-2013,,,
-29.161667,23.696389,13-02-2013,,,
-24.282222,28.090278,13-02-2013,,,
-24.39619444,27.08983333,13-02-2013,,,
-24.925278,29.324444,13-02-2013,,,
-28.747778,31.745833,13-02-2013,,,
-27.937778,31.209444,13-02-2013,,,
-28.404444,30.013056,13-02-2013,,,
-28.768056,20.720556,13-02-2013,,,
-31.396,29.2651,13-02-2013,,,
-31.554722,29.245556,13-02-2013,,,
-33.897778,20.012778,13-02-2013,,,
-28.801278,31.955389,14-02-2013,,,
-27.5275,30.858056,14-02-2013,,,
-27.671111,27.236944,14-02-2013,,,
-27.573056,24.746389,14-02-2013,,,
-30.568333,29.422778,14-02-2013,,,
-30.570833,29.150556,14-02-2013,,,
-31.104278,29.399722,14-02-2013,,,
-34.329722,18.990278,14-02-2013,,,
-29.744167,29.905833,16-02-2013,,,
-25.99136,27.84208,18-02-2013,,,
-29.7775,29.470833,18-02-2013,,,
-26.880278,26.965,18-02-2013,,,
-27.01011111,26.69808333,19-02-2013,,,
-30.733889,29.828333,19-02-2013,,,
-26.648056,27.089444,19-02-2013,,,
-26.970278,27.211111,19-02-2013,,,
-26.98472222,26.63227778,19-02-2013,,,
-25.45963889,28.26430556,19-02-2013,,,
-28.068333,31.55,19-02-2013,,,
-29.161667,23.696389,20-02-2013,,,
-25.81048333,27.90955222,20-02-2013,,,
-29.744167,29.905833,20-02-2013,,,
-30.27402,30.69602,20-02-2013,,,
-27.38972222,26.46388889,20-02-2013,,,
-28.141944,26.417778,20-02-2013,,,
-28.1175,26.719444,20-02-2013,,,
-34.250556,20.9925,20-02-2013,,,
-28.44555556,32.325,18-04-2013,,,
-30.13573889,30.67422222,21-02-2013,,,
-27.398611,26.614722,21-02-2013,,,
-27.671111,27.236944,21-02-2013,,,
-28.96362,19.15486,23-02-2013,,,
-28.735556,29.820556,25-02-2013,,,
-26.45,28.085833,25-02-2013,,,
-33.501667,21.624167,25-02-2013,,,
-33.38056,19.30167,25-02-2013,,,
-33.31388889,19.07472222,25-02-2013,,,
-27.01011111,26.69808333,26-02-2013,,,
-22.935,28.004167,26-02-2013,,,
-23.763056,27.908611,26-02-2013,,,
-22.548889,28.898056,26-02-2013,,,
-22.91028,29.61111,26-02-2013,,,
-25.127778,27.628889,26-02-2013,,,
-25.20639,27.558,26-02-2013,,,
-24.39619444,27.08983333,26-02-2013,,,
-24.69514,27.40906,26-02-2013,,,
-25.73411,27.21422,26-02-2013,,,
-27.363611,31.783333,26-02-2013,,,
-26.861111,28.884722,26-02-2013,,,
-26.648056,27.089444,26-02-2013,,,
-26.970278,27.211111,26-02-2013,,,
-26.880278,26.965,26-02-2013,,,
-26.98472222,26.63227778,26-02-2013,,,
-33.7075,18.97444444,26-02-2013,,,
-29.161667,23.696389,27-02-2013,,,
-29.641944,30.6875,27-02-2013,,,
-24.282222,28.090278,27-02-2013,,,
-24.670833,28.560833,27-02-2013,,,
-27.602222,29.942778,27-02-2013,,,
-27.00222,28.76528,27-02-2013,,,
-32.595833,19.009444,27-02-2013,,,
-33.08883333,19.21878333,27-02-2013,,,
-33.13083,18.86278,27-02-2013,,,
-32.94583,18.33667,27-02-2013,,,
-26.905,32.324722,28-02-2013,,,
-34.092222,21.295278,28-02-2013,,,
-27.902778,24.615556,01-03-2013,,,
-25.99136,27.84208,04-03-2013,,,
-26.73806,27.59194,04-03-2013,,,
-26.45,28.085833,04-03-2013,,,
-23.658056,31.05,05-03-2013,9633.5,8377.0,47071.5
-23.281,30.54305556,05-03-2013,9983.0,8451.0,46241.0
-27.169444,29.233889,05-03-2013,,,
-26.861111,28.884722,05-03-2013,,,
-27.398611,26.614722,05-03-2013,,,
-28.69485,28.23487,05-03-2013,,,
-28.883333,27.89,05-03-2013,,,
-25.45963889,28.26430556,05-03-2013,,,
-27.01011111,26.69808333,06-03-2013,,,
-25.81048333,27.90955222,06-03-2013,,,
-29.744167,29.905833,06-03-2013,,,
-26.648056,27.089444,06-03-2013,,,
-26.970278,27.211111,06-03-2013,,,
-26.880278,26.965,06-03-2013,,,
-26.98472222,26.63227778,06-03-2013,,,
-29.160278,26.573333,06-03-2013,,,
-29.615556,27.065278,06-03-2013,,,
-34.031944,22.053333,06-03-2013,,,
-34.039722,22.133333,06-03-2013,,,
-30.830556,26.921389,07-03-2013,,,
-28.75,30.442778,07-03-2013,10945.5,8674.0,43761.5
-29.161667,30.629722,07-03-2013,9380.0,8113.0,44162.5
-30.160091,27.40124,07-03-2013,,,
-30.336111,27.359444,07-03-2013,,,
-29.042222,24.6,08-03-2013,,,
-31.000833,26.353056,08-03-2013,,,
-30.679722,26.7125,08-03-2013,,,
-34.005833,22.351111,08-03-2013,,,
-28.735556,29.820556,11-03-2013,8794.5,8143.5,42467.5
-26.970278,27.211111,11-03-2013,,,
-26.45,28.085833,11-03-2013,,,
-29.1825,23.575556,11-03-2013,,,
-33.818056,19.694722,11-03-2013,,,
-27.01011111,26.69808333,12-03-2013,,,
-34.065833,20.404167,12-03-2013,8081.0,7722.0,45498.0
-25.127778,27.628889,12-03-2013,,,
-25.20639,27.558,12-03-2013,,,
-24.69514,27.40906,12-03-2013,,,
-28.747778,31.745833,12-03-2013,,,
-28.404444,30.013056,12-03-2013,9279.0,8176.5,41815.5
-29.380556,30.2775,12-03-2013,8712.5,7959.0,43278.5
-26.861111,28.884722,12-03-2013,,,
-26.648056,27.089444,12-03-2013,,,
-26.880278,26.965,12-03-2013,,,
-26.98472222,26.63227778,12-03-2013,,,
-28.376944,24.303056,12-03-2013,,,
-34.075556,20.145556,12-03-2013,11220.0,9254.5,47367.5
-29.140556,31.391944,13-03-2013,,,
-24.39619444,27.08983333,13-03-2013,,,
-22.769722,30.886944,13-03-2013,10115.0,8459.0,48314.0
-28.404444,30.013056,13-03-2013,9279.0,8176.5,41815.5
-29.161667,30.629722,13-03-2013,9380.0,8113.0,44162.5
-27.00222,28.76528,13-03-2013,,,
-27.02314,28.59389,13-03-2013,,,
-27.273889,28.49,13-03-2013,,,
-27.4275,28.525833,13-03-2013,,,
-27.3,28.586944,13-03-2013,,,
-28.141944,26.417778,13-03-2013,,,
-28.1175,26.719444,13-03-2013,,,
-29.160278,26.573333,13-03-2013,,,
-28.768056,20.720556,13-03-2013,,,
-34.250556,20.9925,13-03-2013,8710.0,8103.5,44914.0
-28.058889,30.373611,13-03-2013,,,
-25.57877778,29.12747222,13-03-2013,,,
-28.801278,31.955389,14-03-2013,,,
-27.937778,31.209444,14-03-2013,8412.0,7834.5,
-27.5275,30.858056,14-03-2013,9155.0,8198.0,44483.0
-27.935,26.126667,14-03-2013,,,
-28.1175,26.719444,14-03-2013,,,
-27.902778,24.615556,14-03-2013,,,
-29.042222,24.6,14-03-2013,,,
-29.028629,24.638389,14-03-2013,,,
-34.329722,18.990278,14-03-2013,,,
-24.925278,29.324444,15-03-2013,,,
-27.671111,27.236944,15-03-2013,,,
-27.573056,24.746389,15-03-2013,,,
-26.970278,27.211111,16-03-2013,,,
-28.96362,19.15486,16-03-2013,,,
-33.08883333,19.21878333,16-03-2013,,,
-26.648056,27.089444,23-04-2014,,,
-26.648056,27.089444,01-05-2014,10620.5,8789.5,43424.5
-25.99136,27.84208,18-03-2013,,,
-29.7775,29.470833,18-03-2013,,,
-29.744167,29.905833,18-03-2013,,,
-26.970278,27.211111,18-03-2013,,,
-26.73806,27.59194,18-03-2013,,,
-26.45,28.085833,18-03-2013,,,
-30.570833,29.150556,18-03-2013,,,
-31.396,29.2651,18-03-2013,12100.5,9174.0,43603.5
-31.554722,29.245556,18-03-2013,8790.0,8082.5,44509.0
-27.01011111,26.69808333,19-03-2013,,,
-30.733889,29.828333,19-03-2013,,,
-29.987778,29.851667,19-03-2013,,,
-26.861111,28.884722,19-03-2013,,,
-27.00222,28.76528,19-03-2013,,,
-26.648056,27.089444,19-03-2013,,,
-26.880278,26.965,19-03-2013,,,
-26.98472222,26.63227778,19-03-2013,,,
-30.568333,29.422778,19-03-2013,,,
-30.570833,29.150556,19-03-2013,,,
-31.104278,29.399722,19-03-2013,9326.5,8310.5,44181.5
-33.31388889,19.07472222,19-03-2013,,,
-25.45963889,28.26430556,19-03-2013,,,
-28.338333,31.373611,19-03-2013,11986.0,9214.5,42942.0
-28.068333,31.55,19-03-2013,8867.5,7933.5,43949.0
-29.161667,23.696389,20-03-2013,,,
-25.81048333,27.90955222,20-03-2013,,,
-24.058889,31.237222,20-03-2013,9458.0,8396.0,46794.5
-30.13573889,30.67422222,20-03-2013,,,
-30.398056,30.601944,20-03-2013,,,
-30.27402,30.69602,20-03-2013,,,
-27.38972222,26.46388889,20-03-2013,,,
-28.1175,26.719444,20-03-2013,,,
-31.031389,28.883333,20-03-2013,10848.0,8792.5,43727.5
-30.86013889,29.07125,20-03-2013,,,
-30.77586667,29.03221667,20-03-2013,,,
-33.7075,18.97444444,20-03-2013,,,
-24.183889,30.823889,21-03-2013,8963.0,8043.5,46207.0
-28.44555556,32.325,16-05-2013,9505.5,8524.5,43055.5
-27.935,26.126667,21-03-2013,,,
-28.1175,26.719444,21-03-2013,,,
-27.398611,26.614722,21-03-2013,,,
-24.679167,30.8025,22-03-2013,10022.5,8502.0,45499.5
-29.744167,29.905833,22-03-2013,,,
-28.116667,26.725278,22-03-2013,,,
-29.803611,30.516111,22-03-2013,,,
-26.45,28.085833,25-03-2013,,,
-31.436944,20.474722,25-03-2013,,,
-29.1825,23.575556,25-03-2013,,,
-33.38056,19.30167,25-03-2013,10219.0,9000.5,43383.0
-27.01011111,26.69808333,26-03-2013,,,
-25.127778,27.628889,26-03-2013,,,
-24.39619444,27.08983333,26-03-2013,,,
-24.69514,27.40906,26-03-2013,,,
-25.73411,27.21422,26-03-2013,,,
-30.398056,30.601944,26-03-2013,,,
-30.27402,30.69602,26-03-2013,,,
-26.861111,28.884722,26-03-2013,,,
-27.00222,28.76528,26-03-2013,,,
-26.648056,27.089444,26-03-2013,,,
-26.970278,27.211111,26-03-2013,,,
-26.880278,26.965,26-03-2013,,,
-26.98472222,26.63227778,26-03-2013,,,
-29.651389,22.746389,26-03-2013,11603.5,9210.5,48439.0
-29.1825,23.575556,26-03-2013,,,
-32.595833,19.009444,26-03-2013,9131.0,8220.5,43603.0
-33.08883333,19.21878333,26-03-2013,10215.0,8910.0,42688.5
-29.161667,23.696389,27-03-2013,,,
-29.641944,30.6875,27-03-2013,,,
-25.20639,27.558,27-03-2013,,,
-27.602222,29.942778,27-03-2013,9431.0,8293.5,45170.0
-29.380556,30.2775,27-03-2013,8712.5,7959.0,43278.5
-29.161667,30.629722,27-03-2013,9380.0,8113.0,44162.5
-29.651389,22.746389,27-03-2013,11603.5,9210.5,48439.0
-33.13083,18.86278,27-03-2013,11128.0,9071.0,44160.0
-32.94583,18.33667,27-03-2013,9142.0,8240.5,44060.5
-29.641944,30.6875,28-03-2013,,,
-29.758889,30.935278,28-03-2013,,,
-32.502778,19.535833,28-03-2013,13105.0,10056.0,43854.0
-28.96362,19.15486,30-03-2013,,,
-25.99136,27.84208,02-04-2013,,,
-26.73806,27.59194,02-04-2013,,,
-26.45,28.085833,02-04-2013,,,
-29.160278,26.573333,02-04-2013,,,
-31.396,29.2651,02-04-2013,12100.5,9174.0,43603.5
-31.554722,29.245556,02-04-2013,8790.0,8082.5,44509.0
-27.01011111,26.69808333,03-04-2013,,,
-29.744167,29.905833,03-04-2013,,,
-26.861111,28.884722,03-04-2013,,,
-26.98472222,26.63227778,03-04-2013,,,
-27.398611,26.614722,03-04-2013,,,
-27.671111,27.236944,03-04-2013,,,
-30.568333,29.422778,03-04-2013,,,
-31.104278,29.399722,03-04-2013,9326.5,8310.5,44181.5
-34.031944,22.053333,03-04-2013,,,
-25.45963889,28.26430556,03-04-2013,,,
-25.81048333,27.90955222,04-04-2013,,,
-28.75,30.442778,04-04-2013,10945.5,8674.0,43761.5
-27.00222,28.76528,04-04-2013,,,
-27.02314,28.59389,04-04-2013,,,
-26.648056,27.089444,04-04-2013,,,
-26.970278,27.211111,04-04-2013,,,
-26.880278,26.965,04-04-2013,,,
-27.273889,28.49,04-04-2013,,,
-27.4275,28.525833,04-04-2013,,,
-27.3,28.586944,04-04-2013,,,
-30.570833,29.150556,04-04-2013,,,
-31.031389,28.883333,05-04-2013,,,
-30.86013889,29.07125,05-04-2013,,,
-30.77586667,29.03221667,05-04-2013,,,
-34.02861,22.22222,05-04-2013,8422.0,7794.5,43095.5
-28.96362,19.15486,06-04-2013,,,
-27.3,28.586944,07-04-2013,,,
-28.768056,20.720556,08-04-2013,9132.5,8134.5,44085.5
-33.818056,19.694722,08-04-2013,,,
-26.970278,27.211111,28-01-2013,,,
-34.065833,20.404167,09-04-2013,,,
-24.183889,30.823889,09-04-2013,8963.0,8043.5,46207.0
-25.127778,27.628889,09-04-2013,,,
-25.20639,27.558,09-04-2013,,,
-24.69514,27.40906,09-04-2013,,,
-28.747778,31.745833,09-04-2013,8888.5,8227.0,44178.5
-28.801278,31.955389,09-04-2013,9652.5,8480.5,43937.0
-27.3,28.586944,09-04-2013,,,
-29.160278,26.573333,09-04-2013,,,
-28.69485,28.23487,09-04-2013,,,
-34.075556,20.145556,09-04-2013,,,
-29.140556,31.391944,10-04-2013,10230.0,8519.0,43535.0
-24.282222,28.090278,10-04-2013,,,
-24.670833,28.560833,10-04-2013,,,
-24.39619444,27.08983333,10-04-2013,9390.0,8291.0,45466.5
-23.658056,31.05,10-04-2013,9633.5,8377.0,47071.5
-27.937778,31.209444,10-04-2013,8412.0,7834.5,
-28.404444,30.013056,10-04-2013,9279.0,8176.5,41815.5
-29.380556,30.2775,10-04-2013,,,
-26.970278,27.211111,16-07-2013,8199.5,7693.0,40472.5
-26.45,28.085833,10-04-2013,,,
-27.671111,27.236944,10-04-2013,9492.5,8469.0,42901.5
-29.615556,27.065278,10-04-2013,,,
-28.883333,27.89,10-04-2013,,,
-34.092222,21.295278,10-04-2013,,,
-28.058889,30.373611,10-04-2013,9446.5,8289.0,43434.5
-27.01011111,26.69808333,11-04-2013,8611.0,7838.0,42635.0
-30.830556,26.921389,11-04-2013,,,
-23.23572222,27.717,11-04-2013,,,
-22.769722,30.886944,11-04-2013,10115.0,8459.0,48314.0
-28.801278,31.955389,11-04-2013,9652.5,8480.5,43937.0
-26.861111,28.884722,11-04-2013,,,
-27.00222,28.76528,11-04-2013,,,
-26.970278,27.211111,11-04-2013,8225.5,7831.5,42116.0
-26.880278,26.965,11-04-2013,10367.0,9008.5,44607.5
-26.98472222,26.63227778,11-04-2013,9687.5,8481.0,43772.0
-27.902778,24.615556,11-04-2013,10493.5,8783.0,44390.0
-30.160091,27.40124,11-04-2013,,,
-30.336111,27.359444,11-04-2013,,,
-33.897778,20.012778,11-04-2013,,,
-24.679167,30.8025,12-04-2013,10022.5,8502.0,45499.5
-22.91028,29.61111,12-04-2013,,,
-31.000833,26.353056,12-04-2013,,,
-30.679722,26.7125,12-04-2013,,,
-31.436944,20.474722,12-04-2013,12410.0,9653.5,43894.0
-31.394444,20.947222,12-04-2013,9888.0,8625.0,44136.0
-28.96362,19.15486,13-04-2013,9999.0,8694.5,44869.5
-25.81048333,27.90955222,15-04-2013,9441.0,8482.5,42951.5
-25.99136,27.84208,15-04-2013,9003.5,8309.5,43472.5
-29.7775,29.470833,15-04-2013,,,
-29.987778,29.851667,15-04-2013,,,
-29.744167,29.905833,15-04-2013,,,
-26.45,28.085833,15-04-2013,,,
-27.01011111,26.69808333,16-04-2013,8611.0,7838.0,42635.0
-26.861111,28.884722,16-04-2013,,,
-27.00222,28.76528,16-04-2013,,,
-26.648056,27.089444,16-04-2013,9497.0,8336.5,43638.0
-26.970278,27.211111,16-04-2013,8225.5,7831.5,42116.0
-26.880278,26.965,16-04-2013,10367.0,9008.5,44607.5
-26.98472222,26.63227778,16-04-2013,9687.5,8481.0,43772.0
-28.883333,27.89,16-04-2013,,,
-33.970833,22.548333,16-04-2013,7860.5,7652.5,42701.5
-25.45963889,28.26430556,16-04-2013,,,
-28.338333,31.373611,16-04-2013,12375.5,9175.0,
-29.161667,23.696389,17-04-2013,8837.0,8680.0,42241.5
-30.733889,29.828333,17-04-2013,,,
-29.744167,29.905833,17-04-2013,,,
-30.398056,30.601944,17-04-2013,,,
-26.970278,27.211111,28-07-2014,,,
-26.73806,27.59194,17-04-2013,9339.5,8575.0,42133.5
-28.69485,28.23487,17-04-2013,,,
-34.250556,20.9925,17-04-2013,,,
-25.49037,30.6986,18-04-2013,8486.5,8015.0,43231.0
-28.44555556,32.325,13-06-2013,9505.5,8524.5,43055.5
-30.27402,30.69602,18-04-2013,,,
-29.042222,24.6,18-04-2013,,,
-29.028629,24.638389,18-04-2013,,,
-29.033333,23.983333,18-04-2013,9869.0,8252.0,43999.5
-25.447222,30.711667,18-04-2013,8713.5,7868.0,42942.0
-28.116667,26.725278,19-04-2013,9322.0,8310.0,43098.5
-29.803611,30.516111,19-04-2013,,,
-28.96362,19.15486,20-04-2013,,,
-25.20639,27.558,22-04-2013,9778.5,8435.5,43535.5
-23.838611,31.640833,22-04-2013,,,
-26.648056,27.089444,22-04-2013,9497.0,8336.5,43638.0
-26.45,28.085833,22-04-2013,,,
-33.38056,19.30167,22-04-2013,9950.0,8766.0,41866.0
-32.502778,19.535833,22-04-2013,13082.0,10000.0,44152.0
-31.860278,18.6875,23-04-2013,,,
-25.127778,27.628889,23-04-2013,9774.5,8647.0,43638.5
-24.69514,27.40906,23-04-2013,10152.5,8583.5,44339.5
-28.735556,29.820556,23-04-2013,8794.5,8143.5,42467.5
-27.00222,28.76528,23-04-2013,,,
-26.970278,27.211111,23-04-2013,8225.5,7831.5,42116.0
-26.880278,26.965,23-04-2013,10367.0,9008.5,44607.5
-26.98472222,26.63227778,23-04-2013,9687.5,8481.0,43772.0
-28.141944,26.417778,23-04-2013,8966.0,8327.5,43163.5
-33.501667,21.624167,23-04-2013,8808.5,8255.0,43350.0
-32.595833,19.009444,23-04-2013,,,
-28.760833,17.730278,24-04-2013,,,
-29.161667,23.696389,24-04-2013,8837.0,8680.0,42241.5
-29.641944,30.6875,24-04-2013,8333.0,7836.0,
-27.363611,31.783333,24-04-2013,8706.0,8057.0,42725.5
-28.141944,26.417778,24-04-2013,8966.0,8327.5,43163.5
-33.08883333,19.21878333,24-04-2013,,,
-33.31388889,19.07472222,24-04-2013,,,
-33.13083,18.86278,24-04-2013,,,
-32.94583,18.33667,24-04-2013,,,
-26.905,32.324722,25-04-2013,7875.5,7813.0,42894.5
-27.602222,29.942778,25-04-2013,9345.0,8342.5,44404.0
-27.38972222,26.46388889,25-04-2013,8280.0,7780.5,42549.5
-33.7075,18.97444444,25-04-2013,,,
-33.464444,18.740556,25-04-2013,,,
-33.72266667,18.61691667,25-04-2013,,,
-27.356667,27.286389,25-04-2013,9206.5,8347.0,43113.0
-27.902778,24.615556,26-04-2013,,,
-28.068333,31.55,26-04-2013,8664.5,7900.5,43027.0
-28.96362,19.15486,27-04-2013,10057.5,8785.0,44628.0
-26.45,28.085833,29-04-2013,,,
-27.01011111,26.69808333,30-04-2013,8611.0,7838.0,42635.0
-27.169444,29.233889,30-04-2013,10655.5,9132.0,43359.0
-26.861111,28.884722,30-04-2013,9651.5,8488.5,43246.0
-27.00222,28.76528,30-04-2013,,,
-26.648056,27.089444,30-04-2013,9497.0,8336.5,43638.0
-26.970278,27.211111,30-04-2013,8225.5,7831.5,42116.0
-26.880278,26.965,30-04-2013,10367.0,9008.5,44607.5
-26.98472222,26.63227778,30-04-2013,9687.5,8481.0,43772.0
-25.45963889,28.26430556,30-04-2013,,,
-29.161667,23.696389,01-05-2013,,,
-25.81048333,27.90955222,01-05-2013,,,
-28.75,30.442778,01-05-2013,17273.5,12926.0,40585.0
-29.161667,30.629722,01-05-2013,9047.0,8010.5,42265.5
-29.033333,23.983333,01-05-2013,,,
-29.744167,29.905833,02-05-2013,9379.5,8534.0,42909.5
-32.94583,18.33667,02-05-2013,,,
-27.671111,27.236944,04-05-2013,,,
-28.96362,19.15486,04-05-2013,,,
-26.45,28.085833,06-05-2013,10306.0,8818.0,42706.5
-33.818056,19.694722,06-05-2013,,,
-34.065833,20.404167,07-05-2013,,,
-25.127778,27.628889,07-05-2013,,,
-25.20639,27.558,07-05-2013,,,
-24.69514,27.40906,07-05-2013,,,
-23.658056,31.05,07-05-2013,,,
-28.747778,31.745833,07-05-2013,8706.0,8075.5,43761.5
-28.735556,29.820556,07-05-2013,,,
-29.380556,30.2775,07-05-2013,9044.5,8079.5,42246.0
-26.861111,28.884722,07-05-2013,,,
-26.98472222,26.63227778,07-05-2013,,,
-27.398611,26.614722,07-05-2013,,,
-27.671111,27.236944,07-05-2013,9566.0,8604.0,41733.5
-29.160278,26.573333,07-05-2013,,,
-28.768056,20.720556,07-05-2013,,,
-34.02861,22.22222,07-05-2013,,,
-34.075556,20.145556,07-05-2013,,,
-29.161667,23.696389,08-05-2013,,,
-24.39619444,27.08983333,08-05-2013,,,
-28.404444,30.013056,08-05-2013,,,
-27.00222,28.76528,08-05-2013,10034.5,8696.5,
-27.02314,28.59389,08-05-2013,9654.5,8499.0,41792.5
-26.648056,27.089444,08-05-2013,,,
-26.970278,27.211111,08-05-2013,,,
-26.880278,26.965,08-05-2013,,,
-27.273889,28.49,08-05-2013,9241.0,8219.5,40988.5
-27.4275,28.525833,08-05-2013,12512.0,9533.0,
-28.69485,28.23487,08-05-2013,8801.5,8014.5,40665.5
-29.615556,27.065278,08-05-2013,10084.0,8632.5,41296.5
-28.883333,27.89,08-05-2013,9223.0,8219.5,41352.0
-30.77586667,29.03221667,08-05-2013,,,
-31.396,29.2651,08-05-2013,,,
-34.039722,22.133333,08-05-2013,,,
-28.058889,30.373611,08-05-2013,,,
-33.897778,20.012778,08-05-2013,8172.0,7671.0,41494.0
-29.140556,31.391944,09-05-2013,9745.0,8596.5,42761.0
-27.671111,27.236944,09-05-2013,9740.5,8505.5,41952.5
-30.160091,27.40124,09-05-2013,10402.5,8790.5,40994.5
-30.336111,27.359444,09-05-2013,10372.0,8623.0,40118.0
-34.005833,22.351111,09-05-2013,,,
-30.830556,26.921389,10-05-2013,,,
-28.116667,26.725278,10-05-2013,9784.0,8393.5,42213.0
-27.573056,24.746389,10-05-2013,,,
-31.000833,26.353056,10-05-2013,8911.0,7857.0,40446.0
-30.679722,26.7125,10-05-2013,10475.5,8599.0,40141.0
-28.96362,19.15486,11-05-2013,,,
-25.99136,27.84208,13-05-2013,,,
-29.7775,29.470833,13-05-2013,9870.5,8484.5,41523.5
-29.744167,29.905833,13-05-2013,9459.5,8384.5,41777.5
-26.45,28.085833,13-05-2013,,,
-31.554722,29.245556,13-05-2013,8875.5,8006.5,42807.5
-27.01011111,26.69808333,14-05-2013,8435.0,7888.0,41936.5
-24.679167,30.8025,14-05-2013,16642.5,11109.5,40327.5
-30.830556,26.921389,14-05-2013,,,
-25.73411,27.21422,14-05-2013,,,
-23.281,30.54305556,14-05-2013,9641.0,8235.5,44218.5
-30.733889,29.828333,14-05-2013,,,
-29.987778,29.851667,14-05-2013,8573.5,7947.0,41247.0
-27.169444,29.233889,14-05-2013,10780.0,8983.0,41413.5
-26.861111,28.884722,14-05-2013,10885.0,8932.0,42320.5
-27.00222,28.76528,14-05-2013,,,
-26.648056,27.089444,14-05-2013,,,
-26.970278,27.211111,14-05-2013,8010.5,7612.0,41030.0
-26.880278,26.965,14-05-2013,10753.0,9130.0,43703.0
-26.98472222,26.63227778,14-05-2013,10213.0,8627.5,43178.0
-31.000833,26.353056,14-05-2013,,,
-31.104278,29.399722,14-05-2013,10949.5,7767.5,32286.0
-25.45963889,28.26430556,14-05-2013,,,
-28.338333,31.373611,14-05-2013,10657.5,8819.0,41888.5
-28.068333,31.55,14-05-2013,,,
-29.161667,23.696389,15-05-2013,,,
-25.81048333,27.90955222,15-05-2013,,,
-24.183889,30.823889,15-05-2013,8734.5,7856.0,43173.0
-22.91028,29.61111,15-05-2013,9578.0,8101.0,
-22.769722,30.886944,15-05-2013,9521.0,8350.0,44713.0
-29.744167,29.905833,15-05-2013,9366.5,8131.0,41782.0
-30.398056,30.601944,15-05-2013,8393.0,7740.5,
-30.27402,30.69602,15-05-2013,9059.5,8014.5,
-29.033333,23.983333,15-05-2013,,,
-30.160091,27.40124,15-05-2013,,,
-30.336111,27.359444,15-05-2013,,,
-30.568333,29.422778,15-05-2013,9682.0,8360.5,41627.5
-30.86013889,29.07125,15-05-2013,10831.5,9222.0,42309.5
-30.570833,29.150556,15-05-2013,10312.5,8601.5,41386.0
-34.092222,21.295278,15-05-2013,,,
-23.23572222,27.717,16-05-2013,12141.0,9302.5,43160.5
-22.548889,28.898056,16-05-2013,8943.0,8006.5,44361.5
-28.44555556,32.325,08-08-2013,,,
-30.13573889,30.67422222,16-05-2013,8906.5,8524.5,
-29.160278,26.573333,16-05-2013,9937.0,8437.0,42216.0
-31.031389,28.883333,16-05-2013,10207.0,9008.5,42220.5
-22.225556,29.990556,17-05-2013,9018.5,8173.5,43260.0
-22.43772222,31.07805556,17-05-2013,9565.5,8656.5,44664.5
-26.98472222,26.63227778,17-05-2013,10213.0,8627.5,43178.0
-29.803611,30.516111,17-05-2013,9114.0,8221.0,42307.0
-33.38056,19.30167,20-05-2013,,,
-32.502778,19.535833,20-05-2013,,,
-27.01011111,26.69808333,21-05-2013,8568.0,7701.5,42088.0
-31.860278,18.6875,21-05-2013,10188.5,8465.5,40727.0
-24.69514,27.40906,21-05-2013,,,
-25.398889,31.610556,21-05-2013,9989.0,8711.0,43718.5
-26.648056,27.089444,21-05-2013,,,
-26.970278,27.211111,21-05-2013,8333.5,7766.5,41231.5
-26.880278,26.965,21-05-2013,10911.5,9148.0,43584.5
-26.98472222,26.63227778,21-05-2013,10617.5,8797.5,43268.0
-34.250556,20.9925,21-05-2013,,,
-32.595833,19.009444,21-05-2013,8327.5,7636.5,40178.0
-29.161667,23.696389,22-05-2013,9321.0,8858.0,41645.5
-26.880278,26.965,13-05-2014,11135.5,8973.0,44258.0
-29.641944,30.6875,22-05-2013,8178.5,7797.5,
-25.20639,27.558,22-05-2013,,,
-25.681111,31.783333,22-05-2013,9802.0,8424.0,42986.5
-25.513889,31.224444,22-05-2013,8335.0,7861.5,41468.5
-26.861111,28.884722,22-05-2013,,,
-26.73806,27.59194,22-05-2013,9367.5,8435.0,41155.5
-26.45,28.085833,22-05-2013,10498.0,8841.5,43459.0
-33.13083,18.86278,22-05-2013,10083.5,8582.5,40264.0
-33.7075,18.97444444,22-05-2013,8770.0,7997.5,40432.5
-26.905,32.324722,23-05-2013,8148.5,7814.5,42737.5
-27.602222,29.942778,23-05-2013,,,
-27.169444,29.233889,23-05-2013,,,
-27.00222,28.76528,23-05-2013,10580.0,9014.5,
-27.273889,28.49,23-05-2013,9129.5,8258.0,40969.0
-33.31388889,19.07472222,23-05-2013,8441.5,7731.0,40296.0
-28.141944,26.417778,24-05-2013,,,
-28.1175,26.719444,24-05-2013,,,
-28.116667,26.725278,24-05-2013,,,
-28.96362,19.15486,25-05-2013,9995.0,8555.0,43421.0
-25.99136,27.84208,27-05-2013,9982.5,8636.0,43282.0
-26.45,28.085833,27-05-2013,10498.0,8841.5,43459.0
-29.042222,24.6,27-05-2013,9446.5,8261.0,41796.0
-30.830556,26.921389,28-05-2013,9033.5,8139.0,41184.5
-24.670833,28.560833,28-05-2013,9504.5,8375.5,43670.0
-25.73411,27.21422,28-05-2013,10011.0,8578.5,43528.5
-26.861111,28.884722,28-05-2013,11116.0,9177.5,43477.0
-27.00222,28.76528,28-05-2013,10580.0,9014.5,
-30.679722,26.7125,28-05-2013,10299.0,8641.5,40179.0
-33.501667,21.624167,28-05-2013,,,
-25.45963889,28.26430556,28-05-2013,9632.5,8278.0,43719.0
-29.161667,23.696389,29-05-2013,,,
-27.01011111,26.69808333,29-05-2013,8568.0,7701.5,42088.0
-25.81048333,27.90955222,29-05-2013,9840.5,8601.5,42525.5
-24.282222,28.090278,29-05-2013,9315.5,8392.0,44012.5
-26.648056,27.089444,29-05-2013,9166.0,8027.5,42755.5
-26.970278,27.211111,29-05-2013,8333.5,7766.5,41231.5
-26.880278,26.965,29-05-2013,10911.5,9148.0,43584.5
-27.3,28.586944,29-05-2013,11393.0,9062.0,
-26.98472222,26.63227778,29-05-2013,10617.5,8797.5,43268.0
-29.033333,23.983333,29-05-2013,,,
-22.935,28.004167,30-05-2013,9596.5,8380.0,43495.0
-27.273889,28.49,30-05-2013,9304.5,8430.5,40057.5
-27.38972222,26.46388889,30-05-2013,14568.5,10409.0,37286.5
-27.398611,26.614722,30-05-2013,25633.0,22180.0,35720.5
-27.671111,27.236944,30-05-2013,10077.0,8508.0,42222.0
-29.042222,24.6,30-05-2013,8853.0,7800.0,40054.5
-29.028629,24.638389,30-05-2013,9549.5,8125.5,40370.0
-29.033333,23.983333,30-05-2013,,,
-29.744167,29.905833,31-05-2013,,,
-28.404444,30.013056,03-06-2013,,,
-26.73806,27.59194,03-06-2013,9259.0,8422.0,40561.5
-26.45,28.085833,03-06-2013,10709.5,9032.5,42696.5
-29.160278,26.573333,03-06-2013,,,
-34.065833,20.404167,04-06-2013,,,
-25.20639,27.558,04-06-2013,10082.5,8579.0,42938.0
-24.69514,27.40906,04-06-2013,10112.0,8459.5,44013.0
-28.747778,31.745833,04-06-2013,9252.5,8226.0,43258.5
-29.380556,30.2775,04-06-2013,,,
-27.169444,29.233889,04-06-2013,,,
-26.861111,28.884722,04-06-2013,11144.0,9059.0,41770.0
-27.398611,26.614722,04-06-2013,,,
-34.031944,22.053333,04-06-2013,,,
-34.039722,22.133333,04-06-2013,8954.0,7955.5,40690.5
-34.075556,20.145556,04-06-2013,,,
-29.161667,23.696389,05-06-2013,8980.5,8769.0,39798.0
-27.01011111,26.69808333,05-06-2013,,,
-29.140556,31.391944,05-06-2013,8842.0,8220.0,42766.0
-24.39619444,27.08983333,05-06-2013,9298.0,8372.5,43084.0
-23.658056,31.05,05-06-2013,9496.0,8233.0,44646.5
-23.281,30.54305556,05-06-2013,9961.0,8478.0,44027.0
-27.00222,28.76528,05-06-2013,9865.0,8483.5,
-27.02314,28.59389,05-06-2013,9191.0,8432.5,40720.5
-26.648056,27.089444,05-06-2013,9166.0,8027.5,42755.5
-26.970278,27.211111,05-06-2013,,,
-26.880278,26.965,05-06-2013,,,
-27.273889,28.49,05-06-2013,9304.5,8430.5,40057.5
-27.4275,28.525833,05-06-2013,12308.5,9668.5,
-27.3,28.586944,05-06-2013,11893.5,9203.5,
-26.98472222,26.63227778,05-06-2013,,,
-34.405833,19.600556,05-06-2013,,,
-28.058889,30.373611,05-06-2013,,,
-22.769722,30.886944,06-06-2013,9604.0,8192.0,44672.0
-28.801278,31.955389,06-06-2013,9497.0,8557.5,42998.5
-27.937778,31.209444,06-06-2013,8655.0,8078.5,
-27.5275,30.858056,06-06-2013,10070.0,8495.5,43041.0
-31.394444,20.947222,06-06-2013,11364.0,9164.5,40740.0
-29.651389,22.746389,06-06-2013,,,
-34.005833,22.351111,06-06-2013,9128.5,8355.5,40987.5
-28.116667,26.725278,07-06-2013,,,
-27.902778,24.615556,07-06-2013,11112.5,8860.5,41604.0
-25.99136,27.84208,10-06-2013,10134.0,8712.5,42525.0
-29.7775,29.470833,10-06-2013,11164.0,8900.5,39957.0
-29.744167,29.905833,10-06-2013,10120.5,8644.5,40395.0
-26.45,28.085833,10-06-2013,10709.5,9032.5,42696.5
-27.671111,27.236944,10-06-2013,10198.5,8850.5,41152.5
-29.042222,24.6,10-06-2013,8853.0,7800.0,40054.5
-31.396,29.2651,10-06-2013,9958.0,8714.0,40680.0
-31.554722,29.245556,10-06-2013,9471.0,8250.0,42716.5
-27.01011111,26.69808333,11-06-2013,8714.5,7841.5,41134.0
-24.183889,30.823889,11-06-2013,,,
-30.733889,29.828333,11-06-2013,,,
-26.861111,28.884722,11-06-2013,,,
-27.00222,28.76528,11-06-2013,,,
-26.648056,27.089444,11-06-2013,10537.5,8838.0,42486.5
-26.970278,27.211111,11-06-2013,8488.0,7934.0,40365.5
-26.880278,26.965,11-06-2013,11163.0,9240.5,42899.0
-26.98472222,26.63227778,11-06-2013,11180.0,9061.0,42476.5
-28.69485,28.23487,11-06-2013,,,
-30.568333,29.422778,11-06-2013,9025.0,8259.5,40950.5
-30.570833,29.150556,11-06-2013,10964.0,8851.5,40733.5
-31.104278,29.399722,11-06-2013,8659.0,7892.5,40707.5
-25.45963889,28.26430556,11-06-2013,,,
-28.338333,31.373611,11-06-2013,10427.5,8501.5,
-28.068333,31.55,11-06-2013,9666.5,8398.5,44855.5
-25.81048333,27.90955222,12-06-2013,9886.5,8691.5,41326.0
-24.39619444,27.08983333,12-06-2013,9089.0,8310.5,42277.5
-24.058889,31.237222,12-06-2013,9532.0,8431.0,43435.5
-30.398056,30.601944,12-06-2013,,,
-27.802778,28.768333,12-06-2013,,,
-29.033333,23.983333,12-06-2013,,,
-29.615556,27.065278,12-06-2013,,,
-28.883333,27.89,12-06-2013,,,
-31.031389,28.883333,12-06-2013,9349.0,8516.5,40828.5
-30.86013889,29.07125,12-06-2013,10193.0,8992.5,40688.5
-30.77586667,29.03221667,12-06-2013,10856.0,8707.0,40955.5
-34.092222,21.295278,12-06-2013,,,
-28.44555556,32.325,05-09-2013,,,
-24.679167,30.8025,14-06-2013,10531.5,8442.0,42810.5
-29.744167,29.905833,14-06-2013,10120.5,8644.5,40395.0
-26.98472222,26.63227778,14-06-2013,11180.0,9061.0,42476.5
-29.803611,30.516111,14-06-2013,10221.0,8540.5,41731.5
-28.96362,19.15486,15-06-2013,9614.0,8568.5,40968.0
-28.735556,29.820556,17-06-2013,9087.0,8379.5,40455.0
-32.502778,19.535833,17-06-2013,,,
-31.860278,18.6875,18-06-2013,,,
-25.20639,27.558,18-06-2013,9714.5,8370.0,41649.5
-24.39619444,27.08983333,18-06-2013,9089.0,8310.5,42277.5
-24.69514,27.40906,18-06-2013,10223.0,8461.5,42321.0
-26.73806,27.59194,18-06-2013,,,
-26.45,28.085833,18-06-2013,,,
-33.38056,19.30167,18-06-2013,,,
-32.595833,19.009444,18-06-2013,,,
-29.161667,23.696389,19-06-2013,,,
-29.641944,30.6875,19-06-2013,,,
-25.127778,27.628889,19-06-2013,10632.5,8997.0,42653.5
-23.838611,31.640833,19-06-2013,8836.5,8242.5,43065.5
-27.363611,31.783333,19-06-2013,8761.0,8102.5,41552.0
-26.861111,28.884722,19-06-2013,11864.5,9249.5,41776.0
-31.5653,18.3306,19-06-2013,,,
-32.601389,18.750556,19-06-2013,,,
-33.7075,18.97444444,19-06-2013,,,
-29.161667,23.696389,20-06-2013,8795.5,8499.0,39986.5
-28.7115,24.07288889,20-06-2013,11140.5,8743.5,42191.0
-27.602222,29.942778,20-06-2013,10384.0,8753.0,42598.0
-29.1825,23.575556,20-06-2013,,,
-34.250556,20.9925,20-06-2013,,,
-33.31388889,19.07472222,20-06-2013,,,
-33.13083,18.86278,20-06-2013,,,
-32.94583,18.33667,20-06-2013,,,
-27.573056,24.746389,21-06-2013,10843.0,8916.0,42308.5
-28.96362,19.15486,22-06-2013,9214.0,8116.5,41326.5
-29.803611,30.516111,22-06-2013,10221.0,8540.5,41731.5
-25.99136,27.84208,24-06-2013,10400.0,8733.5,42158.5
-26.45,28.085833,24-06-2013,10966.0,9018.0,42388.0
-33.501667,21.624167,24-06-2013,8940.5,8233.5,41661.0
-27.01011111,26.69808333,25-06-2013,,,
-26.861111,28.884722,25-06-2013,11910.0,9309.5,41776.5
-27.00222,28.76528,25-06-2013,10241.5,8845.0,
-26.648056,27.089444,25-06-2013,11022.0,8982.0,42178.0
-26.970278,27.211111,25-06-2013,,,
-26.880278,26.965,25-06-2013,,,
-26.98472222,26.63227778,25-06-2013,,,
-29.042222,24.6,25-06-2013,,,
-29.028629,24.638389,25-06-2013,,,
-29.033333,23.983333,25-06-2013,10350.0,8562.5,40360.0
-29.161667,23.696389,26-06-2013,8585.0,8481.5,39605.0
-25.81048333,27.90955222,26-06-2013,10252.5,8882.0,41076.5
-28.75,30.442778,26-06-2013,9664.5,8142.0,40773.0
-29.161667,30.629722,26-06-2013,10334.0,8668.5,42060.0
-28.141944,26.417778,26-06-2013,10541.0,8611.0,40942.0
-28.1175,26.719444,26-06-2013,10910.5,8661.0,40851.0
-28.116667,26.725278,26-06-2013,11025.0,8759.0,40966.0
-29.160278,26.573333,26-06-2013,11328.5,9083.0,40193.5
-29.033333,23.983333,26-06-2013,10350.0,8562.5,40360.0
-27.38972222,26.46388889,27-06-2013,9542.5,8249.0,41181.5
-27.398611,26.614722,27-06-2013,9646.5,8200.5,41379.5
-27.671111,27.236944,27-06-2013,10550.5,9189.5,40883.0
-28.760833,17.730278,28-06-2013,8352.0,7930.5,40950.5
-29.744167,29.905833,28-06-2013,10840.5,8749.0,40437.0
-28.96362,19.15486,29-06-2013,9725.5,8515.5,41640.0
-26.73806,27.59194,01-07-2013,,,
-26.45,28.085833,01-07-2013,,,
-34.065833,20.404167,02-07-2013,37691.0,39615.0,39302.0
-25.20639,27.558,02-07-2013,10077.5,8550.0,41919.0
-24.69514,27.40906,02-07-2013,10075.5,8293.0,42721.0
-28.747778,31.745833,02-07-2013,9691.0,8498.5,42269.5
-27.937778,31.209444,02-07-2013,8852.5,8139.0,
-29.380556,30.2775,02-07-2013,10064.5,8510.0,42048.5
-27.169444,29.233889,02-07-2013,11736.0,9455.5,41972.0
-26.861111,28.884722,02-07-2013,11933.0,9449.0,43064.5
-27.398611,26.614722,02-07-2013,9646.5,8200.5,41379.5
-28.69485,28.23487,02-07-2013,,,
-34.031944,22.053333,02-07-2013,7817.0,7677.0,40937.0
-34.075556,20.145556,02-07-2013,,,
-29.161667,23.696389,03-07-2013,9228.0,8585.5,39872.5
-27.01011111,26.69808333,03-07-2013,12235.0,9568.5,38186.5
-25.127778,27.628889,03-07-2013,10940.5,9028.0,42937.5
-24.39619444,27.08983333,03-07-2013,9280.0,8227.5,42637.5
-27.00222,28.76528,03-07-2013,,,
-27.02314,28.59389,03-07-2013,,,
-26.648056,27.089444,03-07-2013,11022.0,8982.0,42178.0
-26.970278,27.211111,03-07-2013,8527.5,7902.5,40270.5
-26.880278,26.965,03-07-2013,11466.5,9254.5,42641.5
-27.273889,28.49,03-07-2013,,,
-27.4275,28.525833,03-07-2013,,,
-27.3,28.586944,03-07-2013,,,
-26.98472222,26.63227778,03-07-2013,12132.5,9437.0,42147.5
-34.039722,22.133333,03-07-2013,8954.0,7955.5,40690.5
-34.405833,19.600556,03-07-2013,,,
-33.870833,20.003333,03-07-2013,9745.0,8509.5,41090.5
-25.57877778,29.12747222,03-07-2013,,,
-22.769722,30.886944,04-07-2013,9901.0,8486.0,44485.0
-28.801278,31.955389,04-07-2013,9668.0,8436.0,42504.0
-27.5275,30.858056,04-07-2013,10702.0,8686.5,41157.5
-26.98472222,26.63227778,04-07-2013,,,
-31.394444,20.947222,04-07-2013,11364.0,9164.5,40740.0
-34.329722,18.990278,04-07-2013,,,
-23.281,30.54305556,05-07-2013,10022.5,8366.5,44020.5
-27.937778,31.209444,05-07-2013,8852.5,8139.0,
-29.161667,30.629722,05-07-2013,10334.0,8668.5,42060.0
-27.902778,24.615556,05-07-2013,,,
-25.99136,27.84208,08-07-2013,10303.0,8626.5,42507.5
-29.7775,29.470833,08-07-2013,11164.0,8900.5,39957.0
-29.987778,29.851667,08-07-2013,9331.5,8207.5,39880.5
-29.744167,29.905833,08-07-2013,10840.5,8749.0,40437.0
-27.00222,28.76528,08-07-2013,10267.0,8665.0,
-26.45,28.085833,08-07-2013,10913.0,9042.5,43275.0
-27.01011111,26.69808333,09-07-2013,,,
-24.670833,28.560833,09-07-2013,10331.5,8517.0,43091.0
-30.733889,29.828333,09-07-2013,9471.5,8516.5,41114.0
-26.648056,27.089444,09-07-2013,11085.0,9061.0,42327.0
-26.970278,27.211111,09-07-2013,,,
-26.880278,26.965,09-07-2013,,,
-26.98472222,26.63227778,09-07-2013,,,
-29.160278,26.573333,09-07-2013,,,
-28.883333,27.89,09-07-2013,10155.5,8703.0,41774.0
-31.396,29.2651,09-07-2013,9077.0,8472.5,40320.0
-31.554722,29.245556,09-07-2013,9869.5,8504.5,41384.0
-25.45963889,28.26430556,09-07-2013,10597.5,8528.5,43288.0
-28.338333,31.373611,09-07-2013,10442.5,8595.0,
-28.068333,31.55,09-07-2013,9931.0,8435.5,42499.0
-25.81048333,27.90955222,10-07-2013,10097.0,8684.5,41969.0
-22.225556,29.990556,10-07-2013,8592.0,7886.5,42409.0
-30.398056,30.601944,10-07-2013,8859.5,7955.0,
-30.27402,30.69602,10-07-2013,9511.0,8136.0,
-28.69485,28.23487,10-07-2013,9418.5,8351.0,41044.0
-29.615556,27.065278,10-07-2013,10937.5,8787.0,41717.5
-30.568333,29.422778,10-07-2013,9172.5,8341.0,40958.5
-30.570833,29.150556,10-07-2013,11218.5,9001.5,40942.0
-31.104278,29.399722,10-07-2013,9009.0,8072.0,39994.0
-34.092222,21.295278,10-07-2013,,,
-24.282222,28.090278,11-07-2013,9933.5,8557.5,42910.0
-30.13573889,30.67422222,11-07-2013,8928.5,8198.0,
-30.160091,27.40124,11-07-2013,10830.0,8935.5,41092.5
-30.336111,27.359444,11-07-2013,9479.5,8647.5,40048.5
-31.031389,28.883333,11-07-2013,10180.5,9126.0,41636.5
-30.86013889,29.07125,11-07-2013,10521.5,8960.0,41965.0
-30.77586667,29.03221667,11-07-2013,11273.0,9225.5,42043.5
-30.830556,26.921389,12-07-2013,9119.0,8146.5,40172.5
-31.000833,26.353056,12-07-2013,9039.0,8188.0,39898.0
-30.160091,27.40124,12-07-2013,10830.0,8935.5,41092.5
-28.75,30.442778,13-07-2013,9997.0,8522.0,41784.0
-28.735556,29.820556,15-07-2013,9422.0,8539.5,41643.5
-26.73806,27.59194,15-07-2013,9262.5,8273.5,40698.5
-26.45,28.085833,15-07-2013,,,
-33.38056,19.30167,15-07-2013,10256.5,8833.5,38639.5
-27.01011111,26.69808333,16-07-2013,9150.0,8208.5,41410.0
-24.679167,30.8025,16-07-2013,10376.5,8543.0,42437.5
-25.127778,27.628889,16-07-2013,11091.5,9089.0,43035.0
-24.39619444,27.08983333,16-07-2013,9088.5,8348.5,42455.5
-24.69514,27.40906,16-07-2013,10079.5,8353.5,42815.5
-23.658056,31.05,16-07-2013,10118.0,8460.5,43778.0
-27.169444,29.233889,16-07-2013,11736.0,9455.5,41972.0
-26.861111,28.884722,16-07-2013,,,
-27.00222,28.76528,16-07-2013,,,
-26.648056,27.089444,16-07-2013,11078.0,9048.5,42329.0
-26.880278,26.965,16-07-2013,11464.0,9239.5,42537.0
-26.98472222,26.63227778,16-07-2013,12007.0,9393.5,42372.0
-28.141944,26.417778,16-07-2013,10648.5,8633.0,41626.0
-28.1175,26.719444,16-07-2013,11098.5,8775.5,41550.5
-29.641944,30.6875,17-07-2013,8463.5,7773.5,
-22.91028,29.61111,17-07-2013,,,
-25.20639,27.558,17-07-2013,10005.0,8496.0,41738.5
-24.058889,31.237222,17-07-2013,11868.0,8876.5,42768.0
-27.363611,31.783333,17-07-2013,8788.0,8114.5,42278.5
-27.38972222,26.46388889,17-07-2013,9207.0,8046.5,41139.5
-28.768056,20.720556,17-07-2013,9407.5,8398.5,40913.0
-33.13083,18.86278,17-07-2013,9817.0,8388.0,40029.5
-32.94583,18.33667,17-07-2013,8642.5,8020.5,41386.0
-22.935,28.004167,18-07-2013,9774.5,8335.5,43055.5
-24.183889,30.823889,18-07-2013,9263.5,8325.0,43071.0
-23.23572222,27.717,18-07-2013,9941.0,8356.0,42675.0
-26.905,32.324722,18-07-2013,8268.0,7840.5,42100.0
-27.602222,29.942778,18-07-2013,11090.5,8955.5,42803.5
-29.744167,29.905833,18-07-2013,10538.0,8812.0,41670.5
-27.935,26.126667,18-07-2013,11526.0,9044.0,41813.5
-28.141944,26.417778,18-07-2013,10648.5,8633.0,41626.0
-27.902778,24.615556,19-07-2013,11591.5,9155.5,42137.0
-28.96362,19.15486,20-07-2013,9682.5,8705.0,41979.5
-25.99136,27.84208,22-07-2013,10370.5,8573.5,42845.5
-32.502778,19.535833,22-07-2013,11412.0,9041.0,41233.0
-31.860278,18.6875,23-07-2013,9351.0,8171.5,42820.5
-26.45,28.085833,23-07-2013,11067.5,9113.5,43792.0
-28.141944,26.417778,23-07-2013,,,
-28.1175,26.719444,23-07-2013,,,
-32.595833,19.009444,23-07-2013,8899.5,8014.5,40527.0
-25.45963889,28.26430556,23-07-2013,10760.0,8675.0,43370.0
-29.161667,23.696389,24-07-2013,9094.5,8436.5,39742.0
-25.81048333,27.90955222,24-07-2013,10515.5,9020.0,41921.5
-26.861111,28.884722,24-07-2013,11855.5,9452.0,43125.0
-27.00222,28.76528,24-07-2013,10306.5,8937.0,
-26.970278,27.211111,24-07-2013,,,
-27.671111,27.236944,24-07-2013,10838.5,9175.0,41771.0
-33.501667,21.624167,24-07-2013,8722.5,8275.5,40613.5
-33.7075,18.97444444,24-07-2013,,,
-27.01011111,26.69808333,25-07-2013,,,
-23.838611,31.640833,25-07-2013,9088.0,8381.5,43321.5
-29.744167,29.905833,25-07-2013,10538.0,8812.0,41670.5
-26.648056,27.089444,25-07-2013,11399.0,9181.0,42475.0
-26.880278,26.965,25-07-2013,,,
-27.38972222,26.46388889,25-07-2013,,,
-26.98472222,26.63227778,25-07-2013,,,
-27.398611,26.614722,25-07-2013,,,
-33.31388889,19.07472222,25-07-2013,,,
-29.140556,31.391944,29-07-2013,,,
-34.065833,20.404167,30-07-2013,37691.0,39615.0,39302.0
-25.127778,27.628889,30-07-2013,11281.0,9130.0,43265.5
-25.20639,27.558,30-07-2013,10157.0,8497.5,42292.5
-24.69514,27.40906,30-07-2013,10428.5,8784.5,42610.0
-28.404444,30.013056,30-07-2013,10403.5,8840.0,41993.0
-29.380556,30.2775,30-07-2013,10207.5,8659.0,42571.0
-26.648056,27.089444,30-07-2013,11399.0,9181.0,42475.0
-26.970278,27.211111,30-07-2013,8739.0,8103.0,40497.0
-26.880278,26.965,30-07-2013,11659.5,9242.5,43168.5
-26.98472222,26.63227778,30-07-2013,12453.5,9586.0,42510.5
-29.160278,26.573333,30-07-2013,11185.5,8989.0,41703.0
-28.69485,28.23487,30-07-2013,,,
-28.883333,27.89,30-07-2013,,,
-34.075556,20.145556,30-07-2013,,,
-28.058889,30.373611,30-07-2013,9995.0,8622.5,41957.5
-29.161667,23.696389,31-07-2013,,,
-24.39619444,27.08983333,31-07-2013,9284.5,8197.5,42654.5
-28.747778,31.745833,31-07-2013,,,
-28.801278,31.955389,31-07-2013,,,
-29.615556,27.065278,31-07-2013,,,
-34.405833,19.600556,31-07-2013,,,
-27.5275,30.858056,01-08-2013,,,
-27.902778,24.615556,01-08-2013,,,
-30.160091,27.40124,01-08-2013,,,
-30.336111,27.359444,01-08-2013,,,
-29.651389,22.746389,01-08-2013,10852.5,8930.0,40406.5
-29.1825,23.575556,01-08-2013,8970.5,8530.0,40349.0
-33.897778,20.012778,01-08-2013,32893.0,34158.0,39334.0
-29.744167,29.905833,02-08-2013,10349.0,8874.5,41703.5
-28.068333,31.55,03-08-2013,,,
-25.99136,27.84208,05-08-2013,,,
-29.7775,29.470833,05-08-2013,9455.5,8628.5,42238.5
-29.987778,29.851667,05-08-2013,,,
-29.744167,29.905833,05-08-2013,,,
-26.45,28.085833,05-08-2013,,,
-31.396,29.2651,05-08-2013,,,
-31.554722,29.245556,05-08-2013,,,
-27.169444,29.233889,06-08-2013,11983.5,9638.5,42103.0
-30.570833,29.150556,06-08-2013,11218.5,9001.5,40942.0
-31.104278,29.399722,06-08-2013,,,
-25.45963889,28.26430556,06-08-2013,,,
-28.338333,31.373611,06-08-2013,,,
-28.068333,31.55,06-08-2013,,,
-29.161667,23.696389,07-08-2013,,,
-25.81048333,27.90955222,07-08-2013,,,
-30.830556,26.921389,07-08-2013,,,
-30.398056,30.601944,07-08-2013,,,
-27.02314,28.59389,07-08-2013,,,
-27.273889,28.49,07-08-2013,,,
-27.4275,28.525833,07-08-2013,,,
-27.3,28.586944,07-08-2013,,,
-27.398611,26.614722,07-08-2013,10501.5,8574.0,41640.5
-29.033333,23.983333,07-08-2013,,,
-31.031389,28.883333,07-08-2013,10345.0,9172.0,41630.0
-30.86013889,29.07125,07-08-2013,10521.5,8960.0,41965.0
-30.77586667,29.03221667,07-08-2013,11273.0,9225.5,42043.5
-27.01011111,26.69808333,08-08-2013,9524.0,8303.5,41469.5
-28.44555556,32.325,01-10-2013,,,
-26.648056,27.089444,08-08-2013,11347.5,9126.0,42472.0
-26.970278,27.211111,08-08-2013,8739.0,8103.0,40497.0
-26.98472222,26.63227778,08-08-2013,12453.5,9586.0,42510.5
-27.573056,24.746389,08-08-2013,11356.0,9003.5,43826.5
-31.000833,26.353056,08-08-2013,,,
-30.679722,26.7125,08-08-2013,,,
-30.570833,29.150556,08-08-2013,11218.5,9001.5,40942.0
-25.57877778,29.12747222,08-08-2013,,,
-29.803611,30.516111,09-08-2013,9965.5,8607.0,41669.5
-28.735556,29.820556,12-08-2013,9407.0,8569.5,42539.5
-26.73806,27.59194,12-08-2013,9303.0,8378.0,41142.0
-26.45,28.085833,12-08-2013,,,
-26.98472222,26.63227778,12-08-2013,12022.0,9417.5,43267.5
-33.38056,19.30167,12-08-2013,,,
-28.760833,17.730278,13-08-2013,8681.5,8066.5,41490.0
-22.225556,29.990556,13-08-2013,8970.0,8303.0,43511.0
-25.127778,27.628889,13-08-2013,11278.5,8948.5,44728.5
-24.39619444,27.08983333,13-08-2013,9674.5,8459.5,43415.5
-24.69514,27.40906,13-08-2013,10390.5,8731.0,43099.5
-23.658056,31.05,13-08-2013,10524.0,8587.0,46318.0
-23.281,30.54305556,13-08-2013,10501.5,8635.0,45925.0
-27.169444,29.233889,13-08-2013,11812.5,9577.0,42481.0
-27.00222,28.76528,13-08-2013,,,
-26.970278,27.211111,13-08-2013,8028.5,7597.5,40856.0
-29.1825,23.575556,13-08-2013,8970.5,8530.0,40349.0
-34.039722,22.133333,13-08-2013,8849.0,8020.5,41229.5
-34.02861,22.22222,13-08-2013,8617.5,7955.0,41394.0
-31.5653,18.3306,13-08-2013,,,
-29.161667,23.696389,14-08-2013,,,
-27.01011111,26.69808333,14-08-2013,9171.0,8198.0,41803.0
-29.641944,30.6875,14-08-2013,8671.5,8024.0,
-24.183889,30.823889,14-08-2013,9451.5,8400.5,44941.0
-25.20639,27.558,14-08-2013,10212.5,8629.0,43359.5
-22.769722,30.886944,14-08-2013,10379.0,8769.0,46353.0
-23.838611,31.640833,14-08-2013,9383.5,8376.0,44709.5
-24.058889,31.237222,14-08-2013,10095.5,8619.0,45637.5
-27.363611,31.783333,14-08-2013,8703.0,8056.5,42309.5
-26.648056,27.089444,14-08-2013,11447.0,9257.5,42950.0
-26.880278,26.965,14-08-2013,11556.5,9245.5,43750.5
-27.38972222,26.46388889,14-08-2013,8444.5,7826.5,41703.5
-26.98472222,26.63227778,14-08-2013,12022.0,9417.5,43267.5
-28.141944,26.417778,14-08-2013,10962.0,8853.5,42413.5
-28.1175,26.719444,14-08-2013,11205.0,8982.0,42034.0
-29.033333,23.983333,14-08-2013,,,
-28.768056,20.720556,14-08-2013,9971.5,8705.5,42551.5
-34.092222,21.295278,14-08-2013,,,
-33.13083,18.86278,14-08-2013,,,
-26.905,32.324722,15-08-2013,,,
-27.602222,29.942778,15-08-2013,10930.5,8922.0,43771.0
-27.398611,26.614722,15-08-2013,10266.5,8418.0,42181.0
-27.671111,27.236944,15-08-2013,11052.0,9112.0,41972.5
-27.902778,24.615556,15-08-2013,13092.0,9654.5,42545.0
-24.679167,30.8025,16-08-2013,10509.5,8500.0,45208.5
-29.744167,29.905833,16-08-2013,10404.0,8872.5,42241.5
-25.447222,30.711667,18-08-2013,9490.0,8480.0,44305.0
-25.99136,27.84208,19-08-2013,,,
-29.160278,26.573333,19-08-2013,11697.0,9365.5,41072.0
-32.502778,19.535833,19-08-2013,,,
-31.860278,18.6875,20-08-2013,,,
-22.91028,29.61111,20-08-2013,,,
-25.45963889,28.26430556,20-08-2013,,,
-25.81048333,27.90955222,21-08-2013,,,
-22.935,28.004167,21-08-2013,10604.5,8728.5,44121.5
-26.03611,30.99778,21-08-2013,,,
-28.75,30.442778,21-08-2013,,,
-29.161667,30.629722,21-08-2013,,,
-26.45,28.085833,21-08-2013,,,
-27.671111,27.236944,21-08-2013,,,
-33.7075,18.97444444,21-08-2013,,,
-27.01011111,26.69808333,22-08-2013,,,
-24.282222,28.090278,22-08-2013,10531.0,8837.5,45684.5
-27.00222,28.76528,22-08-2013,17347.5,11597.5,
-26.98472222,26.63227778,22-08-2013,,,
-28.116667,26.725278,22-08-2013,,,
-33.31388889,19.07472222,22-08-2013,,,
-26.648056,27.089444,23-08-2013,11421.5,9140.0,42937.5
-26.970278,27.211111,23-08-2013,,,
-26.880278,26.965,23-08-2013,,,
-30.398056,30.601944,24-08-2013,,,
-24.99328,30.81444,26-08-2013,9220.0,8133.5,45230.0
-29.380556,30.2775,26-08-2013,10292.5,8840.0,44475.5
-26.73806,27.59194,26-08-2013,9611.0,8401.5,42011.0
-26.45,28.085833,26-08-2013,11285.0,9213.0,44291.0
-33.818056,19.694722,26-08-2013,,,
-34.065833,20.404167,27-08-2013,8365.0,7588.0,41861.0
-25.127778,27.628889,27-08-2013,11544.0,9034.5,44724.0
-24.69514,27.40906,27-08-2013,10136.5,8829.5,43272.0
-22.43772222,31.07805556,27-08-2013,9921.0,8870.5,46242.5
-25.681111,31.783333,27-08-2013,10156.0,8477.0,44215.0
-25.67386,31.57527,27-08-2013,9650.5,8889.0,45065.0
-28.747778,31.745833,27-08-2013,10096.5,8788.0,45548.5
-27.169444,29.233889,27-08-2013,,,
-27.00222,28.76528,27-08-2013,17347.5,11597.5,
-27.273889,28.49,27-08-2013,9986.5,8953.0,41969.5
-29.042222,24.6,27-08-2013,8986.0,7999.5,41504.5
-29.028629,24.638389,27-08-2013,10292.5,8295.5,42792.0
-29.033333,23.983333,27-08-2013,11176.5,8894.0,42465.0
-28.760833,17.730278,28-08-2013,,,
-29.161667,23.696389,28-08-2013,9239.0,8863.0,40550.0
-25.436111,31.982222,28-08-2013,10599.0,9100.5,
-23.838611,31.640833,28-08-2013,9434.0,8472.0,44700.0
-25.398889,31.610556,28-08-2013,11073.5,9148.5,45398.0
-25.14944444,31.94055556,28-08-2013,11430.5,9110.0,
-28.801278,31.955389,28-08-2013,,,
-27.937778,31.209444,28-08-2013,9543.5,8536.5,
-28.69485,28.23487,28-08-2013,10012.5,8588.0,42096.0
-28.883333,27.89,28-08-2013,10672.5,8961.5,42857.0
-34.405833,19.600556,28-08-2013,,,
-28.058889,30.373611,28-08-2013,10222.0,8913.0,44247.5
-27.5275,30.858056,29-08-2013,10465.0,9042.5,45864.5
-26.970278,27.211111,29-08-2013,8171.0,7698.5,41102.5
-33.501667,21.624167,29-08-2013,,,
-34.075556,20.145556,29-08-2013,,,
-33.897778,20.012778,29-08-2013,8573.0,7672.0,42556.0
-27.01011111,26.69808333,30-08-2013,9318.0,8250.5,42149.0
-29.744167,29.905833,30-08-2013,,,
-26.648056,27.089444,30-08-2013,11605.5,9298.5,43095.5
-26.880278,26.965,30-08-2013,11774.0,9377.0,44097.5
-26.98472222,26.63227778,30-08-2013,12244.5,9562.5,43605.5
-25.99136,27.84208,02-09-2013,10633.0,8881.5,43621.0
-30.733889,29.828333,02-09-2013,,,
-29.7775,29.470833,02-09-2013,10365.0,8797.0,45455.0
-29.987778,29.851667,02-09-2013,9703.0,8756.0,44255.5
-29.744167,29.905833,02-09-2013,10235.5,8959.5,44549.5
-26.45,28.085833,02-09-2013,11285.0,9213.0,44291.0
-27.671111,27.236944,02-09-2013,11111.0,9436.5,42637.5
-31.396,29.2651,02-09-2013,9351.0,8865.5,43049.0
-31.554722,29.245556,02-09-2013,9762.0,8497.0,45241.0
-25.73411,27.21422,03-09-2013,10865.0,8947.5,43136.0
-27.398611,26.614722,03-09-2013,10607.0,8682.5,42572.0
-29.160278,26.573333,03-09-2013,11316.5,9180.0,42724.0
-30.568333,29.422778,03-09-2013,9687.5,8563.0,44234.5
-30.570833,29.150556,03-09-2013,11264.0,9175.5,43378.0
-31.104278,29.399722,03-09-2013,9042.0,8207.0,42863.5
-25.45963889,28.26430556,03-09-2013,11046.0,8940.0,46640.5
-28.338333,31.373611,03-09-2013,10586.0,8734.0,
-27.495556,26.074722,03-09-2013,11889.5,9168.5,43593.5
-29.161667,23.696389,04-09-2013,9131.0,8604.0,41921.0
-27.01011111,26.69808333,04-09-2013,9318.0,8250.5,42149.0
-25.81048333,27.90955222,04-09-2013,10466.0,8876.0,42622.5
-23.658056,31.05,04-09-2013,10899.5,8696.5,46234.5
-25.49037,30.6986,04-09-2013,9310.5,8344.0,44834.5
-27.00222,28.76528,04-09-2013,10745.0,8967.0,
-26.648056,27.089444,04-09-2013,11569.0,9230.5,43089.5
-26.970278,27.211111,04-09-2013,8171.0,7698.5,41102.5
-26.880278,26.965,04-09-2013,11770.5,9367.5,44022.0
-27.273889,28.49,04-09-2013,9482.5,8377.5,44018.5
-27.3,28.586944,04-09-2013,12369.0,9528.5,
-26.98472222,26.63227778,04-09-2013,12244.5,9562.5,43605.5
-29.033333,23.983333,04-09-2013,11080.0,8874.0,45097.5
-30.336111,27.359444,04-09-2013,9279.5,8660.0,40921.0
-29.615556,27.065278,04-09-2013,11522.5,9205.0,43185.5
-31.031389,28.883333,04-09-2013,9817.0,8933.0,43740.5
-30.86013889,29.07125,04-09-2013,10891.0,9162.5,43733.0
-30.77586667,29.03221667,04-09-2013,11407.0,9313.0,44394.0
-34.031944,22.053333,04-09-2013,,,
-34.039722,22.133333,04-09-2013,,,
-33.08883333,19.21878333,04-09-2013,,,
-30.830556,26.921389,05-09-2013,9270.0,8445.5,42583.5
-28.44555556,32.325,03-10-2013,,,
-29.744167,29.905833,05-09-2013,10250.5,8936.0,44572.0
-30.13573889,30.67422222,05-09-2013,,,
-29.160278,26.573333,05-09-2013,11316.5,9180.0,42724.0
-30.679722,26.7125,05-09-2013,,,
-30.160091,27.40124,05-09-2013,11007.0,8997.0,41921.0
-34.02861,22.22222,05-09-2013,,,
-24.058889,31.237222,06-09-2013,10752.5,8751.0,45893.5
-27.573056,24.746389,06-09-2013,11608.5,9233.5,45851.5
-31.000833,26.353056,06-09-2013,,,
-29.803611,30.516111,06-09-2013,,,
-28.735556,29.820556,09-09-2013,9514.0,8601.5,43716.5
-26.73806,27.59194,09-09-2013,,,
-26.45,28.085833,09-09-2013,11478.0,9291.0,46445.0
-33.38056,19.30167,09-09-2013,,,
-32.502778,19.535833,09-09-2013,,,
-34.005833,22.351111,09-09-2013,,,
-31.860278,18.6875,10-09-2013,,,
-25.127778,27.628889,10-09-2013,,,
-24.69514,27.40906,10-09-2013,,,
-22.769722,30.886944,10-09-2013,,,
-23.281,30.54305556,10-09-2013,,,
-27.802778,28.768333,10-09-2013,10536.0,8782.0,
-32.595833,19.009444,10-09-2013,,,
-29.161667,23.696389,11-09-2013,9131.0,8604.0,41921.0
-27.01011111,26.69808333,11-09-2013,,,
-29.641944,30.6875,11-09-2013,8865.0,8050.0,
-25.20639,27.558,11-09-2013,,,
-27.363611,31.783333,11-09-2013,8900.0,8237.5,43945.5
-26.970278,27.211111,11-09-2013,,,
-26.880278,26.965,11-09-2013,,,
-26.98472222,26.63227778,11-09-2013,,,
-28.768056,20.720556,11-09-2013,11650.0,9279.0,41536.5
-34.092222,21.295278,11-09-2013,,,
-33.13083,18.86278,11-09-2013,,,
-33.7075,18.97444444,11-09-2013,,,
-32.94583,18.33667,11-09-2013,,,
-26.905,32.324722,12-09-2013,,,
-27.602222,29.942778,12-09-2013,,,
-33.31388889,19.07472222,12-09-2013,,,
-26.98472222,26.63227778,13-09-2013,,,
-27.902778,24.615556,13-09-2013,12161.5,9614.5,46208.0
-25.99136,27.84208,16-09-2013,10832.5,8961.0,46717.0
-26.03611,30.99778,16-09-2013,,,
-26.45,28.085833,16-09-2013,11478.0,9291.0,46445.0
-25.447222,30.711667,16-09-2013,9720.0,8585.5,46346.0
-28.760833,17.730278,17-09-2013,,,
-27.01011111,26.69808333,17-09-2013,9555.5,8321.0,45263.5
-25.73411,27.21422,17-09-2013,11195.0,9085.0,46492.0
-27.00222,28.76528,17-09-2013,10745.0,8967.0,
-26.648056,27.089444,17-09-2013,12079.5,9463.0,47378.0
-26.970278,27.211111,17-09-2013,8265.5,7732.0,43717.0
-26.880278,26.965,17-09-2013,11860.5,9509.0,48043.0
-26.98472222,26.63227778,17-09-2013,12463.5,9606.0,47659.0
-29.042222,24.6,17-09-2013,,,
-29.028629,24.638389,17-09-2013,,,
-29.033333,23.983333,17-09-2013,11080.0,8874.0,45097.5
-25.45963889,28.26430556,17-09-2013,11046.0,8940.0,46640.5
-25.57877778,29.12747222,17-09-2013,11199.5,9193.5,46376.0
-28.760833,17.730278,18-09-2013,,,
-29.161667,23.696389,18-09-2013,9131.0,8604.0,41921.0
-25.81048333,27.90955222,18-09-2013,10454.5,9052.0,45842.5
-25.398889,31.610556,18-09-2013,,,
-27.935,26.126667,18-09-2013,12463.0,9394.0,47007.0
-27.671111,27.236944,18-09-2013,11516.0,9378.5,46132.5
-29.033333,23.983333,18-09-2013,11080.0,8874.0,45097.5
-28.75,30.442778,19-09-2013,10534.5,8671.5,44063.0
-27.38972222,26.46388889,19-09-2013,8634.5,7977.5,44676.5
-34.250556,20.9925,19-09-2013,,,
-29.744167,29.905833,20-09-2013,10199.0,9038.5,47405.5
-27.671111,27.236944,20-09-2013,11516.0,9378.5,46132.5
-27.573056,24.746389,20-09-2013,11166.0,9249.0,47943.0
-28.760833,17.730278,23-09-2013,,,
-29.380556,30.2775,23-09-2013,10012.0,8896.0,44533.5
-33.818056,19.694722,23-09-2013,8677.0,7978.5,41609.0
-34.065833,20.404167,24-09-2013,8261.0,7562.0,41555.0
-24.670833,28.560833,24-09-2013,11446.0,9121.0,48931.5
-25.681111,31.783333,24-09-2013,,,
-25.67386,31.57527,24-09-2013,,,
-28.747778,31.745833,24-09-2013,,,
-29.140556,31.391944,25-09-2013,,,
-25.127778,27.628889,25-09-2013,,,
-24.69514,27.40906,25-09-2013,,,
-27.937778,31.209444,25-09-2013,9543.5,8536.5,
-28.404444,30.013056,25-09-2013,10570.5,9207.0,47212.0
-26.73806,27.59194,25-09-2013,,,
-26.45,28.085833,25-09-2013,11308.5,9220.5,48156.0
-33.501667,21.624167,25-09-2013,,,
-27.01011111,26.69808333,26-09-2013,,,
-22.225556,29.990556,26-09-2013,9543.0,8593.0,45408.0
-25.436111,31.982222,26-09-2013,,,
-25.20639,27.558,26-09-2013,,,
-28.801278,31.955389,26-09-2013,,,
-27.169444,29.233889,26-09-2013,12268.0,9895.5,47735.0
-27.00222,28.76528,26-09-2013,10745.0,8967.0,
-26.648056,27.089444,26-09-2013,,,
-26.970278,27.211111,26-09-2013,,,
-26.880278,26.965,26-09-2013,,,
-28.141944,26.417778,26-09-2013,,,
-28.058889,30.373611,26-09-2013,9787.5,8691.0,47406.5
-26.861111,28.884722,27-09-2013,18549.0,15159.0,39038.0
-27.902778,24.615556,27-09-2013,11763.0,9308.0,48775.5
-25.99136,27.84208,30-09-2013,10970.5,9123.0,47857.5
-29.7775,29.470833,30-09-2013,10426.5,8954.0,48317.5
-29.987778,29.851667,30-09-2013,9732.0,8726.0,46993.0
-29.744167,29.905833,30-09-2013,10199.0,9038.5,47405.5
-26.45,28.085833,30-09-2013,11308.5,9220.5,48156.0
-31.396,29.2651,30-09-2013,9442.5,8582.0,45854.0
-31.554722,29.245556,30-09-2013,9995.5,8447.5,46933.5
-24.183889,30.823889,01-10-2013,,,
-25.73411,27.21422,01-10-2013,,,
-28.44555556,32.325,31-10-2013,,,
-27.671111,27.236944,01-10-2013,,,
-30.568333,29.422778,01-10-2013,9772.5,8697.0,47254.5
-30.570833,29.150556,01-10-2013,11144.0,9148.5,47432.5
-31.104278,29.399722,01-10-2013,9419.5,8406.0,46472.0
-34.031944,22.053333,01-10-2013,,,
-34.005833,22.351111,01-10-2013,,,
-25.45963889,28.26430556,01-10-2013,10812.0,8853.5,48764.0
-28.068333,31.55,01-10-2013,10561.0,8841.5,45485.0
-29.161667,23.696389,02-10-2013,,,
-27.01011111,26.69808333,02-10-2013,,,
-25.81048333,27.90955222,02-10-2013,10693.5,9146.5,47213.5
-24.058889,31.237222,02-10-2013,11477.5,8973.0,49300.0
-30.733889,29.828333,02-10-2013,9647.5,8829.5,46341.5
-30.398056,30.601944,02-10-2013,9609.5,8513.5,
-27.00222,28.76528,02-10-2013,11614.0,9364.0,
-27.02314,28.59389,02-10-2013,10265.5,9067.5,46925.0
-27.273889,28.49,02-10-2013,9457.0,8255.0,46457.5
-27.3,28.586944,02-10-2013,12667.5,9591.0,
-27.802778,28.768333,02-10-2013,10864.0,8932.0,
-26.98472222,26.63227778,02-10-2013,,,
-27.398611,26.614722,02-10-2013,,,
-27.671111,27.236944,02-10-2013,,,
-29.160278,26.573333,02-10-2013,,,
-29.615556,27.065278,02-10-2013,14105.0,10400.5,41822.0
-28.883333,27.89,02-10-2013,,,
-31.031389,28.883333,02-10-2013,9687.0,8826.0,46708.5
-30.86013889,29.07125,02-10-2013,10795.0,9124.5,47389.0
-30.77586667,29.03221667,02-10-2013,11041.5,8980.0,47989.0
-34.039722,22.133333,02-10-2013,,,
-34.02861,22.22222,02-10-2013,,,
-27.495556,26.074722,02-10-2013,,,
-28.44555556,32.325,16-01-2014,41524.0,44594.5,293.0
-29.744167,29.905833,03-10-2013,10199.0,9038.5,47405.5
-26.648056,27.089444,03-10-2013,,,
-26.970278,27.211111,03-10-2013,,,
-26.880278,26.965,03-10-2013,,,
-27.3,28.586944,03-10-2013,12667.5,9591.0,
-30.160091,27.40124,03-10-2013,11175.5,9071.5,44592.5
-30.336111,27.359444,03-10-2013,11522.0,9350.5,37662.0
-29.615556,27.065278,03-10-2013,14105.0,10400.5,41822.0
-30.830556,26.921389,04-10-2013,9598.5,8501.5,45405.0
-30.679722,26.7125,04-10-2013,,,
-29.803611,30.516111,04-10-2013,9640.0,8587.0,45532.0
-26.73806,27.59194,07-10-2013,,,
-26.45,28.085833,07-10-2013,11321.0,9191.0,48432.5
-31.436944,20.474722,07-10-2013,,,
-29.1825,23.575556,07-10-2013,,,
-33.38056,19.30167,07-10-2013,,,
-32.502778,19.535833,07-10-2013,,,
-31.860278,18.6875,08-10-2013,,,
-25.127778,27.628889,08-10-2013,,,
-24.69514,27.40906,08-10-2013,,,
-22.769722,30.886944,08-10-2013,10511.0,8713.0,48181.0
-28.735556,29.820556,08-10-2013,9503.5,8511.0,45661.0
-27.169444,29.233889,08-10-2013,12268.0,9895.5,47735.0
-26.861111,28.884722,08-10-2013,12920.0,10095.0,49026.0
-27.00222,28.76528,08-10-2013,11614.0,9364.0,
-34.092222,21.295278,08-10-2013,,,
-33.13083,18.86278,08-10-2013,,,
-32.94583,18.33667,08-10-2013,,,
-29.161667,23.696389,09-10-2013,,,
-29.641944,30.6875,09-10-2013,9235.0,8284.5,
-25.20639,27.558,09-10-2013,,,
-26.905,32.324722,09-10-2013,,,
-27.602222,29.942778,09-10-2013,11192.5,9184.5,48005.0
-33.7075,18.97444444,09-10-2013,,,
-23.658056,31.05,10-10-2013,11153.5,8804.0,49559.5
-27.363611,31.783333,10-10-2013,,,
-26.970278,27.211111,10-10-2013,,,
-33.31388889,19.07472222,10-10-2013,,,
-27.01011111,26.69808333,11-10-2013,,,
-26.648056,27.089444,11-10-2013,,,
-26.880278,26.965,11-10-2013,,,
-26.98472222,26.63227778,11-10-2013,,,
-27.902778,24.615556,11-10-2013,12155.0,9418.0,49806.5
-26.861111,28.884722,13-10-2013,12369.0,9656.5,48561.5
-25.99136,27.84208,14-10-2013,10495.0,8907.5,48392.0
-26.45,28.085833,14-10-2013,11321.0,9191.0,48432.5
-27.01011111,26.69808333,15-10-2013,,,
-25.73411,27.21422,15-10-2013,,,
-24.99328,30.81444,15-10-2013,9232.0,8295.0,46341.5
-27.5275,30.858056,15-10-2013,10465.0,9042.5,45864.5
-26.861111,28.884722,15-10-2013,12369.0,9656.5,48561.5
-27.00222,28.76528,15-10-2013,11614.0,9364.0,
-26.648056,27.089444,15-10-2013,,,
-26.970278,27.211111,15-10-2013,,,
-26.880278,26.965,15-10-2013,,,
-26.98472222,26.63227778,15-10-2013,,,
-25.45963889,28.26430556,15-10-2013,10718.5,9070.5,48346.0
-29.161667,23.696389,16-10-2013,10015.5,9179.5,43402.0
-25.81048333,27.90955222,16-10-2013,10736.5,9346.5,47592.5
-24.670833,28.560833,16-10-2013,11416.5,9289.5,49281.0
-28.75,30.442778,16-10-2013,,,
-29.161667,30.629722,16-10-2013,,,
-29.160278,26.573333,16-10-2013,,,
-29.033333,23.983333,16-10-2013,11596.0,8862.0,47374.0
-28.768056,20.720556,16-10-2013,,,
-29.161667,23.696389,17-10-2013,10015.5,9179.5,43402.0
-29.744167,29.905833,17-10-2013,10568.0,9026.0,46898.5
-27.671111,27.236944,17-10-2013,9480.0,8213.0,46520.0
-34.250556,20.9925,17-10-2013,,,
-29.380556,30.2775,21-10-2013,10012.0,8896.0,44533.5
-33.818056,19.694722,21-10-2013,,,
-27.01011111,26.69808333,22-10-2013,,,
-34.065833,20.404167,22-10-2013,19142.0,16654.0,40207.0
-25.127778,27.628889,22-10-2013,11749.0,9448.5,50234.5
-25.20639,27.558,22-10-2013,10220.5,8761.0,47524.5
-24.69514,27.40906,22-10-2013,10094.5,8489.5,47381.5
-26.648056,27.089444,22-10-2013,,,
-26.970278,27.211111,22-10-2013,,,
-26.880278,26.965,22-10-2013,,,
-26.73806,27.59194,22-10-2013,9351.0,8373.0,45795.0
-26.45,28.085833,22-10-2013,11321.0,9191.0,48432.5
-26.98472222,26.63227778,22-10-2013,,,
-28.141944,26.417778,22-10-2013,,,
-29.042222,24.6,22-10-2013,,,
-29.028629,24.638389,22-10-2013,,,
-33.501667,21.624167,22-10-2013,,,
-34.075556,20.145556,22-10-2013,,,
-28.760833,17.730278,23-10-2013,,,
-29.161667,23.696389,23-10-2013,9084.0,8669.0,43755.0
-29.140556,31.391944,23-10-2013,,,
-28.801278,31.955389,23-10-2013,,,
-27.169444,29.233889,23-10-2013,11200.0,9885.5,48379.0
-26.861111,28.884722,23-10-2013,12369.0,9656.5,48561.5
-27.00222,28.76528,23-10-2013,11614.0,9364.0,
-26.970278,27.211111,23-10-2013,,,
-27.38972222,26.46388889,23-10-2013,,,
-26.98472222,26.63227778,23-10-2013,,,
-27.398611,26.614722,23-10-2013,,,
-27.671111,27.236944,23-10-2013,,,
-34.405833,19.600556,23-10-2013,,,
-28.058889,30.373611,23-10-2013,9575.0,8738.5,48656.0
-33.897778,20.012778,23-10-2013,15225.0,12658.0,41933.0
-28.747778,31.745833,24-10-2013,,,
-27.5275,30.858056,24-10-2013,10465.0,9042.5,45864.5
-28.116667,26.725278,24-10-2013,,,
-34.329722,18.990278,24-10-2013,,,
-27.573056,24.746389,25-10-2013,11183.5,8941.5,47109.0
-25.99136,27.84208,28-10-2013,9586.5,8506.0,47124.5
-29.7775,29.470833,28-10-2013,9076.0,8348.5,46809.0
-29.987778,29.851667,28-10-2013,9738.0,8738.0,45720.0
-29.744167,29.905833,28-10-2013,10653.0,9273.0,48565.0
-26.45,28.085833,28-10-2013,,,
-27.01011111,26.69808333,29-10-2013,,,
-25.73411,27.21422,29-10-2013,11293.0,9211.5,47561.0
-30.733889,29.828333,29-10-2013,9973.5,8891.5,45328.5
-27.00222,28.76528,29-10-2013,,,
-26.648056,27.089444,29-10-2013,10227.5,8878.5,47712.0
-26.970278,27.211111,29-10-2013,,,
-26.880278,26.965,29-10-2013,,,
-27.802778,28.768333,29-10-2013,,,
-26.98472222,26.63227778,29-10-2013,,,
-25.45963889,28.26430556,29-10-2013,,,
-28.338333,31.373611,29-10-2013,,,
-28.068333,31.55,29-10-2013,10561.0,8841.5,45485.0
-25.81048333,27.90955222,30-10-2013,9635.0,8731.5,46523.5
-30.830556,26.921389,30-10-2013,,,
-30.398056,30.601944,30-10-2013,9609.5,8513.5,
-30.160091,27.40124,30-10-2013,,,
-30.336111,27.359444,30-10-2013,,,
-28.883333,27.89,30-10-2013,,,
-28.768056,20.720556,30-10-2013,10491.5,8922.5,46896.0
-31.104278,29.399722,30-10-2013,,,
-31.396,29.2651,30-10-2013,,,
-31.554722,29.245556,30-10-2013,,,
-28.44555556,32.325,13-02-2014,9900.5,8668.5,46163.0
-30.13573889,30.67422222,31-10-2013,9389.5,8187.5,
-28.69485,28.23487,31-10-2013,,,
-28.883333,27.89,31-10-2013,,,
-31.436944,20.474722,31-10-2013,12663.0,9816.5,48833.0
-30.570833,29.150556,31-10-2013,,,
-29.744167,29.905833,01-11-2013,10653.0,9273.0,48565.0
-30.568333,29.422778,01-11-2013,,,
-31.031389,28.883333,01-11-2013,,,
-30.77586667,29.03221667,01-11-2013,,,
-29.803611,30.516111,01-11-2013,9640.0,8587.0,45532.0
-26.73806,27.59194,04-11-2013,9590.5,8665.0,45439.0
-26.45,28.085833,04-11-2013,,,
-27.3,28.586944,04-11-2013,,,
-26.98472222,26.63227778,04-11-2013,11589.5,9434.5,49908.0
-33.38056,19.30167,04-11-2013,,,
-32.502778,19.535833,04-11-2013,,,
-27.01011111,26.69808333,05-11-2013,8941.0,8175.5,46158.0
-31.860278,18.6875,05-11-2013,,,
-24.679167,30.8025,05-11-2013,10654.0,8851.0,48657.0
-33.980556,21.653333,05-11-2013,,,
-25.127778,27.628889,05-11-2013,10450.5,8825.0,48590.5
-24.39619444,27.08983333,05-11-2013,9801.0,8624.5,47489.0
-24.69514,27.40906,05-11-2013,10106.5,8866.5,47771.0
-27.169444,29.233889,05-11-2013,11200.0,9885.5,48379.0
-26.861111,28.884722,05-11-2013,,,
-26.98472222,26.63227778,05-11-2013,11589.5,9434.5,49908.0
-27.398611,26.614722,05-11-2013,10009.5,8380.5,48171.5
-27.671111,27.236944,05-11-2013,,,
-32.595833,19.009444,05-11-2013,,,
-29.641944,30.6875,06-11-2013,,,
-25.20639,27.558,06-11-2013,9624.5,8345.5,47361.0
-27.00222,28.76528,06-11-2013,,,
-27.02314,28.59389,06-11-2013,,,
-26.970278,27.211111,06-11-2013,8028.0,7666.5,44721.0
-26.880278,26.965,06-11-2013,11597.0,9646.5,50054.0
-27.273889,28.49,06-11-2013,,,
-27.4275,28.525833,06-11-2013,,,
-33.13083,18.86278,06-11-2013,,,
-33.7075,18.97444444,06-11-2013,,,
-32.94583,18.33667,06-11-2013,,,
-24.058889,31.237222,07-11-2013,10932.5,8918.5,49769.5
-27.602222,29.942778,07-11-2013,10630.5,9077.0,49280.0
-27.3,28.586944,07-11-2013,,,
-27.902778,24.615556,07-11-2013,,,
-28.69485,28.23487,07-11-2013,,,
-33.31388889,19.07472222,07-11-2013,,,
-27.573056,24.746389,08-11-2013,11047.0,8790.5,49945.0
-27.573056,24.746389,10-11-2013,11047.0,8790.5,49945.0
-28.760833,17.730278,11-11-2013,8308.0,7820.0,44901.5
-29.161667,23.696389,11-11-2013,9066.5,8641.0,44727.5
-25.99136,27.84208,11-11-2013,,,
-26.861111,28.884722,11-11-2013,10380.0,9028.0,48317.0
-30.86013889,29.07125,11-11-2013,,,
-27.01011111,26.69808333,12-11-2013,,,
-25.73411,27.21422,12-11-2013,,,
-22.769722,30.886944,12-11-2013,,,
-27.00222,28.76528,12-11-2013,10652.5,9114.0,
-26.648056,27.089444,12-11-2013,,,
-26.970278,27.211111,12-11-2013,,,
-26.880278,26.965,12-11-2013,,,
-26.98472222,26.63227778,12-11-2013,,,
-33.08883333,19.21878333,12-11-2013,,,
-25.45963889,28.26430556,12-11-2013,9597.5,8564.0,48049.5
-29.161667,23.696389,13-11-2013,9066.5,8641.0,44727.5
-25.81048333,27.90955222,13-11-2013,9932.0,8971.5,46226.5
-22.43772222,31.07805556,13-11-2013,,,
-28.75,30.442778,13-11-2013,,,
-29.161667,30.629722,13-11-2013,,,
-28.141944,26.417778,13-11-2013,,,
-28.1175,26.719444,13-11-2013,,,
-29.160278,26.573333,13-11-2013,,,
-29.033333,23.983333,13-11-2013,12049.5,9277.0,48947.0
-34.02861,22.22222,13-11-2013,,,
-34.005833,22.351111,13-11-2013,,,
-23.658056,31.05,14-11-2013,,,
-29.744167,29.905833,14-11-2013,,,
-27.273889,28.49,14-11-2013,8907.0,8164.5,46408.0
-27.4275,28.525833,14-11-2013,11112.0,9229.0,
-27.3,28.586944,14-11-2013,11684.0,9125.5,
-27.398611,26.614722,14-11-2013,,,
-27.671111,27.236944,14-11-2013,11195.0,9357.5,48199.5
-34.031944,22.053333,15-11-2013,,,
-34.039722,22.133333,15-11-2013,,,
-24.925278,29.324444,18-11-2013,9910.0,8751.5,47796.5
-29.380556,30.2775,18-11-2013,,,
-26.73806,27.59194,18-11-2013,8834.0,8089.5,45327.5
-26.45,28.085833,18-11-2013,10202.0,9042.0,47566.5
-33.870833,20.003333,18-11-2013,9188.5,8383.0,45217.0
-33.818056,19.694722,18-11-2013,,,
-27.01011111,26.69808333,19-11-2013,,,
-34.065833,20.404167,19-11-2013,8758.0,7994.0,45433.0
-25.20639,27.558,19-11-2013,,,
-24.69514,27.40906,19-11-2013,,,
-28.747778,31.745833,19-11-2013,,,
-27.169444,29.233889,19-11-2013,,,
-26.861111,28.884722,19-11-2013,,,
-27.00222,28.76528,19-11-2013,10652.5,9114.0,
-26.648056,27.089444,19-11-2013,,,
-26.970278,27.211111,19-11-2013,,,
-26.880278,26.965,19-11-2013,,,
-27.3,28.586944,19-11-2013,11684.0,9125.5,
-26.98472222,26.63227778,19-11-2013,,,
-27.671111,27.236944,19-11-2013,11195.0,9357.5,48199.5
-31.396,29.2651,19-11-2013,14209.5,10279.5,45977.0
-31.554722,29.245556,19-11-2013,9119.0,8270.5,46365.5
-34.075556,20.145556,19-11-2013,,,
-29.161667,23.696389,20-11-2013,9099.5,8535.5,44450.5
-25.127778,27.628889,20-11-2013,,,
-28.801278,31.955389,20-11-2013,,,
-27.937778,31.209444,20-11-2013,8958.0,8084.0,
-28.404444,30.013056,20-11-2013,,,
-27.273889,28.49,20-11-2013,8907.0,8164.5,46408.0
-28.883333,27.89,20-11-2013,9901.0,8772.5,47797.0
-30.568333,29.422778,20-11-2013,,,
-31.104278,29.399722,20-11-2013,,,
-34.250556,20.9925,20-11-2013,,,
-34.329722,18.990278,20-11-2013,,,
-25.57877778,29.12747222,20-11-2013,10120.0,8845.0,47083.5
-27.5275,30.858056,21-11-2013,9269.5,8419.0,47110.0
-28.116667,26.725278,21-11-2013,,,
-28.69485,28.23487,21-11-2013,9700.0,8423.0,47107.5
-30.86013889,29.07125,21-11-2013,,,
-30.570833,29.150556,21-11-2013,,,
-30.77586667,29.03221667,21-11-2013,,,
-34.405833,19.600556,21-11-2013,,,
-33.897778,20.012778,21-11-2013,8675.0,7814.0,46518.0
-27.902778,24.615556,22-11-2013,,,
-31.031389,28.883333,22-11-2013,,,
-28.058889,30.373611,22-11-2013,,,
-25.99136,27.84208,25-11-2013,9630.0,8542.0,46141.0
-29.7775,29.470833,25-11-2013,,,
-29.744167,29.905833,25-11-2013,,,
-26.45,28.085833,25-11-2013,10202.0,9042.0,47566.5
-29.042222,24.6,25-11-2013,8480.5,7850.5,45865.5
-33.38056,19.30167,25-11-2013,,,
-32.502778,19.535833,25-11-2013,,,
-28.338333,31.373611,25-11-2013,,,
-28.068333,31.55,25-11-2013,9159.0,8198.5,46550.0
-28.1175,26.719444,26-07-2011,,,
-28.1175,26.719444,23-08-2011,,,
-28.1175,26.719444,30-08-2011,,,
-28.1175,26.719444,21-09-2011,,,
-28.1175,26.719444,29-09-2011,,,
-28.1175,26.719444,17-11-2011,,,
-27.01011111,26.69808333,26-11-2013,,,
-31.860278,18.6875,26-11-2013,,,
-25.73411,27.21422,26-11-2013,,,
-30.733889,29.828333,26-11-2013,,,
-29.987778,29.851667,26-11-2013,,,
-27.00222,28.76528,26-11-2013,10652.5,9114.0,
-28.1175,26.719444,07-06-2012,,,
-26.970278,27.211111,26-11-2013,,,
-26.880278,26.965,26-11-2013,,,
-26.98472222,26.63227778,26-11-2013,,,
-29.160278,26.573333,26-11-2013,10408.5,8882.0,48209.0
-29.028629,24.638389,26-11-2013,10724.0,8654.5,48050.5
-28.69485,28.23487,26-11-2013,9700.0,8423.0,47107.5
-28.1175,26.719444,17-07-2012,,,
-33.501667,21.624167,26-11-2013,8772.0,8179.5,45573.5
-32.595833,19.009444,26-11-2013,,,
-28.1175,26.719444,17-09-2012,,,
-25.45963889,28.26430556,26-11-2013,9597.5,8564.0,48049.5
-29.161667,23.696389,27-11-2013,9079.5,8473.0,44654.0
-25.81048333,27.90955222,27-11-2013,9932.0,8971.5,46226.5
-24.670833,28.560833,27-11-2013,9878.5,8557.0,46203.5
-30.398056,30.601944,27-11-2013,,,
-26.861111,28.884722,27-11-2013,,,
-29.033333,23.983333,27-11-2013,11754.0,9250.0,47900.5
-28.69485,28.23487,27-11-2013,9700.0,8423.0,47107.5
-29.615556,27.065278,27-11-2013,,,
-28.883333,27.89,27-11-2013,9901.0,8772.5,47797.0
-33.7075,18.97444444,27-11-2013,,,
-32.94583,18.33667,27-11-2013,,,
-24.282222,28.090278,28-11-2013,9782.5,8741.0,47555.5
-30.13573889,30.67422222,28-11-2013,,,
-28.1175,26.719444,18-07-2013,11098.5,8775.5,41550.5
-33.31388889,19.07472222,28-11-2013,,,
-33.13083,18.86278,28-11-2013,,,
-29.744167,29.905833,29-11-2013,,,
-29.803611,30.516111,29-11-2013,,,
-26.73806,27.59194,01-12-2013,,,
-28.735556,29.820556,02-12-2013,,,
-26.45,28.085833,02-12-2013,9042.0,8347.0,46703.0
-25.127778,27.628889,03-12-2013,,,
-24.69514,27.40906,03-12-2013,,,
-27.273889,28.49,03-12-2013,9226.5,8176.0,45016.0
-27.4275,28.525833,03-12-2013,9058.5,8223.5,
-27.3,28.586944,03-12-2013,10439.0,8706.0,
-27.398611,26.614722,03-12-2013,,,
-30.160091,27.40124,03-12-2013,,,
-30.336111,27.359444,03-12-2013,,,
-33.08883333,19.21878333,03-12-2013,,,
-27.4,26.624722,03-12-2013,,,
-29.161667,23.696389,04-12-2013,10122.0,9466.5,44448.0
-27.01011111,26.69808333,04-12-2013,,,
-29.641944,30.6875,04-12-2013,,,
-28.1175,26.719444,19-05-2014,9925.5,8259.0,40854.0
-28.1175,26.719444,03-06-2014,10308.0,8555.0,42226.0
-25.20639,27.558,04-12-2013,,,
-27.363611,31.783333,04-12-2013,8791.5,8291.5,45526.0
-26.648056,27.089444,04-12-2013,,,
-26.970278,27.211111,04-12-2013,,,
-26.880278,26.965,04-12-2013,,,
-26.98472222,26.63227778,04-12-2013,,,
-31.000833,26.353056,04-12-2013,9913.0,8620.0,46122.0
-30.679722,26.7125,04-12-2013,11428.0,9232.0,44227.5
-28.1175,26.719444,06-08-2014,11680.5,8903.0,42397.5
-34.039722,22.133333,04-12-2013,13971.0,11080.5,37044.5
-28.760833,17.730278,05-12-2013,,,
-26.905,32.324722,05-12-2013,8629.0,8161.0,43926.0
-28.116667,26.725278,05-12-2013,19450.5,18158.5,41339.5
-34.250556,20.9925,05-12-2013,,,
-34.092222,21.295278,05-12-2013,,,
-23.658056,31.05,06-12-2013,,,
-23.281,30.54305556,06-12-2013,,,
-27.02314,28.59389,07-12-2013,10631.0,9255.5,45653.5
-25.99136,27.84208,09-12-2013,,,
-27.935,26.126667,09-12-2013,,,
-28.141944,26.417778,09-12-2013,27715.5,26023.0,41646.5
-28.1175,26.719444,09-12-2013,7720.0,7210.5,44619.0
-28.116667,26.725278,09-12-2013,19450.5,18158.5,41339.5
-25.73411,27.21422,10-12-2013,,,
-25.45963889,28.26430556,10-12-2013,9149.5,8549.0,47340.0
-27.01011111,26.69808333,11-12-2013,,,
-25.81048333,27.90955222,11-12-2013,,,
-28.116667,26.725278,22-02-2011,,,
-24.183889,30.823889,11-12-2013,11048.0,9120.5,48177.0
-24.058889,31.237222,11-12-2013,11073.5,9175.5,50544.0
-28.116667,26.725278,26-07-2011,,,
-28.116667,26.725278,23-08-2011,,,
-28.116667,26.725278,21-09-2011,,,
-28.116667,26.725278,18-10-2011,,,
-28.116667,26.725278,14-12-2011,,,
-28.116667,26.725278,18-01-2012,,,
-28.116667,26.725278,15-02-2012,,,
-28.116667,26.725278,14-03-2012,,,
-26.03611,30.99778,11-12-2013,,,
-27.5275,30.858056,11-12-2013,9269.5,8419.0,47110.0
-28.75,30.442778,11-12-2013,,,
-28.116667,26.725278,09-05-2012,,,
-28.116667,26.725278,29-05-2012,,,
-28.116667,26.725278,06-06-2012,,,
-28.116667,26.725278,14-06-2012,,,
-28.116667,26.725278,21-06-2012,,,
-28.116667,26.725278,04-07-2012,,,
-28.116667,26.725278,01-08-2012,,,
-28.116667,26.725278,29-08-2012,,,
-28.116667,26.725278,17-09-2012,,,
-28.116667,26.725278,24-10-2012,,,
-28.116667,26.725278,15-11-2012,,,
-28.404444,30.013056,11-12-2013,,,
-28.116667,26.725278,21-11-2012,,,
-28.116667,26.725278,31-01-2013,,,
-28.116667,26.725278,08-02-2013,,,
-28.116667,26.725278,20-02-2013,,,
-28.116667,26.725278,14-03-2013,,,
-28.116667,26.725278,21-03-2013,,,
-29.161667,30.629722,11-12-2013,,,
-26.648056,27.089444,11-12-2013,,,
-28.116667,26.725278,24-04-2013,9322.0,8310.0,43098.5
-26.970278,27.211111,11-12-2013,,,
-26.880278,26.965,11-12-2013,,,
-27.38972222,26.46388889,11-12-2013,,,
-26.98472222,26.63227778,11-12-2013,,,
-28.116667,26.725278,16-07-2013,11281.0,8830.0,41675.0
-28.116667,26.725278,14-08-2013,11378.0,8927.5,42366.5
-28.141944,26.417778,11-12-2013,,,
-28.116667,26.725278,26-09-2013,,,
-28.116667,26.725278,22-10-2013,,,
-28.1175,26.719444,11-12-2013,,,
-27.671111,27.236944,11-12-2013,,,
-28.768056,20.720556,11-12-2013,10022.0,8729.0,46759.0
-27.356667,27.286389,11-12-2013,,,
-24.679167,30.8025,12-12-2013,10654.0,8851.0,48657.0
-27.937778,31.209444,12-12-2013,8958.0,8084.0,
-29.744167,29.905833,12-12-2013,,,
-26.98472222,26.63227778,12-12-2013,,,
-27.398611,26.614722,12-12-2013,,,
-34.031944,22.053333,13-12-2013,,,
-28.735556,29.820556,17-12-2013,,,
-27.935,26.126667,17-12-2013,,,
-28.141944,26.417778,17-12-2013,,,
-28.1175,26.719444,17-12-2013,,,
-28.116667,26.725278,17-12-2013,,,
-28.116667,26.725278,02-04-2014,,,
-29.160278,26.573333,17-12-2013,,,
-29.042222,24.6,17-12-2013,8258.5,7888.0,46068.0
-29.028629,24.638389,17-12-2013,10171.0,8668.0,47843.0
-29.033333,23.983333,17-12-2013,11403.0,9029.5,48373.0
-33.501667,21.624167,17-12-2013,9216.5,8286.5,47942.5
-27.01011111,26.69808333,18-12-2013,,,
-22.225556,29.990556,18-12-2013,8682.5,7641.5,47974.5
-25.127778,27.628889,18-12-2013,,,
-28.116667,26.725278,20-05-2014,,,
-25.20639,27.558,18-12-2013,,,
-24.39619444,27.08983333,18-12-2013,,,
-28.116667,26.725278,02-07-2014,11157.0,8810.5,41633.5
-24.69514,27.40906,18-12-2013,,,
-28.116667,26.725278,15-07-2014,11166.5,8849.0,41436.0
-27.602222,29.942778,18-12-2013,,,
-29.380556,30.2775,18-12-2013,8965.5,8178.0,43496.0
-28.116667,26.725278,29-07-2014,,,
-28.116667,26.725278,18-08-2014,11615.0,8968.0,42462.5
-28.116667,26.725278,20-08-2014,11443.5,9049.5,44208.0
-26.648056,27.089444,18-12-2013,,,
-28.116667,26.725278,26-08-2014,11443.5,9049.5,44208.0
-26.970278,27.211111,18-12-2013,,,
-28.116667,26.725278,09-09-2014,11464.5,9083.0,44306.0
-26.880278,26.965,18-12-2013,,,
-27.671111,27.236944,18-12-2013,9899.5,8538.0,46686.5
-28.116667,26.725278,15-10-2014,,,
-24.058889,31.237222,19-12-2013,,,
-28.116667,26.725278,10-11-2014,10286.5,8700.5,46592.0
-28.116667,26.725278,24-11-2014,,,
-28.116667,26.725278,25-11-2014,,,
-22.43772222,31.07805556,22-12-2013,,,
-28.116667,26.725278,05-01-2015,,,
-25.99136,27.84208,23-12-2013,,,
-26.970278,27.211111,23-12-2013,9957.5,8679.0,44601.5
-26.880278,26.965,23-12-2013,10147.5,9253.5,49000.5
-25.45963889,28.26430556,23-12-2013,,,
-27.01011111,26.69808333,24-12-2013,9329.0,8468.0,46382.0
-25.81048333,27.90955222,24-12-2013,,,
-28.116667,26.725278,10-03-2015,9259.5,8117.0,45251.0
-25.73411,27.21422,24-12-2013,10608.0,8973.0,47217.5
-26.648056,27.089444,24-12-2013,9029.5,8436.5,46748.5
-26.98472222,26.63227778,24-12-2013,10057.5,8892.5,49008.0
-28.116667,26.725278,14-04-2015,,,
-28.116667,26.725278,15-04-2015,,,
-28.116667,26.725278,09-06-2015,10031.0,8444.5,40178.0
-28.116667,26.725278,24-06-2015,10083.0,8559.5,40261.0
-28.116667,26.725278,22-07-2015,10280.5,8728.5,42016.5
-28.116667,26.725278,12-08-2015,,,
-28.116667,26.725278,20-08-2015,,,
-28.116667,26.725278,08-09-2015,10477.0,8639.5,44516.0
-28.116667,26.725278,15-10-2015,,,
-28.116667,26.725278,03-11-2015,,,
-28.116667,26.725278,10-11-2015,10834.0,8817.5,50263.5
-29.161667,23.696389,25-12-2013,,,
-28.96362,19.15486,28-12-2013,,,
-28.1175,26.719444,30-12-2013,,,
-29.161667,23.696389,01-01-2014,,,
-29.140556,31.391944,01-01-2014,10821.0,9120.5,46651.5
-28.747778,31.745833,01-01-2014,9031.5,8334.5,47258.5
-25.99136,27.84208,06-01-2014,9154.5,8368.5,46372.0
-26.45,28.085833,06-01-2014,9015.5,8135.0,47226.0
-27.935,26.126667,06-01-2014,,,
-28.141944,26.417778,06-01-2014,,,
-28.1175,26.719444,06-01-2014,,,
-28.116667,26.725278,06-01-2014,,,
-27.169444,29.233889,07-01-2014,,,
-26.861111,28.884722,07-01-2014,,,
-27.273889,28.49,07-01-2014,9170.5,8069.5,44560.0
-25.45963889,28.26430556,07-01-2014,9411.5,8425.5,47372.5
-29.161667,23.696389,08-01-2014,,,
-27.01011111,26.69808333,08-01-2014,,,
-25.81048333,27.90955222,08-01-2014,9375.5,8307.0,47063.0
-29.140556,31.391944,08-01-2014,10821.0,9120.5,46651.5
-28.801278,31.955389,08-01-2014,42018.0,44116.5,38571.0
-28.75,30.442778,08-01-2014,11170.0,9177.0,48169.0
-28.404444,30.013056,08-01-2014,9916.0,8967.5,48181.5
-29.744167,29.905833,08-01-2014,,,
-29.161667,30.629722,08-01-2014,9464.5,8428.5,47064.0
-27.00222,28.76528,08-01-2014,9703.0,8390.5,
-27.02314,28.59389,08-01-2014,10571.5,8763.5,45507.5
-26.648056,27.089444,08-01-2014,9029.5,8436.5,46748.5
-26.970278,27.211111,08-01-2014,,,
-26.880278,26.965,08-01-2014,,,
-27.273889,28.49,08-01-2014,9170.5,8069.5,44560.0
-27.4275,28.525833,08-01-2014,8319.5,7916.5,
-27.3,28.586944,08-01-2014,9303.0,8177.5,
-26.98472222,26.63227778,08-01-2014,,,
-27.044444,27.005,08-01-2014,,,
-28.69485,28.23487,08-01-2014,9024.5,8142.0,46036.5
-29.615556,27.065278,08-01-2014,10136.0,8280.0,45490.0
-28.768056,20.720556,08-01-2014,,,
-28.058889,30.373611,08-01-2014,9367.5,8533.0,47391.5
-27.937778,31.209444,09-01-2014,8958.0,8084.0,
-27.5275,30.858056,09-01-2014,9269.5,8419.0,47110.0
-30.679722,26.7125,09-01-2014,,,
-30.160091,27.40124,09-01-2014,11328.5,9209.0,47751.5
-30.336111,27.359444,09-01-2014,9687.5,8249.0,45326.5
-27.671111,27.236944,10-01-2014,9365.0,8532.0,46318.0
-30.534167,24.961944,10-01-2014,10847.0,8952.5,48154.5
-29.380556,30.2775,13-01-2014,8965.5,8178.0,43496.0
-26.73806,27.59194,13-01-2014,11026.5,9462.0,44405.5
-26.45,28.085833,13-01-2014,9015.5,8135.0,47226.0
-26.98472222,26.63227778,13-01-2014,,,
-27.01011111,26.69808333,14-01-2014,,,
-29.641944,30.6875,14-01-2014,9042.5,8133.0,
-25.127778,27.628889,14-01-2014,11675.0,9756.0,42324.5
-25.20639,27.558,14-01-2014,10639.5,8718.0,40986.5
-24.69514,27.40906,14-01-2014,10323.5,8962.5,43360.5
-25.73411,27.21422,14-01-2014,10608.0,8973.0,47217.5
-24.058889,31.237222,14-01-2014,,,
-26.861111,28.884722,14-01-2014,9533.0,8521.0,44018.5
-26.648056,27.089444,14-01-2014,9029.5,8436.5,46748.5
-26.970278,27.211111,14-01-2014,,,
-26.880278,26.965,14-01-2014,,,
-26.98472222,26.63227778,14-01-2014,,,
-28.1175,26.719444,14-01-2014,,,
-27.044444,27.005,14-01-2014,,,
-31.396,29.2651,14-01-2014,,,
-31.554722,29.245556,14-01-2014,,,
-34.075556,20.145556,14-01-2014,,,
-28.338333,31.373611,14-01-2014,11670.5,9338.5,45787.0
-28.068333,31.55,14-01-2014,9159.0,8198.5,46550.0
-29.161667,23.696389,15-01-2014,8778.5,8188.5,45197.0
-24.39619444,27.08983333,15-01-2014,9490.0,8348.0,45129.5
-30.568333,29.422778,15-01-2014,,,
-30.570833,29.150556,15-01-2014,,,
-31.104278,29.399722,15-01-2014,,,
-22.769722,30.886944,16-01-2014,,,
-28.44555556,32.325,12-03-2014,9295.5,8350.0,45894.0
-27.935,26.126667,16-01-2014,,,
-28.141944,26.417778,16-01-2014,,,
-30.86013889,29.07125,16-01-2014,,,
-30.77586667,29.03221667,16-01-2014,,,
-23.838611,31.640833,17-01-2014,,,
-27.902778,24.615556,17-01-2014,10177.0,8631.5,49212.5
-31.031389,28.883333,17-01-2014,,,
-29.042222,24.6,20-01-2014,,,
-29.033333,23.983333,20-01-2014,10459.5,8588.5,49198.5
-28.760833,17.730278,21-01-2014,,,
-24.670833,28.560833,21-01-2014,9654.5,8537.0,47451.0
-28.141944,26.417778,21-01-2014,10068.0,8576.0,46737.0
-28.1175,26.719444,21-01-2014,10659.5,8714.5,33099.5
-29.028629,24.638389,21-01-2014,,,
-29.1825,23.575556,21-01-2014,8876.0,8518.0,47373.5
-34.031944,22.053333,21-01-2014,8472.0,7864.0,45365.0
-34.039722,22.133333,21-01-2014,8449.5,7983.0,45165.0
-25.57877778,29.12747222,21-01-2014,,,
-29.161667,23.696389,22-01-2014,,,
-24.282222,28.090278,22-01-2014,9047.5,8467.0,46379.0
-25.99136,27.84208,22-01-2014,,,
-24.925278,29.324444,22-01-2014,9362.5,8460.0,47336.5
-27.363611,31.783333,22-01-2014,8791.5,8291.5,45526.0
-27.602222,29.942778,22-01-2014,,,
-29.744167,29.905833,22-01-2014,,,
-26.45,28.085833,22-01-2014,,,
-27.671111,27.236944,22-01-2014,9365.0,8532.0,46318.0
-34.02861,22.22222,22-01-2014,8288.5,7726.5,44801.5
-34.405833,19.600556,22-01-2014,,,
-27.01011111,26.69808333,23-01-2014,,,
-26.905,32.324722,23-01-2014,,,
-27.169444,29.233889,23-01-2014,,,
-27.00222,28.76528,23-01-2014,,,
-26.648056,27.089444,23-01-2014,9029.5,8436.5,46748.5
-26.970278,27.211111,23-01-2014,,,
-26.880278,26.965,23-01-2014,,,
-27.38972222,26.46388889,23-01-2014,,,
-26.98472222,26.63227778,23-01-2014,,,
-27.398611,26.614722,23-01-2014,,,
-25.45963889,28.26430556,23-01-2014,,,
-33.897778,20.012778,23-01-2014,,,
-25.81048333,27.90955222,24-01-2014,,,
-29.803611,30.516111,26-01-2014,,,
-30.733889,29.828333,27-01-2014,,,
-26.45,28.085833,27-01-2014,,,
-29.160278,26.573333,27-01-2014,10106.5,8616.5,48526.5
-33.38056,19.30167,27-01-2014,,,
-32.502778,19.535833,27-01-2014,,,
-27.01011111,26.69808333,28-01-2014,,,
-25.127778,27.628889,28-01-2014,11675.0,9756.0,42324.5
-24.69514,27.40906,28-01-2014,10323.5,8962.5,43360.5
-25.73411,27.21422,28-01-2014,10608.0,8973.0,47217.5
-28.735556,29.820556,28-01-2014,,,
-27.00222,28.76528,28-01-2014,,,
-26.648056,27.089444,28-01-2014,9029.5,8436.5,46748.5
-26.970278,27.211111,28-01-2014,,,
-26.880278,26.965,28-01-2014,,,
-26.98472222,26.63227778,28-01-2014,,,
-27.398611,26.614722,28-01-2014,,,
-33.501667,21.624167,28-01-2014,10278.0,8696.5,45832.5
-32.595833,19.009444,28-01-2014,,,
-25.20639,27.558,29-01-2014,10639.5,8718.0,40986.5
-28.768056,20.720556,29-01-2014,,,
-33.13083,18.86278,29-01-2014,,,
-33.7075,18.97444444,29-01-2014,,,
-32.94583,18.33667,29-01-2014,,,
-30.13573889,30.67422222,30-01-2014,,,
-27.38972222,26.46388889,30-01-2014,,,
-33.31388889,19.07472222,30-01-2014,,,
-29.380556,30.2775,31-01-2014,,,
-22.769722,30.886944,03-02-2014,9146.0,8139.0,45987.0
-26.73806,27.59194,03-02-2014,11026.5,9462.0,44405.5
-26.45,28.085833,03-02-2014,,,
-33.08883333,19.21878333,03-02-2014,10280.0,8769.0,46842.0
-28.747778,31.745833,04-02-2014,,,
-27.398611,26.614722,04-02-2014,,,
-25.45963889,28.26430556,04-02-2014,,,
-27.495556,26.074722,04-02-2014,,,
-27.4,26.624722,04-02-2014,,,
-28.760833,17.730278,05-02-2014,,,
-29.161667,23.696389,05-02-2014,,,
-27.01011111,26.69808333,05-02-2014,,,
-25.81048333,27.90955222,05-02-2014,,,
-29.140556,31.391944,05-02-2014,,,
-28.801278,31.955389,05-02-2014,,,
-28.404444,30.013056,05-02-2014,,,
-29.744167,29.905833,05-02-2014,,,
-26.970278,27.211111,05-02-2014,,,
-26.880278,26.965,05-02-2014,,,
-26.98472222,26.63227778,05-02-2014,,,
-28.116667,26.725278,05-02-2014,,,
-27.044444,27.005,05-02-2014,,,
-29.033333,23.983333,05-02-2014,,,
-28.69485,28.23487,05-02-2014,8885.5,8079.5,45373.5
-27.937778,31.209444,06-02-2014,,,
-30.160091,27.40124,06-02-2014,10451.5,8712.5,45041.5
-30.336111,27.359444,06-02-2014,11769.0,8996.0,43982.0
-30.830556,26.921389,07-02-2014,17106.5,12787.0,42639.0
-27.671111,27.236944,07-02-2014,,,
-29.658056,25.973333,07-02-2014,10627.5,8971.0,48159.5
-30.679722,26.7125,07-02-2014,9873.5,8170.0,44041.0
-29.641944,30.6875,08-02-2014,,,
-26.648056,27.089444,10-02-2014,,,
-26.98472222,26.63227778,10-02-2014,,,
-31.396,29.2651,10-02-2014,,,
-31.554722,29.245556,10-02-2014,,,
-27.01011111,26.69808333,11-02-2014,,,
-25.127778,27.628889,11-02-2014,11675.0,9756.0,42324.5
-25.20639,27.558,11-02-2014,10639.5,8718.0,40986.5
-24.69514,27.40906,11-02-2014,10323.5,8962.5,43360.5
-26.970278,27.211111,11-02-2014,,,
-26.880278,26.965,11-02-2014,,,
-27.802778,28.768333,11-02-2014,,,
-26.98472222,26.63227778,11-02-2014,,,
-27.935,26.126667,11-02-2014,,,
-28.116667,26.725278,11-02-2014,,,
-27.044444,27.005,11-02-2014,,,
-29.160278,26.573333,11-02-2014,10106.5,8616.5,48526.5
-28.883333,27.89,11-02-2014,9330.0,8281.5,45312.0
-30.568333,29.422778,11-02-2014,,,
-30.570833,29.150556,11-02-2014,,,
-31.104278,29.399722,11-02-2014,,,
-28.338333,31.373611,11-02-2014,,,
-28.068333,31.55,11-02-2014,,,
-29.161667,23.696389,12-02-2014,,,
-24.39619444,27.08983333,12-02-2014,9490.0,8348.0,45129.5
-23.658056,31.05,12-02-2014,8739.5,7766.0,45801.5
-23.281,30.54305556,12-02-2014,9781.0,8498.0,46254.0
-24.058889,31.237222,12-02-2014,,,
-28.75,30.442778,12-02-2014,,,
-29.161667,30.629722,12-02-2014,,,
-26.45,28.085833,12-02-2014,,,
-27.044444,27.005,12-02-2014,,,
-29.615556,27.065278,12-02-2014,9989.5,8324.0,45079.5
-31.031389,28.883333,12-02-2014,,,
-30.86013889,29.07125,12-02-2014,,,
-30.570833,29.150556,12-02-2014,,,
-30.77586667,29.03221667,12-02-2014,,,
-32.94583,18.33667,12-02-2014,,,
-28.44555556,32.325,09-04-2014,9295.5,8350.0,45894.0
-27.4275,28.525833,13-02-2014,8319.5,7916.5,
-34.031944,22.053333,13-02-2014,11429.0,9190.0,43461.0
-34.329722,18.990278,13-02-2014,,,
-33.13083,18.86278,13-02-2014,,,
-33.897778,20.012778,13-02-2014,,,
-24.679167,30.8025,14-02-2014,,,
-27.935,26.126667,14-02-2014,,,
-34.039722,22.133333,14-02-2014,,,
-34.02861,22.22222,14-02-2014,,,
-25.99136,27.84208,17-02-2014,,,
-28.735556,29.820556,17-02-2014,,,
-26.648056,27.089444,17-02-2014,,,
-27.935,26.126667,17-02-2014,,,
-28.1175,26.719444,17-02-2014,,,
-28.116667,26.725278,17-02-2014,,,
-29.042222,24.6,17-02-2014,8775.0,7985.5,45828.0
-29.033333,23.983333,17-02-2014,9828.0,8374.0,46230.0
-33.818056,19.694722,17-02-2014,,,
-33.08883333,19.21878333,17-02-2014,,,
-27.01011111,26.69808333,18-02-2014,,,
-27.602222,29.942778,18-02-2014,,,
-26.970278,27.211111,18-02-2014,,,
-26.880278,26.965,18-02-2014,,,
-26.98472222,26.63227778,18-02-2014,,,
-29.160278,26.573333,18-02-2014,10106.5,8616.5,48526.5
-29.028629,24.638389,18-02-2014,9777.5,8486.0,47928.5
-34.075556,20.145556,18-02-2014,,,
-32.595833,19.009444,18-02-2014,,,
-25.45963889,28.26430556,18-02-2014,,,
-27.495556,26.074722,18-02-2014,,,
-29.161667,23.696389,19-02-2014,9603.5,8646.0,45357.0
-25.81048333,27.90955222,19-02-2014,,,
-26.905,32.324722,19-02-2014,8046.0,7930.0,45274.0
-29.744167,29.905833,19-02-2014,,,
-27.169444,29.233889,19-02-2014,,,
-27.00222,28.76528,19-02-2014,,,
-26.73806,27.59194,19-02-2014,,,
-26.45,28.085833,19-02-2014,,,
-29.033333,23.983333,19-02-2014,9828.0,8374.0,46230.0
-28.69485,28.23487,19-02-2014,8885.5,8079.5,45373.5
-28.883333,27.89,19-02-2014,9330.0,8281.5,45312.0
-33.7075,18.97444444,19-02-2014,,,
-25.57877778,29.12747222,19-02-2014,,,
-30.830556,26.921389,20-02-2014,8164.0,7572.5,45037.0
-28.1175,26.719444,20-02-2014,,,
-29.658056,25.973333,20-02-2014,10627.5,8971.0,48159.5
-30.679722,26.7125,20-02-2014,9873.5,8170.0,44041.0
-30.160091,27.40124,20-02-2014,10451.5,8712.5,45041.5
-30.336111,27.359444,20-02-2014,11769.0,8996.0,43982.0
-33.31388889,19.07472222,20-02-2014,,,
-24.925278,29.324444,21-02-2014,,,
-30.534167,24.961944,21-02-2014,,,
-29.7775,29.470833,24-02-2014,,,
-29.744167,29.905833,24-02-2014,,,
-26.45,28.085833,24-02-2014,,,
-27.935,26.126667,24-02-2014,,,
-28.1175,26.719444,24-02-2014,,,
-28.116667,26.725278,24-02-2014,,,
-29.160278,26.573333,24-02-2014,,,
-27.01011111,26.69808333,25-02-2014,,,
-25.127778,27.628889,25-02-2014,,,
-24.39619444,27.08983333,25-02-2014,,,
-24.69514,27.40906,25-02-2014,,,
-27.5275,30.858056,25-02-2014,,,
-30.733889,29.828333,25-02-2014,,,
-29.987778,29.851667,25-02-2014,,,
-29.380556,30.2775,25-02-2014,,,
-26.861111,28.884722,25-02-2014,,,
-26.970278,27.211111,25-02-2014,,,
-26.880278,26.965,25-02-2014,,,
-26.98472222,26.63227778,25-02-2014,,,
-27.044444,27.005,25-02-2014,,,
-33.501667,21.624167,25-02-2014,9913.0,8486.5,45125.5
-28.058889,30.373611,25-02-2014,,,
-29.161667,23.696389,26-02-2014,,,
-25.20639,27.558,26-02-2014,,,
-25.73411,27.21422,26-02-2014,,,
-26.648056,27.089444,26-02-2014,,,
-28.116667,26.725278,26-02-2014,,,
-27.671111,27.236944,26-02-2014,,,
-28.768056,20.720556,26-02-2014,,,
-27.356667,27.286389,26-02-2014,,,
-30.13573889,30.67422222,27-02-2014,,,
-30.398056,30.601944,27-02-2014,,,
-27.902778,24.615556,28-02-2014,8892.0,7896.0,45201.0
-29.803611,30.516111,28-02-2014,,,
-26.73806,27.59194,03-03-2014,,,
-26.45,28.085833,03-03-2014,,,
-27.935,26.126667,03-03-2014,,,
-28.116667,26.725278,03-03-2014,,,
-32.502778,19.535833,03-03-2014,13204.5,10121.0,46589.5
-27.356667,27.286389,03-03-2014,,,
-25.81048333,27.90955222,04-03-2014,,,
-26.861111,28.884722,04-03-2014,,,
-27.02314,28.59389,04-03-2014,9586.0,8544.5,43717.0
-27.398611,26.614722,04-03-2014,,,
-27.671111,27.236944,04-03-2014,,,
-34.039722,22.133333,04-03-2014,,,
-27.495556,26.074722,04-03-2014,,,
-27.4,26.624722,04-03-2014,,,
-29.161667,23.696389,05-03-2014,,,
-27.01011111,26.69808333,05-03-2014,,,
-29.140556,31.391944,05-03-2014,,,
-29.744167,29.905833,05-03-2014,,,
-26.880278,26.965,05-03-2014,,,
-26.98472222,26.63227778,05-03-2014,,,
-27.671111,27.236944,05-03-2014,,,
-29.033333,23.983333,05-03-2014,,,
-34.02861,22.22222,05-03-2014,,,
-33.13083,18.86278,05-03-2014,,,
-25.45963889,28.26430556,05-03-2014,,,
-22.769722,30.886944,06-03-2014,9146.0,8139.0,45987.0
-27.937778,31.209444,06-03-2014,,,
-26.648056,27.089444,06-03-2014,,,
-26.970278,27.211111,06-03-2014,,,
-27.398611,26.614722,06-03-2014,,,
-27.044444,27.005,06-03-2014,,,
-29.651389,22.746389,06-03-2014,,,
-29.1825,23.575556,06-03-2014,,,
-34.031944,22.053333,06-03-2014,,,
-33.7075,18.97444444,06-03-2014,,,
-32.94583,18.33667,06-03-2014,9061.5,8051.0,44317.0
-28.058889,30.373611,06-03-2014,,,
-28.404444,30.013056,07-03-2014,,,
-28.116667,26.725278,07-03-2014,,,
-29.651389,22.746389,07-03-2014,11432.0,9234.5,48564.0
-34.005833,22.351111,07-03-2014,,,
-29.380556,30.2775,08-03-2014,,,
-26.45,28.085833,10-03-2014,,,
-26.98472222,26.63227778,10-03-2014,,,
-28.1175,26.719444,10-03-2014,,,
-31.396,29.2651,10-03-2014,,,
-31.554722,29.245556,10-03-2014,,,
-27.01011111,26.69808333,11-03-2014,,,
-24.183889,30.823889,11-03-2014,9299.0,8385.5,45594.0
-26.861111,28.884722,11-03-2014,,,
-26.648056,27.089444,11-03-2014,,,
-26.970278,27.211111,11-03-2014,,,
-26.880278,26.965,11-03-2014,,,
-26.98472222,26.63227778,11-03-2014,,,
-27.902778,24.615556,02-08-2012,,,
-27.044444,27.005,11-03-2014,,,
-30.568333,29.422778,11-03-2014,,,
-30.570833,29.150556,11-03-2014,,,
-31.104278,29.399722,11-03-2014,,,
-34.092222,21.295278,11-03-2014,,,
-29.161667,23.696389,12-03-2014,9151.5,8426.5,43940.5
-28.7115,24.07288889,12-03-2014,11411.5,9032.5,36197.0
-29.641944,30.6875,12-03-2014,,,
-27.902778,24.615556,20-06-2013,11519.5,9041.5,42296.0
-24.034167,31.123611,12-03-2014,,,
-28.44555556,32.325,07-05-2014,9145.0,8308.5,43914.0
-28.75,30.442778,12-03-2014,,,
-29.161667,30.629722,12-03-2014,,,
-27.02314,28.59389,12-03-2014,9586.0,8544.5,43717.0
-27.273889,28.49,12-03-2014,8794.5,7905.0,42694.0
-27.4275,28.525833,12-03-2014,9636.5,8396.0,
-27.3,28.586944,12-03-2014,10006.5,8435.0,
-27.902778,24.615556,02-01-2014,,,
-27.935,26.126667,12-03-2014,,,
-28.141944,26.417778,12-03-2014,,,
-29.651389,22.746389,12-03-2014,11450.5,9218.0,48565.0
-31.031389,28.883333,12-03-2014,,,
-30.86013889,29.07125,12-03-2014,,,
-30.77586667,29.03221667,12-03-2014,,,
-27.902778,24.615556,23-05-2014,10980.5,8760.5,41675.5
-28.338333,31.373611,12-03-2014,,,
-28.068333,31.55,12-03-2014,,,
-24.679167,30.8025,13-03-2014,9558.5,8142.0,44942.0
-25.20639,27.558,13-03-2014,,,
-27.573056,24.746389,13-03-2014,9344.0,8182.0,45773.5
-31.394444,20.947222,13-03-2014,,,
-33.08883333,19.21878333,13-03-2014,,,
-33.897778,20.012778,13-03-2014,8146.0,7732.0,44729.0
-27.902778,24.615556,14-03-2014,8892.0,7896.0,45201.0
-27.573056,24.746389,15-03-2014,9344.0,8182.0,45773.5
-28.96362,19.15486,15-03-2014,9378.0,8385.0,46263.0
-27.902778,24.615556,21-11-2014,,,
-25.99136,27.84208,17-03-2014,,,
-28.735556,29.820556,17-03-2014,8735.5,7991.0,43950.5
-26.73806,27.59194,17-03-2014,,,
-27.935,26.126667,17-03-2014,,,
-28.1175,26.719444,17-03-2014,,,
-28.116667,26.725278,17-03-2014,,,
-29.042222,24.6,17-03-2014,8579.5,8035.5,44039.5
-29.033333,23.983333,17-03-2014,,,
-23.658056,31.05,18-03-2014,8739.5,7766.0,45801.5
-23.281,30.54305556,18-03-2014,9781.0,8498.0,46254.0
-27.169444,29.233889,18-03-2014,,,
-26.861111,28.884722,18-03-2014,9359.5,8372.0,44326.5
-26.98472222,26.63227778,18-03-2014,,,
-29.028629,24.638389,18-03-2014,9391.5,8296.5,44896.0
-33.38056,19.30167,18-03-2014,,,
-33.31388889,19.07472222,18-03-2014,,,
-25.45963889,28.26430556,18-03-2014,,,
-27.495556,26.074722,18-03-2014,,,
-25.447222,30.711667,18-03-2014,8740.0,8128.0,44702.0
-29.161667,23.696389,19-03-2014,9638.0,8782.0,43520.5
-27.01011111,26.69808333,19-03-2014,,,
-25.81048333,27.90955222,19-03-2014,,,
-27.363611,31.783333,19-03-2014,,,
-26.648056,27.089444,19-03-2014,,,
-26.970278,27.211111,19-03-2014,,,
-26.880278,26.965,19-03-2014,,,
-27.044444,27.005,19-03-2014,,,
-27.573056,24.746389,19-03-2014,9344.0,8182.0,45773.5
-29.033333,23.983333,19-03-2014,9823.5,8459.0,44934.5
-28.376944,24.303056,29-09-2011,,,
-28.376944,24.303056,20-11-2011,,,
-28.376944,24.303056,08-12-2011,,,
-32.595833,19.009444,19-03-2014,,,
-28.376944,24.303056,19-01-2012,,,
-26.03611,30.99778,20-03-2014,9371.0,8325.0,44753.5
-27.602222,29.942778,20-03-2014,,,
-29.744167,29.905833,20-03-2014,,,
-28.376944,24.303056,05-07-2012,,,
-28.376944,24.303056,11-07-2012,,,
-29.7775,29.470833,24-03-2014,,,
-28.376944,24.303056,16-08-2012,,,
-28.376944,24.303056,30-08-2012,,,
-28.376944,24.303056,27-09-2012,,,
-28.376944,24.303056,17-01-2013,,,
-28.376944,24.303056,28-02-2013,,,
-29.987778,29.851667,24-03-2014,8679.0,8278.0,44542.0
-28.376944,24.303056,14-03-2013,,,
-28.376944,24.303056,11-04-2013,,,
-28.376944,24.303056,25-04-2013,,,
-28.376944,24.303056,09-05-2013,,,
-28.376944,24.303056,20-06-2013,11023.0,9080.5,41857.5
-28.376944,24.303056,04-07-2013,10624.0,8778.0,41067.5
-28.376944,24.303056,18-07-2013,,,
-28.376944,24.303056,01-08-2013,,,
-28.376944,24.303056,15-08-2013,,,
-28.376944,24.303056,29-08-2013,11133.0,9311.0,43285.0
-28.376944,24.303056,12-09-2013,11133.0,9311.0,43285.0
-28.376944,24.303056,26-09-2013,,,
-28.376944,24.303056,10-10-2013,,,
-28.376944,24.303056,24-10-2013,11618.5,9485.5,49067.5
-28.376944,24.303056,07-11-2013,12018.5,9456.5,50659.5
-28.376944,24.303056,21-11-2013,11871.5,9664.5,47606.0
-28.376944,24.303056,02-01-2014,,,
-28.376944,24.303056,16-01-2014,10781.5,9160.0,49611.5
-28.376944,24.303056,30-01-2014,,,
-28.376944,24.303056,27-02-2014,9898.5,8581.0,46950.5
-29.744167,29.905833,24-03-2014,9133.0,8409.5,44931.5
-26.45,28.085833,24-03-2014,,,
-27.935,26.126667,24-03-2014,,,
-28.141944,26.417778,24-03-2014,,,
-28.376944,24.303056,05-06-2014,10334.5,8870.0,40226.0
-28.1175,26.719444,24-03-2014,,,
-22.225556,29.990556,25-03-2014,,,
-25.127778,27.628889,25-03-2014,,,
-24.39619444,27.08983333,25-03-2014,,,
-24.69514,27.40906,25-03-2014,,,
-28.376944,24.303056,23-10-2014,,,
-30.733889,29.828333,25-03-2014,8970.0,8291.0,45837.5
-26.861111,28.884722,25-03-2014,9359.5,8372.0,44326.5
-28.116667,26.725278,25-03-2014,8991.5,8052.0,44122.0
-29.160278,26.573333,25-03-2014,9824.0,8448.5,44575.0
-28.69485,28.23487,25-03-2014,,,
-29.615556,27.065278,25-03-2014,9647.0,8254.0,43802.0
-28.883333,27.89,25-03-2014,,,
-33.501667,21.624167,25-03-2014,,,
-29.161667,23.696389,26-03-2014,,,
-27.01011111,26.69808333,26-03-2014,8090.0,7753.5,42714.5
-22.935,28.004167,26-03-2014,,,
-25.20639,27.558,26-03-2014,,,
-28.376944,24.303056,16-07-2015,10836.0,8990.5,41002.5
-28.376944,24.303056,30-07-2015,10836.0,8990.5,41002.5
-28.376944,24.303056,13-08-2015,10943.5,9098.5,43103.0
-28.376944,24.303056,24-09-2015,,,
-28.376944,24.303056,08-10-2015,,,
-28.376944,24.303056,22-10-2015,11732.5,9386.0,48385.5
-28.376944,24.303056,05-11-2015,,,
-28.376944,24.303056,19-11-2015,11994.0,9557.5,50838.5
-28.376944,24.303056,03-12-2015,,,
-28.376944,24.303056,31-12-2015,,,
-30.398056,30.601944,26-03-2014,8469.5,7908.5,
-26.648056,27.089444,26-03-2014,7895.0,7549.5,42608.5
-26.970278,27.211111,26-03-2014,10834.0,8928.5,43202.0
-26.880278,26.965,26-03-2014,9451.0,8622.5,45207.0
-26.98472222,26.63227778,26-03-2014,9351.5,8328.5,44615.5
-27.671111,27.236944,26-03-2014,11173.5,9176.5,44073.0
-27.044444,27.005,26-03-2014,9139.0,8120.5,44272.0
-30.160091,27.40124,26-03-2014,10245.0,8752.5,43852.0
-30.336111,27.359444,26-03-2014,10214.5,8503.0,42761.5
-22.935,28.004167,27-03-2014,,,
-30.830556,26.921389,27-03-2014,9107.5,8196.0,43640.0
-22.548889,28.898056,27-03-2014,8841.5,8013.5,45566.0
-22.91028,29.61111,27-03-2014,9363.5,8137.0,
-30.13573889,30.67422222,27-03-2014,10616.5,8744.5,22778.5
-27.38972222,26.46388889,27-03-2014,10910.0,8825.5,43389.5
-27.398611,26.614722,27-03-2014,10305.0,8312.0,42843.5
-27.902778,24.615556,27-03-2014,,,
-29.658056,25.973333,27-03-2014,10001.0,8643.0,43762.5
-31.000833,26.353056,27-03-2014,9620.0,8253.0,43278.0
-30.679722,26.7125,27-03-2014,10287.0,8430.5,43034.0
-30.534167,24.961944,27-03-2014,,,
-27.356667,27.286389,27-03-2014,8878.0,8102.5,44166.0
-22.548889,28.898056,28-03-2014,8841.5,8013.5,45566.0
-29.160278,26.573333,28-03-2014,9824.0,8448.5,44575.0
-29.803611,30.516111,28-03-2014,,,
-25.99136,27.84208,31-03-2014,,,
-25.513889,31.224444,31-03-2014,8843.0,8292.5,44728.5
-33.818056,19.694722,31-03-2014,8887.0,8144.0,44671.5
-32.502778,19.535833,31-03-2014,12402.0,9700.0,45902.0
-25.681111,31.783333,01-04-2014,11695.0,9390.0,45612.5
-27.935,26.126667,01-04-2014,10050.5,8413.5,44288.5
-28.1175,26.719444,01-04-2014,9498.0,8210.0,44301.5
-28.116667,26.725278,01-04-2014,9064.0,8100.5,44320.0
-27.671111,27.236944,01-04-2014,11173.5,9176.5,44073.0
-34.075556,20.145556,01-04-2014,,,
-29.161667,23.696389,02-04-2014,,,
-25.81048333,27.90955222,02-04-2014,,,
-22.935,28.004167,02-04-2014,,,
-24.768889,31.39,02-04-2014,13351.0,10665.5,46797.5
-24.9675,31.516667,02-04-2014,8399.0,8086.0,45829.5
-28.801278,31.955389,02-04-2014,9365.0,8524.5,45628.5
-29.744167,29.905833,02-04-2014,,,
-27.4275,28.525833,02-04-2014,9636.5,8396.0,
-27.398611,26.614722,02-04-2014,,,
-27.671111,27.236944,02-04-2014,,,
-29.033333,23.983333,02-04-2014,,,
-28.768056,20.720556,02-04-2014,,,
-34.031944,22.053333,02-04-2014,8018.0,7515.0,44317.0
-34.039722,22.133333,02-04-2014,9087.5,7966.0,44416.0
-33.7075,18.97444444,02-04-2014,9171.5,8423.0,45332.5
-28.058889,30.373611,02-04-2014,,,
-27.495556,26.074722,02-04-2014,,,
-27.4,26.624722,02-04-2014,,,
-27.01011111,26.69808333,03-04-2014,,,
-22.91028,29.61111,03-04-2014,9363.5,8137.0,
-23.658056,31.05,03-04-2014,8739.5,7766.0,45801.5
-23.281,30.54305556,03-04-2014,9781.0,8498.0,46254.0
-24.99328,30.81444,03-04-2014,8784.5,8002.5,43933.0
-27.937778,31.209444,03-04-2014,8642.0,8041.0,
-27.5275,30.858056,03-04-2014,9353.0,8294.0,44754.5
-26.648056,27.089444,03-04-2014,,,
-26.970278,27.211111,03-04-2014,,,
-26.880278,26.965,03-04-2014,,,
-26.98472222,26.63227778,03-04-2014,,,
-27.044444,27.005,03-04-2014,,,
-33.13083,18.86278,03-04-2014,11573.5,9458.0,45567.0
-28.404444,30.013056,04-04-2014,,,
-28.116667,26.725278,04-04-2014,,,
-28.735556,29.820556,07-04-2014,,,
-26.73806,27.59194,07-04-2014,10329.0,8787.0,42538.5
-26.45,28.085833,07-04-2014,,,
-26.98472222,26.63227778,07-04-2014,,,
-27.935,26.126667,07-04-2014,,,
-28.141944,26.417778,07-04-2014,,,
-28.1175,26.719444,07-04-2014,,,
-28.116667,26.725278,07-04-2014,,,
-29.042222,24.6,07-04-2014,8582.0,7809.0,43069.5
-29.028629,24.638389,07-04-2014,9997.5,8552.5,43917.5
-29.033333,23.983333,07-04-2014,9991.0,8463.0,44029.0
-31.554722,29.245556,07-04-2014,,,
-27.01011111,26.69808333,08-04-2014,,,
-34.065833,20.404167,08-04-2014,12142.0,9431.0,43524.0
-25.127778,27.628889,08-04-2014,,,
-25.20639,27.558,08-04-2014,,,
-24.69514,27.40906,08-04-2014,,,
-22.769722,30.886944,08-04-2014,9325.0,8152.0,45350.0
-27.169444,29.233889,08-04-2014,,,
-26.861111,28.884722,08-04-2014,,,
-26.648056,27.089444,08-04-2014,,,
-26.970278,27.211111,08-04-2014,,,
-26.880278,26.965,08-04-2014,,,
-26.98472222,26.63227778,08-04-2014,,,
-30.570833,29.150556,08-04-2014,,,
-33.31388889,19.07472222,08-04-2014,8864.0,8148.0,45160.0
-28.338333,31.373611,08-04-2014,,,
-29.658056,25.973333,27-09-2011,,,
-28.068333,31.55,08-04-2014,8619.0,8014.5,45490.5
-28.308889,31.9025,08-04-2014,9456.5,8444.0,46680.5
-25.57877778,29.12747222,08-04-2014,,,
-29.641944,30.6875,09-04-2014,,,
-25.73411,27.21422,09-04-2014,,,
-28.44555556,32.325,04-06-2014,9417.5,8423.0,43375.0
-28.75,30.442778,09-04-2014,,,
-29.161667,30.629722,09-04-2014,,,
-27.00222,28.76528,09-04-2014,9696.0,8597.5,
-27.02314,28.59389,09-04-2014,9586.0,8544.5,43717.0
-27.273889,28.49,09-04-2014,8794.5,7905.0,42694.0
-27.4275,28.525833,09-04-2014,9636.5,8396.0,
-27.3,28.586944,09-04-2014,10006.5,8435.0,
-30.568333,29.422778,09-04-2014,,,
-31.031389,28.883333,09-04-2014,,,
-30.86013889,29.07125,09-04-2014,,,
-30.77586667,29.03221667,09-04-2014,,,
-32.595833,19.009444,09-04-2014,9413.5,8250.0,44943.5
-28.376944,24.303056,10-04-2014,,,
-34.092222,21.295278,10-04-2014,9720.0,8561.0,45031.5
-34.329722,18.990278,10-04-2014,,,
-33.897778,20.012778,10-04-2014,,,
-27.902778,24.615556,11-04-2014,,,
-24.679167,30.8025,14-04-2014,9631.0,8215.0,44662.5
-25.99136,27.84208,14-04-2014,,,
-26.73806,27.59194,14-04-2014,10329.0,8787.0,42538.5
-28.1175,26.719444,14-04-2014,,,
-28.116667,26.725278,14-04-2014,,,
-33.08883333,19.21878333,14-04-2014,,,
-24.183889,30.823889,15-04-2014,9282.5,8209.5,45047.0
-27.169444,29.233889,15-04-2014,9501.0,8633.5,43676.0
-26.861111,28.884722,15-04-2014,9673.5,8490.5,43931.5
-27.00222,28.76528,15-04-2014,9561.0,8569.0,
-27.4275,28.525833,15-04-2014,9565.5,8494.5,
-26.98472222,26.63227778,15-04-2014,,,
-27.935,26.126667,15-04-2014,,,
-29.160278,26.573333,15-04-2014,,,
-29.033333,23.983333,15-04-2014,,,
-25.45963889,28.26430556,15-04-2014,,,
-29.161667,23.696389,16-04-2014,,,
-28.7115,24.07288889,16-04-2014,,,
-27.01011111,26.69808333,16-04-2014,,,
-25.81048333,27.90955222,16-04-2014,,,
-26.905,32.324722,16-04-2014,7719.5,7493.5,43751.5
-27.602222,29.942778,16-04-2014,9753.5,8451.0,44764.0
-29.744167,29.905833,16-04-2014,9283.0,8319.5,42290.0
-26.648056,27.089444,16-04-2014,,,
-26.970278,27.211111,16-04-2014,,,
-26.880278,26.965,16-04-2014,,,
-29.033333,23.983333,16-04-2014,,,
-29.1825,23.575556,16-04-2014,9143.5,8474.0,44492.0
-28.768056,20.720556,16-04-2014,,,
-27.363611,31.783333,17-04-2014,9868.5,7444.0,42765.5
-29.042222,24.6,17-04-2014,8830.0,7976.0,44257.5
-29.028629,24.638389,17-04-2014,9521.0,8089.0,45647.0
-29.987778,29.851667,21-04-2014,8429.5,7934.5,41665.5
-29.744167,29.905833,21-04-2014,9283.0,8319.5,42290.0
-30.733889,29.828333,22-04-2014,9233.0,8263.5,42465.0
-29.380556,30.2775,22-04-2014,8917.0,8095.5,42459.5
-27.935,26.126667,22-04-2014,,,
-28.141944,26.417778,22-04-2014,,,
-28.1175,26.719444,22-04-2014,,,
-28.116667,26.725278,22-04-2014,,,
-29.160278,26.573333,22-04-2014,,,
-33.501667,21.624167,22-04-2014,,,
-27.01011111,26.69808333,23-04-2014,,,
-25.127778,27.628889,23-04-2014,,,
-25.20639,27.558,23-04-2014,,,
-24.39619444,27.08983333,23-04-2014,,,
-24.69514,27.40906,23-04-2014,,,
-26.970278,27.211111,23-04-2014,,,
-26.880278,26.965,23-04-2014,,,
-26.98472222,26.63227778,23-04-2014,,,
-28.1175,26.719444,23-04-2014,,,
-28.116667,26.725278,23-04-2014,,,
-27.671111,27.236944,23-04-2014,11344.5,9594.5,43323.0
-28.69485,28.23487,23-04-2014,,,
-29.615556,27.065278,23-04-2014,,,
-28.883333,27.89,23-04-2014,,,
-28.760833,17.730278,24-04-2014,,,
-30.13573889,30.67422222,24-04-2014,8718.0,8383.5,
-27.38972222,26.46388889,24-04-2014,,,
-28.141944,26.417778,24-04-2014,,,
-28.1175,26.719444,24-04-2014,,,
-28.116667,26.725278,24-04-2014,,,
-27.398611,26.614722,24-04-2014,,,
-28.376944,24.303056,24-04-2014,10309.0,8789.5,45733.5
-30.160091,27.40124,24-04-2014,,,
-30.336111,27.359444,24-04-2014,,,
-27.356667,27.286389,24-04-2014,9537.0,8259.0,44380.5
-30.830556,26.921389,25-04-2014,,,
-27.902778,24.615556,25-04-2014,,,
-31.000833,26.353056,25-04-2014,,,
-30.679722,26.7125,25-04-2014,,,
-30.534167,24.961944,25-04-2014,,,
-29.140556,31.391944,29-04-2014,,,
-25.99136,27.84208,29-04-2014,,,
-28.747778,31.745833,29-04-2014,,,
-28.801278,31.955389,29-04-2014,9018.5,8279.5,43524.5
-26.73806,27.59194,29-04-2014,,,
-26.45,28.085833,29-04-2014,,,
-27.935,26.126667,29-04-2014,,,
-28.1175,26.719444,29-04-2014,,,
-27.671111,27.236944,29-04-2014,,,
-28.404444,30.013056,30-04-2014,9508.0,8391.0,43049.5
-27.169444,29.233889,30-04-2014,10023.0,8768.0,43315.0
-26.861111,28.884722,30-04-2014,,,
-26.98472222,26.63227778,30-04-2014,,,
-25.45963889,28.26430556,30-04-2014,,,
-28.058889,30.373611,30-04-2014,9013.0,8292.5,44061.0
-27.495556,26.074722,30-04-2014,,,
-29.033333,23.983333,05-10-2011,,,
-29.033333,23.983333,25-10-2011,,,
-29.033333,23.983333,02-11-2011,,,
-29.033333,23.983333,16-11-2011,,,
-29.033333,23.983333,14-12-2011,,,
-29.033333,23.983333,11-01-2012,,,
-29.033333,23.983333,25-01-2012,,,
-29.033333,23.983333,22-02-2012,,,
-25.81048333,27.90955222,01-05-2014,,,
-27.937778,31.209444,01-05-2014,,,
-27.5275,30.858056,01-05-2014,,,
-29.033333,23.983333,06-06-2012,,,
-29.033333,23.983333,13-06-2012,,,
-29.033333,23.983333,26-06-2012,,,
-29.033333,23.983333,27-06-2012,,,
-29.033333,23.983333,11-07-2012,,,
-29.033333,23.983333,18-07-2012,,,
-29.033333,23.983333,25-07-2012,,,
-27.02314,28.59389,01-05-2014,,,
-29.033333,23.983333,22-08-2012,,,
-29.033333,23.983333,05-09-2012,,,
-29.033333,23.983333,19-09-2012,,,
-29.033333,23.983333,17-10-2012,,,
-29.033333,23.983333,31-10-2012,,,
-29.033333,23.983333,14-11-2012,,,
-29.033333,23.983333,28-11-2012,,,
-29.033333,23.983333,27-02-2013,,,
-26.970278,27.211111,01-05-2014,,,
-26.880278,26.965,01-05-2014,,,
-29.744167,29.905833,02-05-2014,,,
-34.031944,22.053333,03-05-2014,7722.0,7378.0,41544.0
-34.039722,22.133333,03-05-2014,8945.0,7833.0,41824.5
-26.970278,27.211111,05-05-2014,,,
-26.45,28.085833,05-05-2014,10468.5,8766.0,44044.5
-27.935,26.126667,05-05-2014,,,
-29.033333,23.983333,24-07-2013,10524.0,8535.0,40731.0
-28.141944,26.417778,05-05-2014,,,
-28.116667,26.725278,05-05-2014,,,
-27.671111,27.236944,05-05-2014,,,
-32.502778,19.535833,05-05-2014,12375.0,9470.5,41611.0
-27.01011111,26.69808333,06-05-2014,,,
-29.641944,30.6875,06-05-2014,,,
-25.127778,27.628889,06-05-2014,10794.5,8934.0,44081.5
-25.20639,27.558,06-05-2014,9951.0,8620.5,43279.5
-24.69514,27.40906,06-05-2014,9607.0,8502.5,43941.0
-26.006389,29.253889,06-05-2014,8942.0,8128.5,42774.5
-28.1175,26.719444,06-05-2014,,,
-27.398611,26.614722,06-05-2014,,,
-28.338333,31.373611,06-05-2014,,,
-28.068333,31.55,06-05-2014,,,
-27.495556,26.074722,06-05-2014,,,
-27.4,26.624722,06-05-2014,,,
-28.44555556,32.325,03-07-2014,9557.0,8477.5,42112.5
-26.648056,27.089444,07-05-2014,10620.5,8789.5,43424.5
-29.651389,22.746389,07-05-2014,,,
-24.39619444,27.08983333,08-05-2014,8946.5,8197.5,42931.0
-29.161667,30.629722,08-05-2014,,,
-29.033333,23.983333,06-08-2014,,,
-29.033333,23.983333,20-08-2014,,,
-29.033333,23.983333,03-09-2014,10712.0,8818.5,43549.0
-28.376944,24.303056,08-05-2014,,,
-34.031944,22.053333,08-05-2014,7722.0,7378.0,41544.0
-34.039722,22.133333,08-05-2014,8945.0,7833.0,41824.5
-34.005833,22.351111,08-05-2014,8527.5,7989.5,41673.0
-23.838611,31.640833,09-05-2014,8996.0,8178.0,44205.0
-27.902778,24.615556,09-05-2014,,,
-25.99136,27.84208,12-05-2014,9751.5,8348.5,43267.5
-28.735556,29.820556,12-05-2014,8780.5,8023.0,42389.0
-31.396,29.2651,12-05-2014,13792.5,9964.0,43000.0
-31.554722,29.245556,12-05-2014,8755.0,8184.0,43992.5
-29.033333,23.983333,23-09-2015,,,
-33.818056,19.694722,12-05-2014,8601.0,7880.5,41319.5
-33.13083,18.86278,12-05-2014,10928.5,9165.5,41626.0
-27.01011111,26.69808333,13-05-2014,8898.0,8153.0,42333.5
-25.681111,31.783333,13-05-2014,9893.0,8564.0,43835.0
-25.67386,31.57527,13-05-2014,8866.0,8151.5,43709.0
-26.648056,27.089444,13-05-2014,10620.5,8789.5,43424.5
-26.970278,27.211111,13-05-2014,8298.5,7761.5,41374.0
-27.273889,28.49,13-05-2014,,,
-26.98472222,26.63227778,13-05-2014,10632.0,8917.0,43757.0
-29.160278,26.573333,13-05-2014,10945.5,8860.0,41696.0
-30.568333,29.422778,13-05-2014,,,
-31.104278,29.399722,13-05-2014,8499.5,7998.5,42422.0
-34.092222,21.295278,13-05-2014,8908.5,7966.5,41803.5
-34.075556,20.145556,13-05-2014,,,
-25.45963889,28.26430556,13-05-2014,,,
-25.81048333,27.90955222,14-05-2014,9345.0,8549.0,42716.0
-24.183889,30.823889,14-05-2014,,,
-24.058889,31.237222,14-05-2014,9120.0,8255.0,44947.5
-25.67386,31.57527,14-05-2014,8866.0,8151.5,43709.0
-26.905,32.324722,14-05-2014,8033.5,7765.5,43509.5
-29.744167,29.905833,14-05-2014,,,
-27.169444,29.233889,14-05-2014,10023.0,8768.0,43315.0
-26.861111,28.884722,14-05-2014,,,
-26.73806,27.59194,14-05-2014,9305.5,8355.0,41614.5
-26.45,28.085833,14-05-2014,,,
-27.3,28.586944,14-05-2014,,,
-26.98472222,26.63227778,14-05-2014,10632.0,8917.0,43757.0
-27.573056,24.746389,14-05-2014,,,
-30.570833,29.150556,14-05-2014,9918.5,8421.5,42394.5
-33.7075,18.97444444,14-05-2014,8731.0,7991.5,41479.5
-32.94583,18.33667,14-05-2014,8721.5,8040.0,41558.0
-27.363611,31.783333,15-05-2014,8461.5,7868.5,43438.5
-31.031389,28.883333,15-05-2014,12131.5,9416.5,42711.5
-30.86013889,29.07125,15-05-2014,10367.5,8991.0,42843.0
-30.77586667,29.03221667,15-05-2014,9777.0,8468.0,43036.0
-33.38056,19.30167,15-05-2014,9436.0,8474.5,41157.5
-33.08883333,19.21878333,15-05-2014,9407.0,8262.5,40564.0
-24.679167,30.8025,16-05-2014,,,
-27.602222,29.942778,16-05-2014,9874.5,8389.5,44527.0
-28.116667,26.725278,16-05-2014,9706.5,8217.0,40489.0
-29.7775,29.470833,19-05-2014,11043.0,8562.0,41342.5
-29.987778,29.851667,19-05-2014,12396.0,10402.5,40885.0
-29.744167,29.905833,19-05-2014,10296.5,8758.0,42230.5
-26.73806,27.59194,19-05-2014,,,
-26.45,28.085833,19-05-2014,,,
-27.935,26.126667,19-05-2014,11659.5,8955.5,41081.0
-27.671111,27.236944,19-05-2014,,,
-29.160278,26.573333,19-05-2014,10945.5,8860.0,41696.0
-33.31388889,19.07472222,19-05-2014,8782.5,7948.0,40834.5
-27.01011111,26.69808333,20-05-2014,,,
-34.065833,20.404167,20-05-2014,,,
-25.127778,27.628889,20-05-2014,,,
-24.39619444,27.08983333,20-05-2014,,,
-24.69514,27.40906,20-05-2014,,,
-26.03611,30.99778,20-05-2014,,,
-30.733889,29.828333,20-05-2014,,,
-29.380556,30.2775,20-05-2014,9250.5,8205.0,41967.0
-27.169444,29.233889,20-05-2014,11117.5,9128.5,42363.5
-26.861111,28.884722,20-05-2014,,,
-27.00222,28.76528,20-05-2014,,,
-27.273889,28.49,20-05-2014,,,
-27.3,28.586944,20-05-2014,,,
-26.98472222,26.63227778,20-05-2014,,,
-28.141944,26.417778,20-05-2014,,,
-28.1175,26.719444,20-05-2014,,,
-29.042222,24.6,20-05-2014,8699.5,7971.5,40915.0
-29.033333,23.983333,20-05-2014,9894.5,8231.5,41018.0
-28.69485,28.23487,20-05-2014,,,
-28.883333,27.89,20-05-2014,,,
-27.495556,26.074722,20-05-2014,,,
-25.20639,27.558,21-05-2014,,,
-23.658056,31.05,21-05-2014,,,
-23.281,30.54305556,21-05-2014,,,
-30.398056,30.601944,21-05-2014,,,
-26.648056,27.089444,21-05-2014,,,
-26.970278,27.211111,21-05-2014,,,
-26.880278,26.965,21-05-2014,,,
-27.671111,27.236944,21-05-2014,,,
-29.028629,24.638389,21-05-2014,9352.5,7934.0,41361.0
-30.160091,27.40124,21-05-2014,10699.0,8932.5,41147.0
-30.336111,27.359444,21-05-2014,10451.0,8991.5,40471.0
-34.405833,19.600556,21-05-2014,,,
-27.356667,27.286389,21-05-2014,,,
-30.830556,26.921389,22-05-2014,9160.5,8127.5,40899.0
-22.769722,30.886944,22-05-2014,,,
-30.13573889,30.67422222,22-05-2014,,,
-27.398611,26.614722,22-05-2014,,,
-28.376944,24.303056,22-05-2014,10075.5,8494.5,41399.5
-29.658056,25.973333,22-05-2014,9098.0,8124.0,40829.0
-31.000833,26.353056,22-05-2014,9453.0,8311.0,40943.0
-30.679722,26.7125,22-05-2014,11549.5,9033.0,41320.0
-34.329722,18.990278,22-05-2014,9116.5,8281.5,39810.0
-33.897778,20.012778,22-05-2014,,,
-29.615556,27.065278,23-05-2014,10692.0,8620.5,41116.0
-29.803611,30.516111,23-05-2014,9228.5,8378.0,40685.5
-25.99136,27.84208,26-05-2014,10014.5,8469.0,42499.0
-23.838611,31.640833,26-05-2014,8846.0,8074.5,43400.0
-27.01011111,26.69808333,27-05-2014,,,
-29.140556,31.391944,27-05-2014,8877.5,8116.0,43285.0
-28.801278,31.955389,27-05-2014,8745.0,8196.0,42338.5
-26.970278,27.211111,27-05-2014,,,
-26.98472222,26.63227778,27-05-2014,,,
-33.501667,21.624167,27-05-2014,8922.5,8117.0,40106.0
-25.45963889,28.26430556,27-05-2014,9739.0,8335.5,43359.5
-25.81048333,27.90955222,28-05-2014,9450.5,8619.5,42542.0
-22.935,28.004167,28-05-2014,9488.5,8269.5,42937.5
-24.282222,28.090278,28-05-2014,9162.5,8242.0,43323.5
-23.763056,27.908611,28-05-2014,8445.0,7813.5,42608.0
-28.747778,31.745833,28-05-2014,9838.0,8578.5,44264.5
-27.937778,31.209444,28-05-2014,8714.5,7966.5,
-28.404444,30.013056,28-05-2014,9975.5,8697.5,42374.5
-29.744167,29.905833,28-05-2014,10296.5,8758.0,42230.5
-27.00222,28.76528,28-05-2014,10205.0,8756.0,
-31.436944,20.474722,28-05-2014,10994.0,9055.0,41185.5
-29.1825,23.575556,28-05-2014,10148.5,8739.0,41770.5
-28.768056,20.720556,28-05-2014,,,
-28.058889,30.373611,28-05-2014,9390.0,8338.5,42464.0
-22.225556,29.990556,29-05-2014,,,
-22.91028,29.61111,29-05-2014,,,
-27.5275,30.858056,29-05-2014,10216.5,8593.0,42962.5
-27.398611,26.614722,29-05-2014,9149.0,8186.0,42554.0
-27.573056,24.746389,29-05-2014,,,
-25.57877778,29.12747222,29-05-2014,,,
-27.398611,26.614722,30-05-2014,9149.0,8186.0,42554.0
-29.160278,26.573333,02-06-2014,10339.5,8836.0,42343.5
-24.670833,28.560833,03-06-2014,,,
-25.127778,27.628889,03-06-2014,10829.0,9003.0,43499.0
-25.20639,27.558,03-06-2014,10172.0,8421.0,42715.5
-24.69514,27.40906,03-06-2014,9997.0,8846.5,43376.0
-27.935,26.126667,03-06-2014,10936.0,8836.5,42474.0
-28.141944,26.417778,03-06-2014,10564.0,8776.5,42651.0
-28.338333,31.373611,03-06-2014,,,
-28.068333,31.55,03-06-2014,,,
-29.641944,30.6875,04-06-2014,,,
-24.39619444,27.08983333,04-06-2014,9142.5,8127.0,42788.5
-28.44555556,32.325,30-07-2014,9832.5,8591.0,41925.0
-28.75,30.442778,04-06-2014,,,
-29.161667,30.629722,04-06-2014,,,
-34.005833,22.351111,04-06-2014,8585.5,7868.5,40172.5
-26.98472222,26.63227778,05-06-2014,,,
-27.902778,24.615556,05-06-2014,11487.0,9067.5,40695.5
-33.970833,22.548333,05-06-2014,7899.0,7685.0,39962.5
-28.308889,31.9025,05-06-2014,9788.5,8558.0,44025.5
-25.99136,27.84208,09-06-2014,10363.5,8593.5,41610.0
-26.73806,27.59194,09-06-2014,9407.5,8462.5,40202.5
-26.45,28.085833,09-06-2014,11004.0,9028.5,42417.0
-27.671111,27.236944,09-06-2014,10800.5,9087.5,41255.0
-31.396,29.2651,09-06-2014,9720.0,8940.0,41620.5
-31.554722,29.245556,09-06-2014,9201.5,8200.5,42689.0
-33.818056,19.694722,09-06-2014,8422.5,7853.0,39074.5
-23.658056,31.05,10-06-2014,,,
-23.281,30.54305556,10-06-2014,,,
-25.681111,31.783333,10-06-2014,10021.5,8431.5,42559.0
-25.362222,31.956667,10-06-2014,10949.0,8937.5,
-28.735556,29.820556,10-06-2014,9433.5,8284.0,42044.0
-29.615556,27.065278,10-06-2014,11218.0,8976.5,40929.5
-30.570833,29.150556,10-06-2014,10527.0,8825.0,41526.5
-34.092222,21.295278,10-06-2014,8908.5,7966.5,41803.5
-34.075556,20.145556,10-06-2014,,,
-31.5653,18.3306,10-06-2014,,,
-32.94583,18.33667,10-06-2014,,,
-25.45963889,28.26430556,10-06-2014,10236.0,8653.0,42288.0
-25.81048333,27.90955222,11-06-2014,9646.5,8709.0,40912.0
-24.768889,31.39,11-06-2014,12671.5,9754.5,43252.0
-26.905,32.324722,11-06-2014,8138.0,7771.5,42858.5
-27.602222,29.942778,11-06-2014,11063.0,8883.0,42467.0
-27.00222,28.76528,11-06-2014,10611.5,8839.0,
-27.02314,28.59389,11-06-2014,9369.0,8489.0,40808.0
-27.273889,28.49,11-06-2014,9174.0,8537.0,39903.0
-27.3,28.586944,11-06-2014,12332.5,9300.0,
-27.935,26.126667,11-06-2014,,,
-28.69485,28.23487,11-06-2014,9379.5,8321.0,39607.0
-28.883333,27.89,11-06-2014,9446.0,8331.0,40657.0
-28.768056,20.720556,11-06-2014,9397.5,8436.0,41028.5
-30.568333,29.422778,11-06-2014,10050.5,8737.0,39324.5
-30.86013889,29.07125,11-06-2014,10247.0,8986.0,41533.5
-30.77586667,29.03221667,11-06-2014,10790.0,8917.0,41501.0
-33.13083,18.86278,11-06-2014,9720.0,8334.0,39755.5
-33.7075,18.97444444,11-06-2014,8685.0,8212.5,40067.5
-25.57877778,29.12747222,11-06-2014,10686.5,8790.0,41457.0
-22.769722,30.886944,12-06-2014,,,
-26.006389,29.253889,12-06-2014,9187.0,8330.0,41444.5
-25.513889,31.224444,12-06-2014,8347.0,7757.5,41006.5
-27.363611,31.783333,12-06-2014,,,
-28.141944,26.417778,12-06-2014,,,
-28.1175,26.719444,12-06-2014,,,
-31.436944,20.474722,12-06-2014,,,
-30.568333,29.422778,12-06-2014,10050.5,8737.0,39324.5
-24.99328,30.81444,13-06-2014,10114.5,8463.5,42516.5
-29.744167,29.905833,13-06-2014,10507.5,8892.0,40086.5
-27.573056,24.746389,13-06-2014,,,
-31.436944,20.474722,13-06-2014,,,
-29.987778,29.851667,16-06-2014,9223.0,8206.0,40559.5
-29.744167,29.905833,16-06-2014,10455.5,8808.5,40991.0
-25.127778,27.628889,17-06-2014,11238.5,9084.5,42676.5
-24.39619444,27.08983333,17-06-2014,9083.0,8125.0,41975.5
-24.69514,27.40906,17-06-2014,10361.0,8961.0,42588.0
-30.733889,29.828333,17-06-2014,9500.5,8360.5,40023.5
-29.380556,30.2775,17-06-2014,,,
-28.1175,26.719444,17-06-2014,10775.0,8600.0,40746.5
-28.116667,26.725278,17-06-2014,10578.0,8530.0,40917.0
-33.38056,19.30167,17-06-2014,9369.5,8413.0,39428.5
-27.01011111,26.69808333,18-06-2014,9150.5,8320.5,40523.0
-24.183889,30.823889,18-06-2014,9097.5,8263.0,42754.0
-25.20639,27.558,18-06-2014,10479.0,8763.0,42004.0
-24.058889,31.237222,18-06-2014,9369.5,8232.0,42932.0
-24.034167,31.123611,18-06-2014,8889.0,7909.0,43014.5
-30.398056,30.601944,18-06-2014,8642.0,7921.0,
-26.98472222,26.63227778,18-06-2014,11623.0,9140.0,41882.5
-27.935,26.126667,18-06-2014,11208.0,8947.0,40694.0
-33.31388889,19.07472222,18-06-2014,8318.5,7780.0,39695.5
-30.13573889,30.67422222,19-06-2014,8882.5,7934.0,
-26.970278,27.211111,19-06-2014,8094.5,7650.5,39758.5
-27.398611,26.614722,19-06-2014,9623.5,8293.5,40832.0
-27.671111,27.236944,19-06-2014,,,
-28.376944,24.303056,19-06-2014,10896.5,8866.0,41088.0
-27.4,26.624722,19-06-2014,9018.5,8118.5,41181.0
-24.679167,30.8025,20-06-2014,10617.5,8653.5,42814.0
-26.880278,26.965,20-06-2014,11370.0,9114.5,41784.5
-29.803611,30.516111,20-06-2014,9228.5,8378.0,40685.5
-23.838611,31.640833,21-06-2014,,,
-25.99136,27.84208,23-06-2014,,,
-26.73806,27.59194,23-06-2014,,,
-26.45,28.085833,23-06-2014,11264.0,9079.5,42416.5
-29.160278,26.573333,23-06-2014,,,
-29.042222,24.6,23-06-2014,8729.5,7860.0,40180.0
-29.033333,23.983333,23-06-2014,10466.0,8478.0,40874.5
-27.01011111,26.69808333,24-06-2014,,,
-29.140556,31.391944,24-06-2014,9248.5,8437.5,41693.0
-34.065833,20.404167,24-06-2014,8058.0,7633.0,39529.0
-31.860278,18.6875,24-06-2014,9668.0,8397.5,41029.5
-24.282222,28.090278,24-06-2014,,,
-26.03611,30.99778,24-06-2014,,,
-25.362222,31.956667,24-06-2014,11034.0,8942.5,
-25.14944444,31.94055556,24-06-2014,11913.5,9237.5,
-27.169444,29.233889,24-06-2014,,,
-26.648056,27.089444,24-06-2014,,,
-26.970278,27.211111,24-06-2014,,,
-26.880278,26.965,24-06-2014,,,
-26.98472222,26.63227778,24-06-2014,,,
-28.141944,26.417778,24-06-2014,,,
-28.1175,26.719444,24-06-2014,,,
-28.116667,26.725278,24-06-2014,,,
-29.028629,24.638389,24-06-2014,10022.0,8415.0,40906.0
-28.69485,28.23487,24-06-2014,9479.5,8356.5,39373.5
-29.615556,27.065278,24-06-2014,,,
-33.501667,21.624167,24-06-2014,8922.5,8117.0,40106.0
-25.45963889,28.26430556,24-06-2014,10772.5,8756.0,42565.5
-25.81048333,27.90955222,25-06-2014,10166.0,8766.0,40954.0
-23.763056,27.908611,25-06-2014,,,
-23.23572222,27.717,25-06-2014,,,
-28.404444,30.013056,25-06-2014,,,
-29.744167,29.905833,25-06-2014,10475.5,8886.5,40995.0
-27.3,28.586944,25-06-2014,12974.0,9563.0,
-27.802778,28.768333,25-06-2014,10046.0,8494.5,
-27.671111,27.236944,25-06-2014,11315.0,9306.0,40805.0
-30.160091,27.40124,25-06-2014,,,
-30.336111,27.359444,25-06-2014,,,
-34.405833,19.600556,25-06-2014,9124.5,7932.5,39587.0
-28.058889,30.373611,25-06-2014,,,
-29.161667,23.696389,26-06-2014,9427.5,8663.0,40102.0
-30.830556,26.921389,26-06-2014,,,
-22.91028,29.61111,26-06-2014,9843.0,8353.5,
-26.006389,29.253889,26-06-2014,,,
-25.49037,30.6986,26-06-2014,,,
-27.5275,30.858056,26-06-2014,,,
-27.4275,28.525833,26-06-2014,13557.5,10145.5,
-27.38972222,26.46388889,26-06-2014,,,
-27.398611,26.614722,26-06-2014,,,
-27.573056,24.746389,26-06-2014,10950.0,8750.0,41320.0
-31.000833,26.353056,26-06-2014,,,
-30.679722,26.7125,26-06-2014,,,
-33.897778,20.012778,26-06-2014,8369.0,7800.0,39835.0
-28.7115,24.07288889,27-06-2014,8558.0,7284.0,41582.5
-23.23572222,27.717,27-06-2014,,,
-24.058889,31.237222,27-06-2014,9651.5,8427.5,43261.0
-27.902778,24.615556,27-06-2014,12407.5,9477.5,41411.0
-29.658056,25.973333,27-06-2014,,,
-30.534167,24.961944,27-06-2014,,,
-26.45,28.085833,30-06-2014,,,
-27.671111,27.236944,30-06-2014,10874.0,9348.0,41455.5
-25.57877778,29.12747222,30-06-2014,,,
-25.127778,27.628889,01-07-2014,11465.5,9176.5,42349.5
-25.20639,27.558,01-07-2014,10963.5,8671.5,41771.5
-24.69514,27.40906,01-07-2014,10994.0,8927.5,42319.5
-26.861111,28.884722,01-07-2014,,,
-26.98472222,26.63227778,01-07-2014,11985.5,9346.5,41788.5
-28.1175,26.719444,01-07-2014,11130.5,8692.5,41434.0
-27.671111,27.236944,01-07-2014,10874.0,9348.0,41455.5
-34.031944,22.053333,01-07-2014,7558.0,7373.0,39820.0
-34.039722,22.133333,01-07-2014,9002.5,7785.5,40414.5
-28.068333,31.55,01-07-2014,,,
-27.495556,26.074722,01-07-2014,11781.0,8964.5,41879.5
-29.161667,23.696389,02-07-2014,9081.0,8393.0,40572.5
-27.01011111,26.69808333,02-07-2014,9298.5,8387.5,40962.5
-29.641944,30.6875,02-07-2014,,,
-24.39619444,27.08983333,02-07-2014,9501.5,8148.0,42486.0
-27.00222,28.76528,02-07-2014,,,
-27.02314,28.59389,02-07-2014,,,
-26.648056,27.089444,02-07-2014,11408.5,9096.0,41652.5
-26.880278,26.965,02-07-2014,11519.5,9112.0,42469.5
-27.273889,28.49,02-07-2014,,,
-27.4275,28.525833,02-07-2014,,,
-27.3,28.586944,02-07-2014,,,
-28.44555556,32.325,27-08-2014,9934.5,8721.0,43429.0
-27.671111,27.236944,03-07-2014,,,
-34.005833,22.351111,03-07-2014,8585.5,7868.5,40172.5
-28.308889,31.9025,03-07-2014,,,
-25.99136,27.84208,07-07-2014,,,
-28.735556,29.820556,07-07-2014,9474.5,8348.0,40787.0
-26.73806,27.59194,07-07-2014,,,
-26.45,28.085833,07-07-2014,,,
-26.98472222,26.63227778,07-07-2014,,,
-28.1175,26.719444,07-07-2014,,,
-28.116667,26.725278,07-07-2014,,,
-27.169444,29.233889,08-07-2014,12032.0,9417.0,40895.5
-26.861111,28.884722,08-07-2014,12996.5,9837.0,41758.0
-31.436944,20.474722,08-07-2014,11301.0,9055.5,39419.0
-31.394444,20.947222,08-07-2014,11024.0,9059.5,39351.0
-34.092222,21.295278,08-07-2014,9979.0,8567.5,42505.0
-25.45963889,28.26430556,08-07-2014,10910.0,8869.0,41760.0
-29.161667,23.696389,09-07-2014,10069.5,9218.0,36305.0
-25.81048333,27.90955222,09-07-2014,,,
-25.362222,31.956667,09-07-2014,,,
-26.905,32.324722,09-07-2014,,,
-27.602222,29.942778,09-07-2014,,,
-26.98472222,26.63227778,09-07-2014,,,
-27.935,26.126667,09-07-2014,,,
-28.141944,26.417778,09-07-2014,,,
-29.033333,23.983333,09-07-2014,10453.5,8431.5,38709.0
-30.568333,29.422778,09-07-2014,8999.0,8380.5,40648.0
-30.570833,29.150556,09-07-2014,11314.5,9109.0,41019.0
-31.104278,29.399722,09-07-2014,9300.0,8184.0,40841.0
-27.4,26.624722,09-07-2014,,,
-27.01011111,26.69808333,10-07-2014,,,
-25.436111,31.982222,10-07-2014,10447.5,8912.5,
-27.363611,31.783333,10-07-2014,8783.5,8047.5,41590.5
-26.648056,27.089444,10-07-2014,,,
-26.970278,27.211111,10-07-2014,,,
-26.880278,26.965,10-07-2014,,,
-31.031389,28.883333,10-07-2014,10005.0,8992.0,41971.5
-30.86013889,29.07125,10-07-2014,10548.5,9000.5,42007.0
-30.77586667,29.03221667,10-07-2014,11122.0,8726.0,42094.5
-31.396,29.2651,11-07-2014,9631.0,8365.5,41581.0
-29.7775,29.470833,14-07-2014,11297.5,9074.5,40480.5
-29.744167,29.905833,14-07-2014,11188.5,9367.5,40369.5
-26.45,28.085833,14-07-2014,11446.0,9119.0,41727.5
-27.671111,27.236944,14-07-2014,11233.5,9409.5,40246.0
-29.160278,26.573333,14-07-2014,,,
-33.818056,19.694722,14-07-2014,8499.0,7873.5,39826.0
-32.502778,19.535833,14-07-2014,12085.5,9335.0,40635.0
-25.57877778,29.12747222,14-07-2014,11350.0,9035.5,40915.5
-25.127778,27.628889,15-07-2014,11720.5,9297.5,42647.0
-24.39619444,27.08983333,15-07-2014,9727.0,8276.5,42248.5
-24.69514,27.40906,15-07-2014,10507.5,8784.0,42482.0
-26.006389,29.253889,15-07-2014,,,
-30.733889,29.828333,15-07-2014,10321.5,8664.5,40953.0
-29.987778,29.851667,15-07-2014,9552.0,8467.5,39654.0
-29.380556,30.2775,15-07-2014,9022.5,8263.0,41243.0
-26.861111,28.884722,15-07-2014,,,
-26.98472222,26.63227778,15-07-2014,12569.0,9602.0,42932.0
-28.768056,20.720556,15-07-2014,,,
-34.075556,20.145556,15-07-2014,9837.5,8489.0,39667.0
-31.5653,18.3306,15-07-2014,9424.5,8230.0,41003.5
-32.94583,18.33667,15-07-2014,8476.5,7846.5,40580.0
-27.495556,26.074722,15-07-2014,11941.5,9077.5,42218.0
-29.161667,23.696389,16-07-2014,9925.0,9297.5,39605.5
-27.01011111,26.69808333,16-07-2014,9382.5,8396.5,41121.5
-25.20639,27.558,16-07-2014,11359.5,9063.0,41966.5
-26.03611,30.99778,16-07-2014,9774.0,8653.5,41677.0
-30.398056,30.601944,16-07-2014,9420.5,8203.5,
-26.648056,27.089444,16-07-2014,11556.5,9213.5,42472.0
-26.970278,27.211111,16-07-2014,8178.5,7676.5,40172.5
-26.880278,26.965,16-07-2014,11687.5,9220.0,42811.0
-27.044444,27.005,16-07-2014,13280.5,9590.5,42612.0
-33.13083,18.86278,16-07-2014,9649.0,8379.0,40155.0
-28.1175,26.719444,17-07-2014,11316.5,8890.0,41210.0
-28.116667,26.725278,17-07-2014,11166.5,8849.0,41436.0
-28.376944,24.303056,17-07-2014,,,
-24.95861111,29.39527778,18-07-2014,,,
-29.744167,29.905833,18-07-2014,10933.5,9113.0,40851.0
-27.902778,24.615556,18-07-2014,,,
-29.803611,30.516111,18-07-2014,9832.0,8574.5,41046.0
-29.140556,31.391944,21-07-2014,9617.0,8475.0,41835.0
-25.99136,27.84208,21-07-2014,,,
-25.513889,31.224444,21-07-2014,8547.0,8051.5,40493.0
-29.160278,26.573333,21-07-2014,11614.0,9302.0,40696.0
-29.042222,24.6,21-07-2014,,,
-29.033333,23.983333,21-07-2014,,,
-25.398889,31.610556,22-07-2014,11018.5,9309.5,42782.5
-28.801278,31.955389,22-07-2014,9819.5,8590.5,41748.0
-27.935,26.126667,22-07-2014,11748.0,9153.0,41157.0
-28.1175,26.719444,22-07-2014,11293.0,8968.0,41273.0
-28.116667,26.725278,22-07-2014,11172.0,8850.5,41530.0
-29.028629,24.638389,22-07-2014,10245.0,8546.5,42575.0
-28.69485,28.23487,22-07-2014,9798.0,8506.0,39688.5
-29.615556,27.065278,22-07-2014,11506.0,9230.5,40338.0
-28.883333,27.89,22-07-2014,10247.0,8695.0,40416.5
-25.45963889,28.26430556,22-07-2014,,,
-25.81048333,27.90955222,23-07-2014,,,
-24.282222,28.090278,23-07-2014,,,
-28.747778,31.745833,23-07-2014,10194.0,8701.0,42263.5
-28.404444,30.013056,23-07-2014,9843.0,8812.5,42360.0
-30.160091,27.40124,23-07-2014,11280.5,9101.5,38799.0
-30.336111,27.359444,23-07-2014,9497.5,8758.0,37728.5
-33.501667,21.624167,23-07-2014,8922.5,8117.0,40106.0
-28.058889,30.373611,23-07-2014,9904.5,8496.5,41173.5
-22.935,28.004167,24-07-2014,,,
-30.830556,26.921389,24-07-2014,9353.0,8215.5,38871.0
-24.99328,30.81444,24-07-2014,,,
-27.937778,31.209444,24-07-2014,9244.0,8337.5,
-27.5275,30.858056,24-07-2014,10874.0,8896.5,41533.5
-31.000833,26.353056,24-07-2014,10342.0,8611.0,41243.0
-30.679722,26.7125,24-07-2014,9954.0,8764.5,41761.0
-30.534167,24.961944,24-07-2014,10870.5,8851.5,41361.5
-29.744167,29.905833,25-07-2014,11433.0,9254.0,41077.0
-29.658056,25.973333,25-07-2014,11088.0,9298.5,40153.0
-33.38056,19.30167,28-07-2014,10099.5,8791.0,40773.5
-30.534167,24.961944,16-08-2011,,,
-27.01011111,26.69808333,29-07-2014,,,
-30.534167,24.961944,08-09-2011,,,
-30.534167,24.961944,28-09-2011,,,
-30.534167,24.961944,07-10-2011,,,
-30.534167,24.961944,04-11-2011,,,
-30.534167,24.961944,02-12-2011,,,
-30.534167,24.961944,23-12-2011,,,
-30.534167,24.961944,03-02-2012,,,
-30.534167,24.961944,02-03-2012,,,
-30.534167,24.961944,30-03-2012,,,
-30.534167,24.961944,25-05-2012,,,
-34.065833,20.404167,29-07-2014,8230.0,7710.0,39100.0
-22.91028,29.61111,29-07-2014,10213.5,8454.5,
-30.534167,24.961944,20-07-2012,,,
-30.534167,24.961944,14-09-2012,,,
-30.534167,24.961944,12-10-2012,,,
-30.534167,24.961944,09-11-2012,,,
-30.534167,24.961944,06-12-2012,,,
-25.127778,27.628889,29-07-2014,,,
-30.534167,24.961944,08-02-2013,,,
-25.20639,27.558,29-07-2014,,,
-24.69514,27.40906,29-07-2014,,,
-28.75,30.442778,29-07-2014,10237.0,8672.0,41451.5
-26.880278,26.965,29-07-2014,,,
-30.534167,24.961944,22-05-2014,10010.5,8557.0,40539.5
-26.98472222,26.63227778,29-07-2014,,,
-28.141944,26.417778,29-07-2014,,,
-28.1175,26.719444,29-07-2014,,,
-29.651389,22.746389,29-07-2014,10962.5,8990.5,42295.5
-30.534167,24.961944,16-10-2014,11678.5,9289.5,42500.0
-30.534167,24.961944,06-11-2014,,,
-30.534167,24.961944,04-12-2014,,,
-30.534167,24.961944,08-01-2015,,,
-33.31388889,19.07472222,29-07-2014,8608.0,8090.0,41215.5
-28.338333,31.373611,29-07-2014,8214.5,6201.5,
-28.068333,31.55,29-07-2014,9884.0,8337.5,41696.0
-27.495556,26.074722,29-07-2014,,,
-29.161667,23.696389,30-07-2014,9924.0,9101.0,40708.5
-22.225556,29.990556,30-07-2014,8901.0,8096.5,42695.0
-30.534167,24.961944,22-10-2015,,,
-31.860278,18.6875,30-07-2014,9892.5,8372.0,42469.0
-24.39619444,27.08983333,30-07-2014,,,
-23.281,30.54305556,30-07-2014,9875.0,8305.5,44305.0
-28.44555556,32.325,22-10-2014,,,
-29.161667,30.629722,30-07-2014,9927.5,8552.5,41677.5
-31.436944,20.474722,24-04-2014,11365.0,9164.5,44959.0
-26.861111,28.884722,30-07-2014,13075.0,9779.0,41752.5
-26.73806,27.59194,30-07-2014,9302.0,8371.0,39973.5
-26.45,28.085833,30-07-2014,11544.5,9165.5,41908.0
-27.38972222,26.46388889,30-07-2014,,,
-27.398611,26.614722,30-07-2014,,,
-27.671111,27.236944,30-07-2014,10496.5,9328.5,40831.0
-28.768056,20.720556,30-07-2014,10121.5,8626.5,42292.0
-33.08883333,19.21878333,30-07-2014,9752.0,8471.0,41541.0
-29.641944,30.6875,31-07-2014,9115.0,8297.0,
-22.769722,30.886944,31-07-2014,10033.0,8329.0,45113.0
-27.169444,29.233889,31-07-2014,12259.0,9595.5,42626.5
-27.00222,28.76528,31-07-2014,11048.5,9181.5,
-28.376944,24.303056,31-07-2014,,,
-34.405833,19.600556,31-07-2014,9032.0,8149.0,40587.0
-34.329722,18.990278,31-07-2014,8643.0,8113.0,40511.5
-27.356667,27.286389,31-07-2014,11101.0,8917.0,42868.0
-28.308889,31.9025,31-07-2014,10190.0,8627.5,43650.5
-33.897778,20.012778,31-07-2014,,,
-29.744167,29.905833,01-08-2014,11433.0,9254.0,41077.0
-26.648056,27.089444,01-08-2014,11865.0,9351.0,43057.5
-27.671111,27.236944,01-08-2014,11033.0,9418.5,42721.5
-27.902778,24.615556,01-08-2014,,,
-25.99136,27.84208,04-08-2014,10884.5,9104.0,42985.5
-28.735556,29.820556,04-08-2014,9993.0,8737.5,42496.5
-26.45,28.085833,04-08-2014,11544.5,9165.5,41908.0
-29.160278,26.573333,04-08-2014,11300.5,9152.5,42462.5
-24.058889,31.237222,05-08-2014,10270.0,8610.0,44365.5
-26.861111,28.884722,05-08-2014,13369.0,10021.0,44144.0
-34.031944,22.053333,05-08-2014,8212.0,7684.0,42369.0
-34.039722,22.133333,05-08-2014,8972.5,8024.0,42779.0
-25.45963889,28.26430556,05-08-2014,11345.0,8795.5,43653.5
-29.161667,23.696389,06-08-2014,,,
-25.81048333,27.90955222,06-08-2014,10352.0,8814.0,42727.0
-25.73411,27.21422,06-08-2014,10480.0,8809.0,42829.5
-27.363611,31.783333,06-08-2014,8817.0,8090.0,43002.5
-26.905,32.324722,06-08-2014,8312.0,7916.0,41510.0
-27.602222,29.942778,06-08-2014,11669.5,9150.5,43919.5
-27.4275,28.525833,06-08-2014,12173.0,9650.5,
-27.3,28.586944,06-08-2014,12968.5,9653.5,
-27.935,26.126667,06-08-2014,12146.5,9139.0,42528.0
-34.005833,22.351111,06-08-2014,,,
-27.00222,28.76528,07-08-2014,12191.0,9640.0,
-27.02314,28.59389,07-08-2014,10033.0,8920.0,41409.0
-31.394444,20.947222,07-08-2014,11101.0,9140.5,40635.0
-23.658056,31.05,08-08-2014,10330.0,8362.0,44669.5
-28.96362,19.15486,09-08-2014,9145.0,8264.0,42226.5
-24.679167,30.8025,11-08-2014,,,
-29.7775,29.470833,11-08-2014,11556.0,9310.5,43091.5
-29.987778,29.851667,11-08-2014,9932.0,8775.5,42961.5
-29.744167,29.905833,11-08-2014,,,
-29.380556,30.2775,11-08-2014,9567.5,8820.0,45835.5
-26.970278,27.211111,11-08-2014,8425.5,7754.5,40826.0
-26.45,28.085833,11-08-2014,29575.5,28089.0,34719.0
-26.98472222,26.63227778,11-08-2014,12784.5,9672.5,43117.5
-27.671111,27.236944,11-08-2014,10613.0,9189.5,42185.5
-31.396,29.2651,11-08-2014,,,
-31.554722,29.245556,11-08-2014,,,
-24.183889,30.823889,12-08-2014,,,
-25.127778,27.628889,12-08-2014,,,
-24.39619444,27.08983333,12-08-2014,,,
-24.69514,27.40906,12-08-2014,,,
-25.73411,27.21422,12-08-2014,10480.0,8809.0,42829.5
-26.03611,30.99778,12-08-2014,,,
-30.733889,29.828333,12-08-2014,10518.0,8743.0,42659.5
-26.861111,28.884722,12-08-2014,12993.0,9879.0,42215.5
-27.00222,28.76528,12-08-2014,12191.0,9640.0,
-26.98472222,26.63227778,12-08-2014,12784.5,9672.5,43117.5
-27.398611,26.614722,12-08-2014,10669.0,8607.0,42410.5
-30.570833,29.150556,12-08-2014,11598.5,9003.0,42198.5
-31.104278,29.399722,12-08-2014,,,
-27.495556,26.074722,12-08-2014,12431.0,9220.0,43234.0
-27.4,26.624722,12-08-2014,10244.5,8709.0,42614.0
-29.161667,23.696389,13-08-2014,9722.5,8962.0,40345.0
-27.01011111,26.69808333,13-08-2014,9652.5,8368.0,41884.0
-22.935,28.004167,13-08-2014,,,
-24.670833,28.560833,13-08-2014,11368.5,9204.5,46400.5
-25.20639,27.558,13-08-2014,,,
-24.058889,31.237222,13-08-2014,,,
-30.398056,30.601944,13-08-2014,7396.0,5205.5,
-26.648056,27.089444,13-08-2014,11862.0,9310.5,43058.5
-26.880278,26.965,13-08-2014,11928.5,9360.5,43622.5
-31.031389,28.883333,13-08-2014,10157.0,9056.5,42916.0
-30.86013889,29.07125,13-08-2014,10988.0,9031.0,42998.5
-30.77586667,29.03221667,13-08-2014,11563.0,9286.0,43044.5
-24.282222,28.090278,14-08-2014,,,
-22.91028,29.61111,14-08-2014,10446.5,8505.0,
-25.49037,30.6986,14-08-2014,,,
-30.13573889,30.67422222,14-08-2014,9317.5,7585.0,
-28.376944,24.303056,14-08-2014,10898.0,8887.0,41529.5
-25.447222,30.711667,14-08-2014,,,
-29.744167,29.905833,15-08-2014,10835.0,9205.5,43510.5
-27.902778,24.615556,15-08-2014,,,
-29.803611,30.516111,15-08-2014,9872.5,8704.0,43441.0
-28.96362,19.15486,16-08-2014,9145.0,8452.0,42249.0
-25.99136,27.84208,18-08-2014,11148.5,9008.0,42993.0
-26.73806,27.59194,18-08-2014,9302.5,8287.5,41365.0
-26.45,28.085833,18-08-2014,29575.5,28089.0,34719.0
-28.1175,26.719444,18-08-2014,11680.5,8903.0,42397.5
-27.671111,27.236944,18-08-2014,10613.0,9189.5,42185.5
-29.160278,26.573333,18-08-2014,11300.5,9152.5,42462.5
-29.140556,31.391944,19-08-2014,,,
-26.006389,29.253889,19-08-2014,,,
-28.801278,31.955389,19-08-2014,9873.0,8746.5,44114.0
-27.169444,29.233889,19-08-2014,,,
-26.861111,28.884722,19-08-2014,,,
-27.00222,28.76528,19-08-2014,12191.0,9640.0,
-26.98472222,26.63227778,19-08-2014,12784.5,9672.5,43117.5
-27.935,26.126667,19-08-2014,12146.5,9139.0,42528.0
-27.398611,26.614722,19-08-2014,10669.0,8607.0,42410.5
-28.69485,28.23487,19-08-2014,10036.0,8634.5,41567.0
-28.883333,27.89,19-08-2014,10742.5,8899.0,42650.0
-25.45963889,28.26430556,19-08-2014,11345.0,8795.5,43653.5
-27.495556,26.074722,19-08-2014,12431.0,9220.0,43234.0
-27.4,26.624722,19-08-2014,10244.5,8709.0,42614.0
-29.161667,23.696389,20-08-2014,,,
-27.01011111,26.69808333,20-08-2014,9353.0,8288.5,43111.0
-25.81048333,27.90955222,20-08-2014,10582.0,8979.5,43013.5
-28.747778,31.745833,20-08-2014,,,
-28.404444,30.013056,20-08-2014,,,
-26.648056,27.089444,20-08-2014,11687.5,9277.5,44734.0
-26.970278,27.211111,20-08-2014,8122.5,7673.5,41742.0
-26.880278,26.965,20-08-2014,11589.0,9328.0,45750.0
-28.1175,26.719444,20-08-2014,11578.0,8991.0,44248.5
-30.160091,27.40124,20-08-2014,11085.0,9049.0,41589.0
-30.336111,27.359444,20-08-2014,9465.5,8631.0,40368.5
-29.615556,27.065278,20-08-2014,11425.5,9106.5,41963.5
-28.058889,30.373611,20-08-2014,,,
-30.830556,26.921389,21-08-2014,9024.0,8268.5,41763.0
-27.937778,31.209444,21-08-2014,,,
-27.5275,30.858056,21-08-2014,,,
-28.116667,26.725278,21-08-2014,11443.5,9049.5,44208.0
-31.000833,26.353056,21-08-2014,9766.0,8606.0,41340.0
-30.679722,26.7125,21-08-2014,12129.0,9174.5,41967.0
-28.883333,27.89,21-08-2014,10742.5,8899.0,42650.0
-30.534167,24.961944,21-08-2014,,,
-31.394444,20.947222,21-08-2014,11320.0,9328.5,43049.5
-24.925278,29.324444,22-08-2014,11088.0,9016.0,45126.0
-29.658056,25.973333,22-08-2014,10766.0,8972.0,43855.5
-26.45,28.085833,25-08-2014,11371.0,9279.5,44569.0
-29.042222,24.6,25-08-2014,8626.5,7896.0,42175.0
-29.028629,24.638389,25-08-2014,10169.5,8735.0,43443.5
-33.818056,19.694722,25-08-2014,8486.0,7989.0,40829.0
-32.502778,19.535833,25-08-2014,11864.0,9518.5,42459.0
-27.01011111,26.69808333,26-08-2014,9353.0,8288.5,43111.0
-25.127778,27.628889,26-08-2014,11819.5,9354.5,45062.5
-25.20639,27.558,26-08-2014,11305.0,9060.5,44112.5
-24.69514,27.40906,26-08-2014,10458.0,8746.5,44272.0
-23.281,30.54305556,26-08-2014,,,
-26.861111,28.884722,26-08-2014,12449.0,9874.5,44840.0
-26.648056,27.089444,26-08-2014,11687.5,9277.5,44734.0
-26.970278,27.211111,26-08-2014,8122.5,7673.5,41742.0
-26.880278,26.965,26-08-2014,11589.0,9328.0,45750.0
-26.98472222,26.63227778,26-08-2014,11566.5,9343.5,45001.0
-28.141944,26.417778,26-08-2014,11515.0,9232.0,44986.0
-28.1175,26.719444,26-08-2014,11578.0,8991.0,44248.5
-33.501667,21.624167,26-08-2014,,,
-34.075556,20.145556,26-08-2014,10569.5,8857.5,42851.5
-31.5653,18.3306,26-08-2014,,,
-32.94583,18.33667,26-08-2014,,,
-28.338333,31.373611,26-08-2014,,,
-28.068333,31.55,26-08-2014,,,
-24.39619444,27.08983333,27-08-2014,9956.0,8451.5,44461.0
-22.769722,30.886944,27-08-2014,,,
-28.44555556,32.325,19-11-2014,,,
-29.161667,30.629722,27-08-2014,23242.5,20017.0,36784.5
-27.00222,28.76528,27-08-2014,11072.5,9233.0,
-27.02314,28.59389,27-08-2014,9753.5,8868.5,43627.0
-27.4275,28.525833,27-08-2014,11340.5,9245.0,
-27.3,28.586944,27-08-2014,12591.5,9530.0,
-27.398611,26.614722,27-08-2014,10748.0,8814.0,43884.0
-33.13083,18.86278,27-08-2014,10128.5,8457.5,41295.5
-33.7075,18.97444444,27-08-2014,8978.0,8357.5,42607.5
-28.308889,31.9025,27-08-2014,10520.0,8695.0,43969.0
-26.619444,27.980833,28-08-2014,11356.5,9330.5,44250.0
-26.510278,28.351389,28-08-2014,11057.0,9071.0,44904.5
-27.671111,27.236944,28-08-2014,11018.5,9547.0,43515.5
-27.573056,24.746389,28-08-2014,10836.0,8953.5,44182.5
-28.376944,24.303056,28-08-2014,10912.5,9166.0,43498.0
-28.75,30.442778,29-08-2014,11356.0,9182.0,41891.5
-29.744167,29.905833,29-08-2014,,,
-27.902778,24.615556,29-08-2014,11813.0,9249.0,43882.0
-25.99136,27.84208,01-09-2014,11087.0,8856.0,44675.5
-26.73806,27.59194,01-09-2014,9420.0,8799.5,42313.0
-26.45,28.085833,01-09-2014,11371.0,9279.5,44569.0
-28.141944,26.417778,01-09-2014,11515.0,9232.0,44986.0
-28.116667,26.725278,01-09-2014,11443.5,9049.5,44208.0
-33.38056,19.30167,01-09-2014,9963.0,8699.0,41792.0
-34.065833,20.404167,02-09-2014,8426.0,7606.0,40840.0
-31.860278,18.6875,02-09-2014,9973.5,8442.5,42459.5
-27.169444,29.233889,02-09-2014,12302.5,9690.5,44355.0
-26.861111,28.884722,02-09-2014,12817.0,9976.5,45676.5
-27.00222,28.76528,02-09-2014,11072.5,9233.0,
-26.880278,26.965,02-09-2014,11589.0,9328.0,45750.0
-27.935,26.126667,02-09-2014,12184.0,9286.5,44353.0
-27.671111,27.236944,02-09-2014,10682.5,9284.0,44223.0
-34.031944,22.053333,02-09-2014,8149.0,7532.0,43114.0
-34.039722,22.133333,02-09-2014,8927.5,8000.5,43282.0
-25.45963889,28.26430556,02-09-2014,10963.0,8986.5,45290.0
-25.57877778,29.12747222,02-09-2014,10386.5,9011.5,45896.0
-29.161667,23.696389,03-09-2014,10096.5,9124.0,41082.5
-25.81048333,27.90955222,03-09-2014,10543.0,9032.5,44104.0
-23.658056,31.05,03-09-2014,10880.0,8701.5,45867.5
-26.006389,29.253889,03-09-2014,9798.5,8715.0,45466.0
-27.602222,29.942778,03-09-2014,11690.0,9368.0,45834.0
-27.802778,28.768333,03-09-2014,10740.0,8814.0,
-29.160278,26.573333,03-09-2014,11365.0,9195.5,44569.0
-31.436944,20.474722,03-09-2014,12190.0,9577.5,45859.0
-34.405833,19.600556,03-09-2014,9197.5,8261.5,41780.5
-27.363611,31.783333,04-09-2014,,,
-26.970278,27.211111,04-09-2014,8122.5,7673.5,41742.0
-27.671111,27.236944,04-09-2014,10682.5,9284.0,44223.0
-34.329722,18.990278,04-09-2014,9350.5,8396.5,42259.0
-33.897778,20.012778,04-09-2014,8614.0,7648.0,41573.0
-27.01011111,26.69808333,05-09-2014,9353.0,8288.5,43111.0
-26.905,32.324722,05-09-2014,,,
-28.735556,29.820556,05-09-2014,10051.5,8844.0,44222.0
-29.744167,29.905833,05-09-2014,10693.0,9142.5,45782.5
-26.98472222,26.63227778,05-09-2014,11566.5,9343.5,45001.0
-34.005833,22.351111,05-09-2014,9158.0,8343.5,43922.5
-27.495556,26.074722,05-09-2014,12371.5,9352.0,45552.5
-28.96362,19.15486,06-09-2014,9598.0,8592.0,44704.5
-28.338333,31.373611,06-09-2014,,,
-29.7775,29.470833,08-09-2014,11008.0,9219.5,45934.0
-29.987778,29.851667,08-09-2014,,,
-29.744167,29.905833,08-09-2014,,,
-26.98472222,26.63227778,08-09-2014,11566.5,9343.5,45001.0
-27.671111,27.236944,08-09-2014,10682.5,9284.0,44223.0
-29.160278,26.573333,08-09-2014,11365.0,9195.5,44569.0
-33.31388889,19.07472222,08-09-2014,8713.0,8089.0,42628.5
-25.127778,27.628889,09-09-2014,12244.5,9463.0,45659.5
-25.20639,27.558,09-09-2014,11850.5,9423.5,44516.0
-24.39619444,27.08983333,09-09-2014,10157.0,8638.5,44263.5
-24.69514,27.40906,09-09-2014,10743.5,9021.5,44174.5
-30.733889,29.828333,09-09-2014,,,
-29.380556,30.2775,09-09-2014,,,
-28.141944,26.417778,09-09-2014,11512.5,9189.0,44976.5
-28.1175,26.719444,09-09-2014,11568.0,8933.0,44286.0
-27.398611,26.614722,09-09-2014,10748.0,8814.0,43884.0
-28.69485,28.23487,09-09-2014,10124.0,8724.5,45014.5
-29.615556,27.065278,09-09-2014,11759.0,9390.0,45248.5
-28.883333,27.89,09-09-2014,10748.0,8999.5,45968.0
-31.554722,29.245556,09-09-2014,9590.0,8438.5,44422.5
-27.4,26.624722,09-09-2014,10791.0,8814.0,44074.5
-29.161667,23.696389,10-09-2014,10182.5,8977.5,42492.0
-27.01011111,26.69808333,10-09-2014,9353.0,8288.5,43111.0
-26.648056,27.089444,10-09-2014,11678.5,9318.5,44726.0
-26.970278,27.211111,10-09-2014,8122.5,7673.5,41742.0
-26.880278,26.965,10-09-2014,11599.5,9375.5,45681.5
-26.98472222,26.63227778,10-09-2014,11566.5,9343.5,45001.0
-27.671111,27.236944,10-09-2014,10857.5,9498.5,45835.5
-30.160091,27.40124,10-09-2014,12049.5,9587.0,44372.5
-30.336111,27.359444,10-09-2014,9058.5,8396.5,42014.5
-28.460833,21.248889,10-09-2014,9746.5,8438.5,44244.5
-30.568333,29.422778,10-09-2014,,,
-30.570833,29.150556,10-09-2014,11666.5,9261.0,44461.0
-30.830556,26.921389,11-09-2014,9857.5,8487.0,42899.0
-30.13573889,30.67422222,11-09-2014,,,
-27.38972222,26.46388889,11-09-2014,9138.5,8348.5,43091.0
-27.398611,26.614722,11-09-2014,10748.0,8814.0,43884.0
-28.376944,24.303056,11-09-2014,11193.5,9256.5,46413.5
-31.000833,26.353056,11-09-2014,10881.0,8890.0,40170.0
-30.679722,26.7125,11-09-2014,10479.0,8763.5,43617.5
-30.534167,24.961944,11-09-2014,11078.5,9020.0,45674.5
-30.77586667,29.03221667,11-09-2014,11486.5,9023.5,45754.0
-27.902778,24.615556,12-09-2014,12220.0,9608.0,47197.0
-29.803611,30.516111,12-09-2014,9647.0,8412.0,46000.0
-24.679167,30.8025,15-09-2014,,,
-25.99136,27.84208,15-09-2014,11168.5,9033.5,46053.0
-25.513889,31.224444,15-09-2014,9500.0,8506.0,44924.0
-26.73806,27.59194,15-09-2014,9535.5,8406.5,44060.5
-26.45,28.085833,15-09-2014,11614.0,9311.5,47012.0
-29.042222,24.6,15-09-2014,8798.0,7920.5,44124.0
-29.028629,24.638389,15-09-2014,10443.5,8796.0,46136.5
-22.225556,29.990556,16-09-2014,8530.0,8129.5,43887.0
-25.436111,31.982222,16-09-2014,11071.5,9290.5,
-29.140556,31.391944,16-09-2014,,,
-24.183889,30.823889,16-09-2014,,,
-25.73411,27.21422,16-09-2014,11023.5,9152.0,45258.5
-23.838611,31.640833,16-09-2014,9221.5,8278.0,46272.0
-24.058889,31.237222,16-09-2014,11663.0,9283.5,47749.0
-26.03611,30.99778,16-09-2014,10325.0,8830.0,46195.0
-25.681111,31.783333,16-09-2014,10104.5,8463.0,46023.5
-25.362222,31.956667,16-09-2014,12025.0,9430.0,
-27.169444,29.233889,16-09-2014,,,
-26.861111,28.884722,16-09-2014,,,
-27.802778,28.768333,16-09-2014,,,
-33.501667,21.624167,16-09-2014,10118.5,8851.5,43129.0
-25.45963889,28.26430556,16-09-2014,11158.5,8874.0,46126.5
-25.81048333,27.90955222,17-09-2014,10761.5,8921.5,45011.5
-24.282222,28.090278,17-09-2014,10622.5,8814.5,45470.0
-23.23572222,27.717,17-09-2014,10209.5,8473.0,43827.0
-24.670833,28.560833,17-09-2014,11454.5,9207.0,46794.5
-22.91028,29.61111,17-09-2014,10446.5,8505.0,
-24.768889,31.39,17-09-2014,13944.0,10427.5,47406.5
-28.801278,31.955389,17-09-2014,,,
-28.404444,30.013056,17-09-2014,11181.0,9747.0,48102.5
-27.00222,28.76528,17-09-2014,11394.5,9265.5,
-27.02314,28.59389,17-09-2014,9972.0,9030.0,45033.5
-27.273889,28.49,17-09-2014,9612.0,8419.5,44309.5
-27.4275,28.525833,17-09-2014,10527.5,9001.0,
-27.3,28.586944,17-09-2014,12903.0,9664.0,
-27.935,26.126667,17-09-2014,12551.0,9410.5,44998.5
-28.768056,20.720556,17-09-2014,10121.5,8803.0,45182.0
-28.058889,30.373611,17-09-2014,10368.0,9006.0,46878.5
-23.763056,27.908611,18-09-2014,10250.5,8474.5,44015.5
-24.99328,30.81444,18-09-2014,,,
-28.747778,31.745833,18-09-2014,,,
-27.937778,31.209444,18-09-2014,10257.0,8733.0,
-27.5275,30.858056,18-09-2014,10299.0,9059.0,49148.5
-26.619444,27.980833,18-09-2014,11314.0,9262.5,46670.0
-29.744167,29.905833,19-09-2014,10839.0,9270.0,45986.5
-31.394444,20.947222,22-09-2014,11709.0,9414.5,45943.0
-33.818056,19.694722,22-09-2014,8976.0,8048.0,43641.5
-32.502778,19.535833,22-09-2014,13173.0,10141.5,45137.0
-27.01011111,26.69808333,23-09-2014,10040.0,8659.0,43686.5
-31.860278,18.6875,23-09-2014,,,
-25.127778,27.628889,23-09-2014,12088.5,9553.5,47200.0
-25.20639,27.558,23-09-2014,,,
-24.69514,27.40906,23-09-2014,10352.5,8454.0,44722.0
-25.73411,27.21422,23-09-2014,11023.5,9152.0,45258.5
-26.970278,27.211111,23-09-2014,9011.5,8170.0,42723.0
-26.880278,26.965,23-09-2014,11973.5,9405.0,45480.5
-26.98472222,26.63227778,23-09-2014,11890.0,9548.0,45173.0
-27.398611,26.614722,23-09-2014,10913.0,8706.0,44388.0
-27.671111,27.236944,23-09-2014,11371.0,9687.0,44437.5
-34.075556,20.145556,23-09-2014,10569.5,8857.5,42851.5
-31.5653,18.3306,23-09-2014,,,
-28.338333,31.373611,23-09-2014,,,
-27.495556,26.074722,23-09-2014,12798.0,9455.5,45437.5
-27.4,26.624722,23-09-2014,11014.5,8762.5,44727.5
-29.641944,30.6875,24-09-2014,,,
-29.161667,30.629722,24-09-2014,,,
-27.00222,28.76528,24-09-2014,11394.5,9265.5,
-26.619444,27.980833,24-09-2014,11314.0,9262.5,46670.0
-26.45,28.085833,24-09-2014,11614.0,9311.5,47012.0
-33.38056,19.30167,24-09-2014,9960.5,8723.0,44063.0
-23.281,30.54305556,25-09-2014,,,
-26.861111,28.884722,25-09-2014,,,
-28.376944,24.303056,25-09-2014,11193.5,9256.5,46413.5
-32.94583,18.33667,25-09-2014,8621.5,7888.5,44595.5
-26.648056,27.089444,26-09-2014,12327.5,9520.0,44917.5
-27.573056,24.746389,26-09-2014,11128.5,9024.5,47096.0
-27.902778,24.615556,26-09-2014,12220.0,9608.0,47197.0
-28.96362,19.15486,26-09-2014,,,
-25.99136,27.84208,29-09-2014,10467.5,8722.0,46989.5
-27.01011111,26.69808333,30-09-2014,9361.0,8554.5,45460.0
-34.065833,20.404167,30-09-2014,8134.0,7591.0,43441.0
-30.398056,30.601944,30-09-2014,10083.0,8799.0,
-26.648056,27.089444,30-09-2014,11935.5,9474.5,47028.0
-26.970278,27.211111,30-09-2014,8219.0,7772.0,43790.5
-26.880278,26.965,30-09-2014,11874.0,9449.0,48339.5
-26.73806,27.59194,30-09-2014,9236.0,8289.5,44410.0
-26.45,28.085833,30-09-2014,11614.0,9311.5,47012.0
-26.98472222,26.63227778,30-09-2014,11612.5,9348.5,47769.0
-27.935,26.126667,30-09-2014,12580.5,9398.0,47457.5
-28.141944,26.417778,30-09-2014,12184.0,9425.5,48094.0
-33.31388889,19.07472222,30-09-2014,8996.0,8284.5,44125.5
-33.7075,18.97444444,30-09-2014,9059.5,8476.0,44456.0
-25.45963889,28.26430556,30-09-2014,11158.5,8874.0,46126.5
-25.81048333,27.90955222,01-10-2014,10548.5,9001.5,46335.5
-27.169444,29.233889,01-10-2014,12317.0,9878.0,46806.5
-26.861111,28.884722,01-10-2014,13096.0,10011.5,48150.5
-34.405833,19.600556,01-10-2014,9095.5,8265.5,43324.0
-33.13083,18.86278,01-10-2014,10186.0,8674.5,44460.0
-25.73411,27.21422,02-10-2014,11359.0,9179.0,46951.0
-27.00222,28.76528,02-10-2014,11394.5,9265.5,
-26.619444,27.980833,02-10-2014,11314.0,9262.5,46670.0
-26.98472222,26.63227778,02-10-2014,11612.5,9348.5,47769.0
-34.329722,18.990278,02-10-2014,9433.0,8541.0,43621.0
-33.897778,20.012778,02-10-2014,8441.0,7957.0,43969.0
-29.744167,29.905833,03-10-2014,,,
-31.031389,28.883333,03-10-2014,,,
-30.86013889,29.07125,03-10-2014,,,
-30.77586667,29.03221667,03-10-2014,,,
-25.49037,30.6986,06-10-2014,9271.0,8332.5,48501.5
-29.160278,26.573333,06-10-2014,11878.0,9412.5,47703.0
-30.568333,29.422778,06-10-2014,,,
-30.570833,29.150556,06-10-2014,,,
-25.447222,30.711667,06-10-2014,10021.5,8787.5,47585.0
-28.7115,24.07288889,07-10-2014,10439.5,8696.5,46416.0
-25.127778,27.628889,07-10-2014,12286.5,9470.0,48687.0
-24.69514,27.40906,07-10-2014,10600.0,8750.0,46265.5
-22.769722,30.886944,07-10-2014,10960.0,8730.0,50190.0
-31.396,29.2651,07-10-2014,9938.5,8934.0,44615.0
-34.031944,22.053333,07-10-2014,8383.0,7651.0,42986.0
-34.039722,22.133333,07-10-2014,9321.0,8146.5,43711.5
-25.20639,27.558,08-10-2014,11150.0,9091.5,46690.5
-25.73411,27.21422,08-10-2014,11359.0,9179.0,46951.0
-23.281,30.54305556,08-10-2014,10785.0,8541.5,49380.5
-26.905,32.324722,08-10-2014,8118.5,7877.5,44423.0
-29.380556,30.2775,08-10-2014,,,
-26.970278,27.211111,08-10-2014,8219.0,7772.0,43790.5
-28.116667,26.725278,08-10-2014,11195.0,9109.0,47181.5
-31.104278,29.399722,08-10-2014,,,
-34.02861,22.22222,08-10-2014,8318.5,7725.5,43133.0
-27.01011111,26.69808333,09-10-2014,9361.0,8554.5,45460.0
-25.127778,27.628889,09-10-2014,12286.5,9470.0,48687.0
-23.658056,31.05,09-10-2014,11160.5,8713.5,49969.0
-26.861111,28.884722,09-10-2014,13096.0,10011.5,48150.5
-26.45,28.085833,09-10-2014,,,
-26.98472222,26.63227778,09-10-2014,11612.5,9348.5,47769.0
-27.671111,27.236944,09-10-2014,10331.0,9100.0,46807.5
-28.376944,24.303056,09-10-2014,11265.0,9447.0,48119.5
-31.554722,29.245556,09-10-2014,9594.0,8362.0,45767.5
-34.005833,22.351111,09-10-2014,8927.0,8214.0,43279.0
-27.495556,26.074722,09-10-2014,13079.5,9550.5,48278.0
-26.648056,27.089444,10-10-2014,11918.5,9467.5,47035.0
-26.880278,26.965,10-10-2014,11901.5,9472.5,48239.5
-27.573056,24.746389,10-10-2014,11141.5,8904.0,45968.0
-27.902778,24.615556,10-10-2014,12751.5,9850.5,47372.0
-31.031389,28.883333,16-02-2011,,,
-25.99136,27.84208,13-10-2014,,,
-26.510278,28.351389,13-10-2014,,,
-26.73806,27.59194,13-10-2014,,,
-26.45,28.085833,13-10-2014,,,
-27.671111,27.236944,13-10-2014,,,
-29.160278,26.573333,13-10-2014,11878.0,9412.5,47703.0
-29.042222,24.6,13-10-2014,8328.5,7650.5,45007.5
-29.028629,24.638389,13-10-2014,9913.0,8305.0,46668.5
-27.01011111,26.69808333,14-10-2014,,,
-29.140556,31.391944,14-10-2014,,,
-25.73411,27.21422,14-10-2014,,,
-27.169444,29.233889,14-10-2014,12317.0,9878.0,46806.5
-26.861111,28.884722,14-10-2014,13096.0,10011.5,48150.5
-27.802778,28.768333,14-10-2014,11081.0,8911.5,
-26.98472222,26.63227778,14-10-2014,,,
-28.1175,26.719444,14-10-2014,,,
-28.116667,26.725278,14-10-2014,,,
-27.398611,26.614722,14-10-2014,,,
-28.69485,28.23487,14-10-2014,,,
-29.615556,27.065278,14-10-2014,11975.5,9238.5,46637.0
-28.883333,27.89,14-10-2014,,,
-27.4,26.624722,14-10-2014,,,
-25.81048333,27.90955222,15-10-2014,,,
-28.747778,31.745833,15-10-2014,,,
-28.404444,30.013056,15-10-2014,11025.5,9313.5,47943.5
-27.00222,28.76528,15-10-2014,,,
-27.02314,28.59389,15-10-2014,,,
-26.648056,27.089444,15-10-2014,,,
-26.970278,27.211111,15-10-2014,,,
-26.880278,26.965,15-10-2014,,,
-27.273889,28.49,15-10-2014,,,
-27.4275,28.525833,15-10-2014,,,
-27.3,28.586944,15-10-2014,,,
-27.935,26.126667,15-10-2014,,,
-28.141944,26.417778,15-10-2014,,,
-27.671111,27.236944,15-10-2014,,,
-30.160091,27.40124,15-10-2014,11294.5,9048.0,47454.0
-30.336111,27.359444,15-10-2014,11055.5,8669.0,44060.0
-28.768056,20.720556,15-10-2014,9745.5,8519.0,45603.0
-34.092222,21.295278,15-10-2014,9987.0,8541.0,43895.5
-28.058889,30.373611,15-10-2014,9931.0,8993.5,47046.5
-30.830556,26.921389,16-10-2014,9068.0,8249.0,45958.0
-25.49037,30.6986,16-10-2014,9372.5,8518.0,48487.0
-27.937778,31.209444,16-10-2014,,,
-27.5275,30.858056,16-10-2014,,,
-29.744167,29.905833,16-10-2014,10620.0,9230.5,46578.5
-26.619444,27.980833,16-10-2014,,,
-27.38972222,26.46388889,16-10-2014,,,
-27.398611,26.614722,16-10-2014,,,
-31.000833,26.353056,16-10-2014,10140.0,8755.0,46525.0
-30.679722,26.7125,16-10-2014,10976.5,9107.5,45931.5
-27.4,26.624722,16-10-2014,,,
-24.99328,30.81444,20-10-2014,9405.5,8546.5,47726.5
-33.818056,19.694722,20-10-2014,8936.5,8064.0,44500.0
-32.502778,19.535833,20-10-2014,13614.5,10006.0,46110.5
-25.127778,27.628889,21-10-2014,12276.5,9522.5,50341.0
-25.20639,27.558,21-10-2014,11027.5,9105.0,47882.0
-24.69514,27.40906,21-10-2014,10257.5,8406.0,47528.5
-26.006389,29.253889,21-10-2014,,,
-25.513889,31.224444,21-10-2014,9651.5,8498.5,45342.0
-25.398889,31.610556,21-10-2014,11766.0,9483.5,47583.0
-26.970278,27.211111,21-10-2014,8357.0,7859.0,44623.5
-26.45,28.085833,21-10-2014,,,
-34.075556,20.145556,21-10-2014,,,
-32.595833,19.009444,21-10-2014,8976.5,8182.0,45521.5
-28.338333,31.373611,21-10-2014,,,
-28.068333,31.55,21-10-2014,,,
-27.01011111,26.69808333,22-10-2014,9368.5,8349.0,46290.0
-29.641944,30.6875,22-10-2014,,,
-24.39619444,27.08983333,22-10-2014,10174.0,8587.0,47079.5
-28.44555556,32.325,16-12-2014,,,
-26.861111,28.884722,22-10-2014,,,
-26.648056,27.089444,22-10-2014,11668.5,9355.5,47922.0
-26.880278,26.965,22-10-2014,12073.5,9451.0,49432.0
-26.98472222,26.63227778,22-10-2014,11971.0,9480.0,49029.0
-34.250556,20.9925,22-10-2014,8939.0,8132.0,43843.5
-25.57877778,29.12747222,22-10-2014,,,
-25.436111,31.982222,23-10-2014,11427.5,9272.5,
-25.681111,31.783333,23-10-2014,10166.5,8888.0,46100.5
-25.362222,31.956667,23-10-2014,12040.5,9219.0,
-28.75,30.442778,23-10-2014,,,
-29.161667,30.629722,23-10-2014,,,
-27.00222,28.76528,23-10-2014,,,
-26.619444,27.980833,23-10-2014,,,
-27.573056,24.746389,23-10-2014,,,
-32.94583,18.33667,23-10-2014,,,
-28.308889,31.9025,23-10-2014,,,
-23.838611,31.640833,24-10-2014,,,
-24.95861111,29.39527778,24-10-2014,10987.0,9034.0,49639.0
-27.902778,24.615556,24-10-2014,,,
-29.161667,23.696389,27-10-2014,9044.5,8431.5,44203.5
-25.99136,27.84208,27-10-2014,,,
-31.554722,29.245556,27-10-2014,8784.5,8113.0,47786.0
-28.7115,24.07288889,28-10-2014,11717.0,9198.5,48589.0
-34.065833,20.404167,28-10-2014,8134.0,7591.0,43441.0
-22.91028,29.61111,28-10-2014,10631.5,8462.0,
-26.970278,27.211111,28-10-2014,,,
-26.880278,26.965,28-10-2014,,,
-27.802778,28.768333,28-10-2014,10703.0,8937.0,
-27.671111,27.236944,28-10-2014,,,
-29.1825,23.575556,28-10-2014,,,
-30.568333,29.422778,28-10-2014,,,
-30.570833,29.150556,28-10-2014,,,
-31.104278,29.399722,28-10-2014,10050.0,8473.0,47673.0
-33.501667,21.624167,28-10-2014,8779.0,8278.5,44925.0
-27.01011111,26.69808333,29-10-2014,,,
-25.81048333,27.90955222,29-10-2014,,,
-22.935,28.004167,29-10-2014,,,
-24.282222,28.090278,29-10-2014,,,
-24.670833,28.560833,29-10-2014,11678.5,9443.5,49987.0
-25.73411,27.21422,29-10-2014,,,
-26.905,32.324722,29-10-2014,8118.5,7877.5,44423.0
-28.735556,29.820556,29-10-2014,9452.5,8667.0,45883.5
-26.861111,28.884722,29-10-2014,11685.0,9510.0,48540.0
-26.648056,27.089444,29-10-2014,,,
-27.273889,28.49,29-10-2014,9631.0,8588.0,45865.5
-27.3,28.586944,29-10-2014,11791.5,9222.5,
-26.98472222,26.63227778,29-10-2014,,,
-28.768056,20.720556,29-10-2014,,,
-31.031389,28.883333,29-10-2014,11989.0,9402.0,48178.5
-30.86013889,29.07125,29-10-2014,,,
-30.77586667,29.03221667,29-10-2014,,,
-34.405833,19.600556,29-10-2014,,,
-33.13083,18.86278,29-10-2014,,,
-33.7075,18.97444444,29-10-2014,,,
-27.363611,31.783333,30-10-2014,8745.0,8212.5,46661.0
-27.602222,29.942778,30-10-2014,9924.5,8722.5,48139.0
-27.00222,28.76528,30-10-2014,11262.5,9437.5,
-26.619444,27.980833,30-10-2014,11080.5,9313.5,47684.0
-26.73806,27.59194,30-10-2014,,,
-34.329722,18.990278,30-10-2014,,,
-33.31388889,19.07472222,30-10-2014,,,
-33.897778,20.012778,30-10-2014,8462.0,7975.0,44139.0
-29.744167,29.905833,31-10-2014,21816.5,20555.0,39841.5
-28.404444,30.013056,02-11-2014,10900.5,9497.0,48138.5
-29.744167,29.905833,03-11-2014,21816.5,20555.0,39841.5
-26.73806,27.59194,03-11-2014,8982.5,8083.0,45833.0
-26.45,28.085833,03-11-2014,11211.5,9161.0,48237.5
-27.671111,27.236944,03-11-2014,10806.5,9255.5,48472.0
-30.733889,29.828333,04-11-2014,,,
-29.380556,30.2775,04-11-2014,8672.5,8209.0,45545.0
-27.169444,29.233889,04-11-2014,10561.5,9351.5,47546.5
-26.861111,28.884722,04-11-2014,11668.5,9552.5,48535.0
-26.98472222,26.63227778,04-11-2014,11196.5,9367.0,49011.0
-28.141944,26.417778,04-11-2014,11337.0,9462.0,47218.5
-27.398611,26.614722,04-11-2014,9491.5,8196.5,46763.0
-29.160278,26.573333,04-11-2014,11694.0,9362.5,47358.5
-28.69485,28.23487,04-11-2014,9595.0,8676.5,46109.0
-28.883333,27.89,04-11-2014,10334.0,8880.5,48037.0
-34.039722,22.133333,04-11-2014,9001.5,7974.5,43980.5
-27.4,26.624722,04-11-2014,9790.0,8509.5,46585.5
-27.01011111,26.69808333,05-11-2014,9108.5,8274.0,46268.5
-25.73411,27.21422,05-11-2014,11180.0,9186.0,47911.0
-30.398056,30.601944,05-11-2014,10083.0,8799.0,
-27.00222,28.76528,05-11-2014,11262.5,9437.5,
-27.02314,28.59389,05-11-2014,10247.0,9040.5,47038.0
-26.648056,27.089444,05-11-2014,11001.0,9004.5,46943.5
-26.970278,27.211111,05-11-2014,8160.0,7811.5,44646.0
-26.880278,26.965,05-11-2014,11246.0,9584.0,49726.5
-27.273889,28.49,05-11-2014,9631.0,8588.0,45865.5
-27.4275,28.525833,05-11-2014,8288.5,7872.5,
-27.3,28.586944,05-11-2014,11791.5,9222.5,
-28.116667,26.725278,05-11-2014,10279.0,8592.0,46461.0
-30.160091,27.40124,05-11-2014,,,
-30.336111,27.359444,05-11-2014,,,
-29.615556,27.065278,05-11-2014,,,
-34.02861,22.22222,05-11-2014,,,
-30.830556,26.921389,06-11-2014,,,
-26.619444,27.980833,06-11-2014,11176.0,9353.0,47690.5
-28.376944,24.303056,06-11-2014,,,
-31.000833,26.353056,06-11-2014,10053.0,8748.0,47522.0
-30.679722,26.7125,06-11-2014,10653.0,8711.5,44370.5
-23.838611,31.640833,07-11-2014,9821.5,8340.5,43005.0
-27.902778,24.615556,07-11-2014,,,
-29.658056,25.973333,07-11-2014,10103.5,8684.0,46971.0
-25.99136,27.84208,10-11-2014,9578.5,8636.5,47287.5
-28.1175,26.719444,10-11-2014,10743.0,8877.5,46694.5
-27.671111,27.236944,10-11-2014,10189.5,9062.0,46363.0
-29.140556,31.391944,11-11-2014,10117.5,8857.0,48070.0
-24.183889,30.823889,11-11-2014,,,
-25.73411,27.21422,11-11-2014,11180.0,9186.0,47911.0
-28.801278,31.955389,11-11-2014,,,
-26.73806,27.59194,11-11-2014,9734.0,8967.0,45230.0
-26.45,28.085833,11-11-2014,11211.5,9161.0,48237.5
-26.98472222,26.63227778,11-11-2014,11196.5,9367.0,49011.0
-27.935,26.126667,11-11-2014,12019.5,9360.0,47074.5
-28.141944,26.417778,11-11-2014,11342.0,9360.0,47201.0
-27.398611,26.614722,11-11-2014,9491.5,8196.5,46763.0
-34.092222,21.295278,11-11-2014,10010.5,8533.5,45808.5
-25.45963889,28.26430556,11-11-2014,11108.0,8971.0,48379.5
-27.4,26.624722,11-11-2014,9790.0,8509.5,46585.5
-27.01011111,26.69808333,12-11-2014,9108.5,8274.0,46268.5
-25.81048333,27.90955222,12-11-2014,10230.0,9053.0,47437.0
-24.670833,28.560833,12-11-2014,11678.5,9443.5,49987.0
-22.769722,30.886944,12-11-2014,11085.0,8910.0,50770.0
-24.058889,31.237222,12-11-2014,23944.0,22236.5,32999.0
-28.747778,31.745833,12-11-2014,10457.0,9072.0,50449.0
-27.937778,31.209444,12-11-2014,9838.0,8523.0,
-29.744167,29.905833,12-11-2014,21816.5,20555.0,39841.5
-27.169444,29.233889,12-11-2014,10561.5,9351.5,47546.5
-26.861111,28.884722,12-11-2014,12648.5,10346.5,45818.0
-26.648056,27.089444,12-11-2014,10942.0,8581.5,46943.0
-26.970278,27.211111,12-11-2014,8160.0,7811.5,44646.0
-26.880278,26.965,12-11-2014,11245.0,9545.0,49646.0
-27.802778,28.768333,12-11-2014,13168.5,10426.0,
-25.127778,27.628889,13-11-2014,11625.5,9375.0,49568.0
-25.20639,27.558,13-11-2014,10597.5,9098.5,47875.0
-23.658056,31.05,13-11-2014,11045.5,8733.0,50418.5
-23.281,30.54305556,13-11-2014,10763.5,8576.0,50124.0
-27.5275,30.858056,13-11-2014,9966.5,8822.0,47554.5
-27.00222,28.76528,13-11-2014,10338.0,8873.0,
-27.273889,28.49,13-11-2014,8906.5,8154.0,43478.0
-27.4275,28.525833,13-11-2014,8276.0,7889.0,
-27.3,28.586944,13-11-2014,10512.0,8849.5,
-24.679167,30.8025,14-11-2014,,,
-26.98472222,26.63227778,14-11-2014,11196.5,9367.0,49011.0
-25.49037,30.6986,17-11-2014,8836.5,8257.5,48301.5
-27.671111,27.236944,17-11-2014,9965.0,8788.5,45473.0
-29.042222,24.6,17-11-2014,10636.5,8322.5,43884.0
-29.033333,23.983333,17-11-2014,10639.5,8859.5,45759.5
-25.447222,30.711667,17-11-2014,9653.5,8580.5,47219.5
-25.127778,27.628889,18-11-2014,11625.5,9375.0,49568.0
-25.20639,27.558,18-11-2014,10597.5,9098.5,47875.0
-24.69514,27.40906,18-11-2014,10427.0,8490.0,48247.0
-26.006389,29.253889,18-11-2014,9536.0,8422.0,46276.0
-25.513889,31.224444,18-11-2014,9353.0,8492.0,45351.0
-25.398889,31.610556,18-11-2014,10719.5,9084.5,47550.0
-28.141944,26.417778,18-11-2014,,,
-28.1175,26.719444,18-11-2014,,,
-29.028629,24.638389,18-11-2014,9950.5,8577.0,45962.5
-28.338333,31.373611,18-11-2014,11720.0,9613.5,
-28.068333,31.55,18-11-2014,10590.5,8731.0,50389.0
-29.641944,30.6875,19-11-2014,9039.0,8290.0,
-24.39619444,27.08983333,19-11-2014,10026.0,8602.5,47628.5
-25.681111,31.783333,19-11-2014,9986.5,8533.0,46628.0
-28.44555556,32.325,14-01-2015,,,
-29.161667,30.629722,19-11-2014,10015.0,8546.5,48324.5
-26.45,28.085833,19-11-2014,11211.5,9161.0,48237.5
-27.38972222,26.46388889,19-11-2014,8591.0,7981.5,45899.5
-27.398611,26.614722,19-11-2014,9491.5,8196.5,46763.0
-25.57877778,29.12747222,19-11-2014,10459.5,8842.0,48010.0
-26.03611,30.99778,20-11-2014,,,
-28.75,30.442778,20-11-2014,11872.5,9471.0,49826.5
-26.861111,28.884722,20-11-2014,9660.5,8448.0,44460.0
-27.671111,27.236944,20-11-2014,9965.0,8788.5,45473.0
-28.376944,24.303056,20-11-2014,,,
-29.160278,26.573333,20-11-2014,,,
-28.308889,31.9025,20-11-2014,11247.5,9102.0,51443.5
-24.9675,31.516667,21-11-2014,9407.5,8696.5,45997.5
-28.058889,30.373611,22-11-2014,9798.0,8747.5,46543.5
-23.23572222,27.717,24-11-2014,11373.5,9043.5,46831.5
-25.99136,27.84208,24-11-2014,,,
-27.671111,27.236944,24-11-2014,,,
-31.554722,29.245556,24-11-2014,8784.5,8113.0,47786.0
-33.818056,19.694722,24-11-2014,9130.0,8298.5,45581.0
-32.502778,19.535833,24-11-2014,13792.5,10083.5,47741.0
-27.01011111,26.69808333,25-11-2014,,,
-31.860278,18.6875,25-11-2014,9368.5,8317.0,48231.0
-22.91028,29.61111,25-11-2014,,,
-26.970278,27.211111,25-11-2014,,,
-26.880278,26.965,25-11-2014,,,
-28.1175,26.719444,25-11-2014,,,
-30.568333,29.422778,25-11-2014,8397.5,8050.0,44877.5
-30.570833,29.150556,25-11-2014,10064.5,8772.5,45435.5
-31.104278,29.399722,25-11-2014,10050.0,8473.0,47673.0
-33.501667,21.624167,25-11-2014,9061.5,8385.5,45466.0
-34.075556,20.145556,25-11-2014,,,
-32.595833,19.009444,25-11-2014,9126.0,8105.5,46450.0
-25.45963889,28.26430556,25-11-2014,11108.0,8971.0,48379.5
-25.81048333,27.90955222,26-11-2014,,,
-24.282222,28.090278,26-11-2014,,,
-23.763056,27.908611,26-11-2014,10964.0,8782.5,45781.5
-26.905,32.324722,26-11-2014,8122.5,7944.5,45193.5
-27.602222,29.942778,26-11-2014,9924.5,8722.5,48139.0
-27.00222,28.76528,26-11-2014,10256.5,8974.0,
-26.73806,27.59194,26-11-2014,,,
-26.45,28.085833,26-11-2014,11211.5,9161.0,48237.5
-29.042222,24.6,26-11-2014,,,
-29.033333,23.983333,26-11-2014,,,
-31.031389,28.883333,26-11-2014,11927.5,8546.5,44588.0
-30.86013889,29.07125,26-11-2014,11373.0,9216.5,44837.5
-30.77586667,29.03221667,26-11-2014,10378.5,9031.5,46078.0
-34.250556,20.9925,26-11-2014,9360.5,8369.5,45461.0
-33.38056,19.30167,26-11-2014,10333.5,8910.0,46054.5
-27.169444,29.233889,27-11-2014,10561.5,9351.5,47546.5
-26.861111,28.884722,27-11-2014,9799.5,8820.0,48814.0
-29.028629,24.638389,27-11-2014,9923.5,8648.0,47874.5
-32.94583,18.33667,27-11-2014,9184.5,8178.5,46869.0
-23.838611,31.640833,28-11-2014,9821.5,8340.5,43005.0
-29.744167,29.905833,28-11-2014,9655.0,8729.5,44618.5
-26.648056,27.089444,28-11-2014,,,
-28.116667,26.725278,28-11-2014,,,
-27.573056,24.746389,28-11-2014,9419.0,8431.0,48208.5
-29.744167,29.905833,01-12-2014,9655.0,8729.5,44618.5
-29.380556,30.2775,01-12-2014,8672.5,8209.0,45545.0
-26.970278,27.211111,01-12-2014,,,
-29.160278,26.573333,01-12-2014,,,
-27.01011111,26.69808333,02-12-2014,,,
-34.065833,20.404167,02-12-2014,,,
-25.127778,27.628889,02-12-2014,,,
-24.69514,27.40906,02-12-2014,,,
-25.49037,30.6986,02-12-2014,,,
-26.861111,28.884722,02-12-2014,9799.5,8820.0,48814.0
-26.648056,27.089444,02-12-2014,,,
-26.880278,26.965,02-12-2014,,,
-26.98472222,26.63227778,02-12-2014,,,
-27.671111,27.236944,02-12-2014,9875.5,8579.0,46543.5
-28.69485,28.23487,02-12-2014,9198.0,8284.5,46277.0
-29.615556,27.065278,02-12-2014,9694.5,8458.0,45239.5
-28.883333,27.89,02-12-2014,9720.5,8463.0,46583.5
-34.092222,21.295278,02-12-2014,10010.5,8533.5,45808.5
-33.31388889,19.07472222,02-12-2014,9960.5,8729.0,46258.5
-33.7075,18.97444444,02-12-2014,9694.0,8702.5,48216.5
-25.20639,27.558,03-12-2014,,,
-25.73411,27.21422,03-12-2014,,,
-26.45,28.085833,03-12-2014,8802.0,8121.0,45391.0
-27.273889,28.49,03-12-2014,8914.5,8029.0,45505.0
-27.4275,28.525833,03-12-2014,9287.0,8050.5,
-27.3,28.586944,03-12-2014,10658.5,8968.5,
-30.160091,27.40124,03-12-2014,10514.5,9149.0,46518.5
-30.336111,27.359444,03-12-2014,9770.0,8514.0,44307.5
-34.039722,22.133333,03-12-2014,9184.5,7985.0,45068.0
-34.02861,22.22222,03-12-2014,8406.5,7870.5,43933.0
-34.405833,19.600556,03-12-2014,10561.0,8912.5,47043.5
-33.13083,18.86278,03-12-2014,11213.0,9306.5,47727.0
-33.464444,18.740556,03-12-2014,11414.0,9296.0,47853.0
-30.830556,26.921389,04-12-2014,9384.5,8468.5,46665.0
-25.362222,31.956667,04-12-2014,11598.0,9483.5,
-27.902778,24.615556,04-12-2014,10319.5,8853.5,48615.5
-28.376944,24.303056,04-12-2014,10789.0,9147.0,48608.0
-29.160278,26.573333,04-12-2014,,,
-30.679722,26.7125,04-12-2014,9732.5,8147.5,44199.5
-34.329722,18.990278,04-12-2014,9897.0,8947.5,45009.0
-29.803611,30.516111,04-12-2014,9647.0,8412.0,46000.0
-33.897778,20.012778,04-12-2014,,,
-26.98472222,26.63227778,05-12-2014,,,
-25.99136,27.84208,08-12-2014,,,
-26.45,28.085833,08-12-2014,8802.0,8121.0,45391.0
-28.141944,26.417778,08-12-2014,,,
-29.042222,24.6,08-12-2014,8014.5,7638.5,46166.5
-29.028629,24.638389,08-12-2014,9923.5,8648.0,47874.5
-29.033333,23.983333,08-12-2014,,,
-28.460833,21.248889,08-12-2014,,,
-30.86013889,29.07125,08-12-2014,11373.0,9216.5,44837.5
-30.77586667,29.03221667,08-12-2014,10378.5,9031.5,46078.0
-29.140556,31.391944,09-12-2014,10117.5,8857.0,48070.0
-24.183889,30.823889,09-12-2014,,,
-24.69514,27.40906,09-12-2014,,,
-25.73411,27.21422,09-12-2014,,,
-28.747778,31.745833,09-12-2014,10457.0,9072.0,50449.0
-28.801278,31.955389,09-12-2014,,,
-26.861111,28.884722,09-12-2014,9799.5,8820.0,48814.0
-28.1175,26.719444,09-12-2014,,,
-27.398611,26.614722,09-12-2014,,,
-30.568333,29.422778,09-12-2014,8397.5,8050.0,44877.5
-30.570833,29.150556,09-12-2014,10064.5,8772.5,45435.5
-31.554722,29.245556,09-12-2014,8784.5,8113.0,47786.0
-25.45963889,28.26430556,09-12-2014,9003.5,8184.5,46555.5
-27.4,26.624722,09-12-2014,,,
-27.01011111,26.69808333,10-12-2014,,,
-25.81048333,27.90955222,10-12-2014,,,
-29.641944,30.6875,10-12-2014,9039.0,8290.0,
-24.670833,28.560833,10-12-2014,,,
-28.404444,30.013056,10-12-2014,11018.5,9562.5,49154.0
-26.648056,27.089444,10-12-2014,,,
-26.970278,27.211111,10-12-2014,,,
-26.880278,26.965,10-12-2014,,,
-26.98472222,26.63227778,10-12-2014,,,
-27.671111,27.236944,10-12-2014,9875.5,8579.0,46543.5
-28.058889,30.373611,10-12-2014,9782.5,8732.5,46554.5
-23.658056,31.05,11-12-2014,,,
-23.281,30.54305556,11-12-2014,,,
-27.5275,30.858056,11-12-2014,9966.5,8822.0,47554.5
-27.38972222,26.46388889,11-12-2014,,,
-27.398611,26.614722,11-12-2014,,,
-27.4,26.624722,11-12-2014,,,
-24.679167,30.8025,12-12-2014,,,
-29.744167,29.905833,12-12-2014,9655.0,8729.5,44618.5
-26.73806,27.59194,15-12-2014,9045.5,8080.0,45475.5
-27.671111,27.236944,15-12-2014,10060.5,8887.0,48195.0
-25.127778,27.628889,16-12-2014,,,
-28.44555556,32.325,18-02-2015,9441.0,8353.0,42550.0
-26.970278,27.211111,16-12-2014,8682.0,8096.5,44791.5
-27.01011111,26.69808333,17-12-2014,8924.5,8328.5,46314.5
-27.602222,29.942778,17-12-2014,,,
-28.75,30.442778,17-12-2014,11872.5,9471.0,49826.5
-29.161667,30.629722,17-12-2014,10015.0,8546.5,48324.5
-26.648056,27.089444,17-12-2014,8919.0,8486.5,46770.5
-26.880278,26.965,17-12-2014,11749.5,9406.0,42424.0
-26.45,28.085833,17-12-2014,8802.0,8121.0,45391.0
-26.98472222,26.63227778,17-12-2014,9624.5,8566.5,47732.0
-33.501667,21.624167,17-12-2014,9400.5,8504.0,47079.5
-29.641944,30.6875,18-12-2014,9039.0,8290.0,
-26.905,32.324722,18-12-2014,8181.5,7916.0,45995.0
-27.169444,29.233889,18-12-2014,,,
-26.861111,28.884722,18-12-2014,9799.5,8820.0,48814.0
-27.00222,28.76528,18-12-2014,10256.5,8974.0,
-28.376944,24.303056,18-12-2014,,,
-34.250556,20.9925,18-12-2014,,,
-27.902778,24.615556,19-12-2014,9684.0,8213.5,46567.0
-22.43772222,31.07805556,21-12-2014,,,
-24.282222,28.090278,22-12-2014,8921.5,8183.5,45906.0
-30.733889,29.828333,22-12-2014,25362.5,24140.5,40619.5
-26.970278,27.211111,22-12-2014,8682.0,8096.5,44791.5
-26.880278,26.965,22-12-2014,11749.5,9406.0,42424.0
-26.45,28.085833,22-12-2014,8802.0,8121.0,45391.0
-27.01011111,26.69808333,23-12-2014,8924.5,8328.5,46314.5
-25.81048333,27.90955222,23-12-2014,9549.0,8804.5,46153.0
-22.225556,29.990556,23-12-2014,,,
-22.91028,29.61111,23-12-2014,,,
-26.861111,28.884722,23-12-2014,9634.0,8750.5,46210.5
-27.00222,28.76528,23-12-2014,10016.5,8812.0,
-26.98472222,26.63227778,23-12-2014,9624.5,8566.5,47732.0
-29.744167,29.905833,24-12-2014,,,
-29.161667,23.696389,31-12-2014,,,
-28.376944,24.303056,01-01-2015,10708.0,9258.5,49533.5
-27.902778,24.615556,02-01-2015,9684.0,8213.5,46567.0
-25.99136,27.84208,05-01-2015,9038.5,8320.0,46746.0
-29.987778,29.851667,05-01-2015,8436.0,8011.5,46031.0
-29.744167,29.905833,05-01-2015,,,
-26.970278,27.211111,05-01-2015,,,
-28.1175,26.719444,05-01-2015,,,
-27.671111,27.236944,05-01-2015,10058.5,8794.5,46744.5
-29.140556,31.391944,06-01-2015,,,
-25.73411,27.21422,06-01-2015,10764.0,9071.0,47458.0
-30.733889,29.828333,06-01-2015,8996.0,8386.0,47969.0
-27.935,26.126667,06-01-2015,,,
-28.141944,26.417778,06-01-2015,,,
-27.398611,26.614722,06-01-2015,,,
-29.160278,26.573333,06-01-2015,,,
-28.69485,28.23487,06-01-2015,9452.0,8335.0,44556.5
-28.883333,27.89,06-01-2015,9357.5,8200.0,45702.0
-27.01011111,26.69808333,07-01-2015,,,
-25.81048333,27.90955222,07-01-2015,9097.0,8632.0,46252.0
-28.747778,31.745833,07-01-2015,,,
-28.801278,31.955389,07-01-2015,,,
-28.404444,30.013056,07-01-2015,,,
-26.648056,27.089444,07-01-2015,8863.0,8326.5,46745.5
-26.880278,26.965,07-01-2015,,,
-26.98472222,26.63227778,07-01-2015,,,
-28.116667,26.725278,07-01-2015,,,
-30.160091,27.40124,07-01-2015,10093.0,8640.5,46618.0
-30.336111,27.359444,07-01-2015,10127.0,8491.5,44451.5
-29.615556,27.065278,07-01-2015,9823.5,8256.0,46354.5
-30.830556,26.921389,08-01-2015,,,
-31.000833,26.353056,08-01-2015,,,
-30.679722,26.7125,08-01-2015,,,
-23.838611,31.640833,09-01-2015,9821.5,8340.5,43005.0
-27.5275,30.858056,09-01-2015,9489.0,8584.0,47323.5
-29.744167,29.905833,09-01-2015,8995.5,8193.5,46953.0
-30.398056,30.601944,09-01-2015,8812.5,8188.0,
-26.98472222,26.63227778,09-01-2015,,,
-27.573056,24.746389,09-01-2015,,,
-29.658056,25.973333,09-01-2015,,,
-29.803611,30.516111,09-01-2015,8909.0,8189.5,46168.5
-28.735556,29.820556,12-01-2015,8601.0,8017.5,44989.5
-26.970278,27.211111,12-01-2015,,,
-26.73806,27.59194,12-01-2015,9110.0,8084.0,44560.5
-25.127778,27.628889,13-01-2015,,,
-25.20639,27.558,13-01-2015,,,
-24.69514,27.40906,13-01-2015,,,
-28.141944,26.417778,13-01-2015,,,
-28.1175,26.719444,13-01-2015,,,
-28.116667,26.725278,13-01-2015,,,
-30.568333,29.422778,13-01-2015,8626.5,8129.0,47488.0
-30.570833,29.150556,13-01-2015,10131.0,8566.0,46753.0
-28.338333,31.373611,13-01-2015,,,
-28.068333,31.55,13-01-2015,,,
-27.01011111,26.69808333,14-01-2015,,,
-29.641944,30.6875,14-01-2015,,,
-24.39619444,27.08983333,14-01-2015,,,
-25.73411,27.21422,14-01-2015,10764.0,9071.0,47458.0
-28.44555556,32.325,09-04-2015,9441.0,8353.0,42550.0
-27.602222,29.942778,14-01-2015,9290.5,8428.5,46589.5
-28.75,30.442778,14-01-2015,,,
-29.161667,30.629722,14-01-2015,,,
-26.648056,27.089444,14-01-2015,8863.0,8326.5,46745.5
-26.45,28.085833,14-01-2015,8802.0,8121.0,45391.0
-27.38972222,26.46388889,14-01-2015,,,
-26.98472222,26.63227778,14-01-2015,,,
-27.398611,26.614722,14-01-2015,,,
-31.104278,29.399722,14-01-2015,10136.0,8613.5,48257.0
-31.396,29.2651,14-01-2015,14266.5,10163.5,47287.0
-31.554722,29.245556,14-01-2015,8603.0,8043.5,47853.5
-27.169444,29.233889,15-01-2015,9598.0,8686.0,46610.5
-27.02314,28.59389,15-01-2015,10228.0,8891.5,45176.0
-27.398611,26.614722,15-01-2015,,,
-27.573056,24.746389,15-01-2015,9557.5,8228.5,46076.0
-28.376944,24.303056,15-01-2015,10712.5,8971.5,47405.5
-31.031389,28.883333,15-01-2015,11780.5,9199.5,47641.5
-30.86013889,29.07125,15-01-2015,11254.5,9082.5,48260.0
-30.77586667,29.03221667,15-01-2015,10314.5,8861.5,49202.0
-26.619444,27.980833,16-01-2015,8746.0,8101.5,45304.0
-27.671111,27.236944,16-01-2015,10058.5,8794.5,46744.5
-27.902778,24.615556,16-01-2015,9377.0,8190.0,46576.5
-28.747778,31.745833,17-01-2015,,,
-25.99136,27.84208,19-01-2015,,,
-26.970278,27.211111,19-01-2015,,,
-29.028629,24.638389,19-01-2015,10054.5,8570.0,47063.5
-29.033333,23.983333,19-01-2015,10943.5,8866.0,47301.0
-33.818056,19.694722,19-01-2015,9775.0,8503.0,46982.5
-27.01011111,26.69808333,20-01-2015,,,
-22.225556,29.990556,20-01-2015,,,
-26.98472222,26.63227778,20-01-2015,,,
-27.935,26.126667,20-01-2015,,,
-28.1175,26.719444,20-01-2015,,,
-34.075556,20.145556,20-01-2015,,,
-32.502778,19.535833,20-01-2015,14381.5,10497.5,49520.5
-29.161667,23.696389,21-01-2015,8564.0,8260.5,44280.0
-25.81048333,27.90955222,21-01-2015,,,
-29.641944,30.6875,21-01-2015,,,
-25.73411,27.21422,21-01-2015,,,
-26.648056,27.089444,21-01-2015,,,
-29.160278,26.573333,21-01-2015,,,
-29.033333,23.983333,21-01-2015,10943.5,8866.0,47301.0
-26.03611,30.99778,22-01-2015,,,
-27.363611,31.783333,22-01-2015,,,
-26.905,32.324722,22-01-2015,,,
-28.116667,26.725278,22-01-2015,,,
-23.838611,31.640833,23-01-2015,8811.0,8133.0,46866.0
-29.744167,29.905833,23-01-2015,9026.5,8350.0,46955.0
-28.96362,19.15486,24-01-2015,10003.5,9023.0,48507.5
-26.73806,27.59194,26-01-2015,,,
-26.45,28.085833,26-01-2015,,,
-34.065833,20.404167,27-01-2015,,,
-25.127778,27.628889,27-01-2015,,,
-25.20639,27.558,27-01-2015,,,
-24.39619444,27.08983333,27-01-2015,,,
-24.69514,27.40906,27-01-2015,,,
-27.169444,29.233889,27-01-2015,,,
-26.861111,28.884722,27-01-2015,9696.5,8815.0,46763.0
-26.970278,27.211111,27-01-2015,,,
-26.880278,26.965,27-01-2015,,,
-33.501667,21.624167,27-01-2015,22186.0,20540.5,36974.5
-32.595833,19.009444,27-01-2015,9882.5,8492.5,47849.0
-29.161667,23.696389,28-01-2015,,,
-28.7115,24.07288889,28-01-2015,,,
-27.01011111,26.69808333,28-01-2015,,,
-24.282222,28.090278,28-01-2015,,,
-23.763056,27.908611,28-01-2015,,,
-23.658056,31.05,28-01-2015,,,
-23.281,30.54305556,28-01-2015,,,
-27.937778,31.209444,28-01-2015,,,
-28.404444,30.013056,28-01-2015,,,
-26.648056,27.089444,28-01-2015,,,
-27.273889,28.49,28-01-2015,9032.5,8071.5,44737.5
-27.4275,28.525833,28-01-2015,9426.0,8499.5,
-27.3,28.586944,28-01-2015,10436.0,8766.0,
-26.98472222,26.63227778,28-01-2015,,,
-34.405833,19.600556,28-01-2015,,,
-28.068333,31.55,28-01-2015,,,
-28.058889,30.373611,28-01-2015,,,
-22.935,28.004167,29-01-2015,,,
-22.225556,29.990556,29-01-2015,,,
-24.670833,28.560833,29-01-2015,,,
-27.5275,30.858056,29-01-2015,,,
-28.376944,24.303056,29-01-2015,10618.5,9044.5,46612.0
-34.329722,18.990278,29-01-2015,9653.0,8538.0,45824.5
-33.38056,19.30167,29-01-2015,10744.0,9080.0,47471.0
-27.573056,24.746389,30-01-2015,9854.5,8539.0,46587.0
-27.902778,24.615556,30-01-2015,9493.0,8309.5,45610.5
-25.99136,27.84208,02-02-2015,,,
-29.7775,29.470833,02-02-2015,8984.5,8340.0,44822.5
-29.744167,29.905833,02-02-2015,,,
-26.970278,27.211111,02-02-2015,,,
-28.116667,26.725278,02-02-2015,,,
-27.671111,27.236944,02-02-2015,,,
-33.818056,19.694722,02-02-2015,9844.0,8415.5,46610.5
-29.140556,31.391944,03-02-2015,,,
-25.73411,27.21422,03-02-2015,,,
-28.801278,31.955389,03-02-2015,,,
-29.987778,29.851667,03-02-2015,8436.0,8011.5,46031.0
-26.98472222,26.63227778,03-02-2015,,,
-27.398611,26.614722,03-02-2015,,,
-33.31388889,19.07472222,03-02-2015,9729.5,8521.0,47255.0
-25.45963889,28.26430556,03-02-2015,,,
-27.4,26.624722,03-02-2015,,,
-27.01011111,26.69808333,04-02-2015,,,
-25.81048333,27.90955222,04-02-2015,,,
-29.641944,30.6875,04-02-2015,,,
-28.747778,31.745833,04-02-2015,,,
-26.648056,27.089444,04-02-2015,,,
-27.671111,27.236944,04-02-2015,11312.0,9472.0,46960.0
-28.768056,20.720556,04-02-2015,10267.0,8653.0,46702.5
-32.94583,18.33667,04-02-2015,,,
-30.13573889,30.67422222,05-02-2015,11212.0,9099.0,
-29.160278,26.573333,05-02-2015,,,
-33.13083,18.86278,05-02-2015,11615.0,9462.5,47620.5
-29.744167,29.905833,06-02-2015,,,
-29.380556,30.2775,06-02-2015,,,
-29.803611,30.516111,06-02-2015,8909.0,8189.5,46168.5
-23.838611,31.640833,09-02-2015,8811.0,8133.0,46866.0
-25.49037,30.6986,09-02-2015,,,
-25.513889,31.224444,09-02-2015,9214.5,8328.0,45845.0
-28.735556,29.820556,09-02-2015,,,
-26.970278,27.211111,09-02-2015,,,
-26.45,28.085833,09-02-2015,,,
-25.447222,30.711667,09-02-2015,,,
-28.760833,17.730278,10-02-2015,,,
-27.01011111,26.69808333,10-02-2015,,,
-25.436111,31.982222,10-02-2015,10548.0,8944.0,
-25.20639,27.558,10-02-2015,,,
-24.69514,27.40906,10-02-2015,,,
-23.281,30.54305556,10-02-2015,,,
-25.681111,31.783333,10-02-2015,9894.5,8613.0,46242.0
-25.398889,31.610556,10-02-2015,10474.5,8867.0,47586.5
-24.99328,30.81444,10-02-2015,,,
-27.602222,29.942778,10-02-2015,9414.5,8209.5,47382.0
-26.861111,28.884722,10-02-2015,,,
-26.648056,27.089444,10-02-2015,,,
-26.98472222,26.63227778,10-02-2015,,,
-28.141944,26.417778,10-02-2015,,,
-28.1175,26.719444,10-02-2015,,,
-28.116667,26.725278,10-02-2015,,,
-29.1825,23.575556,10-02-2015,9102.5,8675.0,47142.0
-31.396,29.2651,10-02-2015,,,
-31.554722,29.245556,10-02-2015,,,
-34.039722,22.133333,10-02-2015,9378.0,8106.0,45525.5
-29.161667,23.696389,11-02-2015,8760.0,8285.5,45147.0
-24.670833,28.560833,11-02-2015,,,
-24.39619444,27.08983333,11-02-2015,,,
-24.058889,31.237222,11-02-2015,,,
-25.362222,31.956667,11-02-2015,9894.5,8512.0,
-25.14944444,31.94055556,11-02-2015,11078.5,8919.5,
-28.75,30.442778,11-02-2015,11196.5,8928.5,46752.0
-29.161667,30.629722,11-02-2015,8957.0,8142.5,45562.0
-27.38972222,26.46388889,11-02-2015,,,
-27.398611,26.614722,11-02-2015,,,
-31.104278,29.399722,11-02-2015,,,
-30.77586667,29.03221667,11-02-2015,,,
-34.005833,22.351111,11-02-2015,,,
-23.658056,31.05,12-02-2015,,,
-27.671111,27.236944,12-02-2015,,,
-28.376944,24.303056,12-02-2015,10761.0,9072.0,48195.0
-30.568333,29.422778,12-02-2015,,,
-31.031389,28.883333,12-02-2015,,,
-30.86013889,29.07125,12-02-2015,,,
-30.570833,29.150556,12-02-2015,,,
-28.338333,31.373611,12-02-2015,11007.0,8932.0,
-24.679167,30.8025,13-02-2015,,,
-22.769722,30.886944,13-02-2015,,,
-24.768889,31.39,13-02-2015,13472.0,10419.5,47974.0
-24.9675,31.516667,13-02-2015,9333.0,8409.0,47330.0
-27.573056,24.746389,13-02-2015,9682.5,8303.5,45586.0
-27.902778,24.615556,13-02-2015,10572.0,8682.0,46768.5
-28.96362,19.15486,14-02-2015,9976.0,8614.0,46441.5
-25.99136,27.84208,16-02-2015,,,
-26.970278,27.211111,16-02-2015,,,
-26.73806,27.59194,16-02-2015,,,
-26.45,28.085833,16-02-2015,,,
-27.671111,27.236944,16-02-2015,,,
-32.502778,19.535833,16-02-2015,,,
-27.01011111,26.69808333,17-02-2015,,,
-27.169444,29.233889,17-02-2015,9563.0,8456.0,45910.5
-26.861111,28.884722,17-02-2015,10074.5,8738.0,47897.0
-27.02314,28.59389,17-02-2015,10963.0,9363.0,46634.0
-26.98472222,26.63227778,17-02-2015,,,
-29.160278,26.573333,17-02-2015,,,
-28.69485,28.23487,17-02-2015,9123.5,8184.5,46027.0
-28.883333,27.89,17-02-2015,15239.0,14147.5,42637.5
-31.436944,20.474722,17-02-2015,13579.0,10364.5,46810.0
-34.075556,20.145556,17-02-2015,,,
-32.595833,19.009444,17-02-2015,,,
-25.45963889,28.26430556,17-02-2015,9297.0,8252.0,47534.5
-28.068333,31.55,17-02-2015,9963.5,8433.5,47833.5
-29.161667,23.696389,18-02-2015,8385.5,8166.0,44235.0
-25.81048333,27.90955222,18-02-2015,,,
-22.225556,29.990556,18-02-2015,11083.5,9138.0,46203.0
-29.641944,30.6875,18-02-2015,8465.5,8116.0,
-25.73411,27.21422,18-02-2015,,,
-28.44555556,32.325,07-05-2015,9441.0,8353.0,42550.0
-26.648056,27.089444,18-02-2015,,,
-26.880278,26.965,18-02-2015,,,
-28.116667,26.725278,18-02-2015,,,
-29.033333,23.983333,18-02-2015,10495.5,8667.5,46833.5
-30.160091,27.40124,18-02-2015,11318.0,9222.0,47085.0
-30.336111,27.359444,18-02-2015,10242.0,8500.0,45030.5
-29.615556,27.065278,18-02-2015,11787.5,9330.0,46932.5
-25.57877778,29.12747222,18-02-2015,9615.0,8253.5,47030.5
-30.830556,26.921389,19-02-2015,9518.0,8391.0,46279.0
-28.141944,26.417778,19-02-2015,,,
-31.000833,26.353056,19-02-2015,,,
-30.679722,26.7125,19-02-2015,,,
-34.250556,20.9925,19-02-2015,,,
-33.31388889,19.07472222,19-02-2015,,,
-28.308889,31.9025,19-02-2015,10415.0,8875.5,48754.0
-22.43772222,31.07805556,20-02-2015,,,
-29.744167,29.905833,20-02-2015,9303.5,8415.0,45812.0
-29.658056,25.973333,20-02-2015,,,
-29.7775,29.470833,23-02-2015,8984.5,8340.0,44822.5
-29.987778,29.851667,23-02-2015,,,
-29.744167,29.905833,23-02-2015,9303.5,8415.0,45812.0
-26.45,28.085833,23-02-2015,9601.0,8296.0,47127.5
-29.042222,24.6,23-02-2015,8392.0,7824.5,44126.5
-29.033333,23.983333,23-02-2015,9999.5,8370.0,44949.0
-34.031944,22.053333,23-02-2015,,,
-33.38056,19.30167,23-02-2015,10782.5,9197.5,45892.5
-30.733889,29.828333,24-02-2015,,,
-26.861111,28.884722,24-02-2015,10070.5,8844.5,47902.5
-27.00222,28.76528,24-02-2015,10399.5,8920.5,
-26.970278,27.211111,24-02-2015,8208.5,7869.0,44195.5
-26.619444,27.980833,24-02-2015,9331.0,8342.5,46218.5
-29.028629,24.638389,24-02-2015,9797.0,8518.0,45216.0
-33.13083,18.86278,24-02-2015,11501.5,9455.5,46980.5
-29.161667,23.696389,25-02-2015,9144.5,8201.0,43332.5
-27.01011111,26.69808333,25-02-2015,8651.5,8030.0,44821.5
-23.23572222,27.717,25-02-2015,,,
-22.548889,28.898056,25-02-2015,8765.5,7996.0,44339.5
-22.91028,29.61111,25-02-2015,9260.5,8096.0,
-27.937778,31.209444,25-02-2015,8905.5,8109.0,
-26.905,32.324722,25-02-2015,8052.0,7802.0,45456.0
-28.404444,30.013056,25-02-2015,10242.0,8792.5,47654.5
-30.398056,30.601944,25-02-2015,8812.5,8188.0,
-26.648056,27.089444,25-02-2015,9022.0,8202.5,45574.5
-26.98472222,26.63227778,25-02-2015,10692.5,8855.0,45523.5
-34.405833,19.600556,25-02-2015,10494.0,8918.0,45778.5
-32.94583,18.33667,25-02-2015,12601.0,10027.0,47894.5
-24.282222,28.090278,26-02-2015,8986.5,8171.0,46387.5
-23.763056,27.908611,26-02-2015,,,
-25.127778,27.628889,26-02-2015,,,
-25.20639,27.558,26-02-2015,,,
-25.73411,27.21422,26-02-2015,,,
-27.5275,30.858056,26-02-2015,9450.0,8384.5,45807.5
-27.363611,31.783333,26-02-2015,8772.0,8200.0,45985.5
-30.13573889,30.67422222,26-02-2015,11212.0,9099.0,
-28.376944,24.303056,26-02-2015,10761.0,9072.0,48195.0
-34.329722,18.990278,26-02-2015,9446.5,8531.0,44964.5
-24.69514,27.40906,27-02-2015,,,
-27.573056,24.746389,27-02-2015,9682.5,8303.5,45586.0
-27.902778,24.615556,27-02-2015,10572.0,8682.0,46768.5
-28.058889,30.373611,27-02-2015,,,
-29.803611,30.516111,27-02-2015,8909.0,8189.5,46168.5
-29.140556,31.391944,03-03-2015,11016.0,9094.0,45736.0
-26.03611,30.99778,03-03-2015,,,
-28.801278,31.955389,03-03-2015,9983.5,8953.5,42585.0
-26.970278,27.211111,03-03-2015,8208.5,7869.0,44195.5
-27.671111,27.236944,03-03-2015,10589.0,9037.0,45892.5
-34.031944,22.053333,03-03-2015,,,
-34.039722,22.133333,03-03-2015,,,
-25.45963889,28.26430556,03-03-2015,9563.5,8459.0,47042.0
-27.01011111,26.69808333,04-03-2015,8651.5,8030.0,44821.5
-25.81048333,27.90955222,04-03-2015,9496.0,8715.0,46148.5
-29.641944,30.6875,04-03-2015,8465.5,8116.0,
-28.747778,31.745833,04-03-2015,9345.5,8577.0,47628.5
-26.648056,27.089444,04-03-2015,9022.0,8202.5,45574.5
-26.880278,26.965,04-03-2015,10582.5,9096.5,46463.0
-26.98472222,26.63227778,04-03-2015,10692.5,8855.0,45523.5
-27.398611,26.614722,04-03-2015,9054.0,8071.0,45474.5
-27.671111,27.236944,04-03-2015,9964.5,8746.0,44891.5
-34.02861,22.22222,04-03-2015,,,
-27.4,26.624722,04-03-2015,8880.0,7989.5,45422.5
-29.380556,30.2775,05-03-2015,8721.5,8104.5,45403.0
-26.73806,27.59194,05-03-2015,9089.5,8230.5,43777.0
-26.45,28.085833,05-03-2015,9506.5,8280.0,45771.5
-34.005833,22.351111,05-03-2015,9583.0,8669.0,46421.0
-29.744167,29.905833,06-03-2015,,,
-27.00222,28.76528,06-03-2015,10224.5,8741.5,
-27.02314,28.59389,06-03-2015,10013.0,8833.5,44774.0
-34.250556,20.9925,17-02-2011,,,
-22.43772222,31.07805556,09-03-2015,10441.5,8469.5,48339.5
-24.99328,30.81444,09-03-2015,,,
-28.735556,29.820556,09-03-2015,,,
-26.970278,27.211111,09-03-2015,8208.5,7869.0,44195.5
-26.880278,26.965,09-03-2015,10582.5,9096.5,46463.0
-26.510278,28.351389,09-03-2015,10658.5,8718.0,46628.0
-26.73806,27.59194,09-03-2015,9089.5,8230.5,43777.0
-26.45,28.085833,09-03-2015,9506.5,8280.0,45771.5
-26.98472222,26.63227778,09-03-2015,10692.5,8855.0,45523.5
-29.160278,26.573333,09-03-2015,,,
-27.01011111,26.69808333,10-03-2015,8651.5,8030.0,44821.5
-25.20639,27.558,10-03-2015,,,
-26.861111,28.884722,10-03-2015,,,
-26.648056,27.089444,10-03-2015,9022.0,8202.5,45574.5
-27.802778,28.768333,10-03-2015,,,
-26.98472222,26.63227778,10-03-2015,10692.5,8855.0,45523.5
-28.141944,26.417778,10-03-2015,10346.5,8679.0,45802.5
-34.250556,20.9925,21-08-2013,,,
-28.1175,26.719444,10-03-2015,9866.0,8335.5,45583.0
-28.69485,28.23487,10-03-2015,8821.0,8073.5,43714.5
-29.615556,27.065278,10-03-2015,10866.0,8780.0,41299.5
-28.883333,27.89,10-03-2015,9369.0,8100.0,44465.0
-34.250556,20.9925,15-04-2014,8363.5,7829.0,44114.5
-34.250556,20.9925,20-05-2014,8064.0,7647.0,41389.5
-34.250556,20.9925,19-06-2014,,,
-34.250556,20.9925,15-07-2014,7864.0,7482.5,38645.5
-34.250556,20.9925,25-09-2014,8939.0,8132.0,43843.5
-31.396,29.2651,10-03-2015,12726.5,9606.0,46309.5
-31.554722,29.245556,10-03-2015,8720.0,8198.5,47301.5
-28.338333,31.373611,10-03-2015,11007.0,8932.0,
-28.068333,31.55,10-03-2015,9963.5,8433.5,47833.5
-29.161667,23.696389,11-03-2015,8803.0,8217.0,44206.5
-24.282222,28.090278,11-03-2015,,,
-22.769722,30.886944,11-03-2015,,,
-28.44555556,32.325,11-03-2015,9441.0,8353.0,42550.0
-27.00222,28.76528,11-03-2015,10224.5,8741.5,
-27.02314,28.59389,11-03-2015,10013.0,8833.5,44774.0
-27.273889,28.49,11-03-2015,8910.5,8174.0,43626.0
-27.4275,28.525833,11-03-2015,8233.0,8020.0,
-27.3,28.586944,11-03-2015,10319.0,8573.5,
-28.141944,26.417778,11-03-2015,10346.5,8679.0,45802.5
-28.1175,26.719444,11-03-2015,9866.0,8335.5,45583.0
-28.116667,26.725278,11-03-2015,9259.5,8117.0,45251.0
-27.671111,27.236944,11-03-2015,9964.5,8746.0,44891.5
-34.092222,21.295278,29-11-2011,,,
-34.092222,21.295278,18-04-2012,,,
-30.160091,27.40124,11-03-2015,10947.5,8769.0,45607.0
-34.092222,21.295278,12-06-2012,,,
-30.336111,27.359444,11-03-2015,10710.5,8521.5,44490.5
-30.568333,29.422778,11-03-2015,,,
-30.570833,29.150556,11-03-2015,,,
-31.104278,29.399722,11-03-2015,9200.0,8222.0,46408.0
-30.830556,26.921389,12-03-2015,9166.0,8295.0,44702.0
-24.670833,28.560833,12-03-2015,9550.0,8401.5,45568.5
-28.75,30.442778,12-03-2015,11196.5,8928.5,46752.0
-29.161667,30.629722,12-03-2015,8957.0,8142.5,45562.0
-26.619444,27.980833,12-03-2015,9513.0,8343.0,45522.5
-34.092222,21.295278,05-11-2013,,,
-27.38972222,26.46388889,12-03-2015,8804.5,8005.0,45283.0
-34.092222,21.295278,07-01-2014,10330.0,8845.0,46522.0
-28.1175,26.719444,12-03-2015,9866.0,8335.5,45583.0
-27.398611,26.614722,12-03-2015,9054.0,8071.0,45474.5
-29.160278,26.573333,12-03-2015,10344.5,8735.0,45368.5
-31.000833,26.353056,12-03-2015,,,
-30.679722,26.7125,12-03-2015,11034.0,8802.0,44850.5
-31.031389,28.883333,12-03-2015,,,
-30.86013889,29.07125,12-03-2015,,,
-30.77586667,29.03221667,12-03-2015,,,
-34.250556,20.9925,12-03-2015,9363.0,8278.0,42566.5
-28.308889,31.9025,12-03-2015,10414.0,8881.0,48746.5
-27.4,26.624722,12-03-2015,8880.0,7989.5,45422.5
-28.116667,26.725278,13-03-2015,9259.5,8117.0,45251.0
-27.573056,24.746389,13-03-2015,,,
-27.902778,24.615556,13-03-2015,,,
-29.987778,29.851667,14-03-2015,8546.5,8182.0,45078.0
-25.99136,27.84208,16-03-2015,12664.0,10234.0,44396.5
-26.45,28.085833,16-03-2015,9506.5,8280.0,45771.5
-32.502778,19.535833,16-03-2015,14116.0,10259.5,46475.5
-22.225556,29.990556,17-03-2015,9048.5,7990.5,46106.0
-24.183889,30.823889,17-03-2015,,,
-26.861111,28.884722,17-03-2015,9398.5,8429.5,44324.5
-27.802778,28.768333,17-03-2015,,,
-34.075556,20.145556,17-03-2015,11323.5,9221.5,45547.5
-32.595833,19.009444,17-03-2015,9847.5,8579.0,46008.0
-25.45963889,28.26430556,17-03-2015,9293.5,8407.0,45712.0
-25.81048333,27.90955222,18-03-2015,9442.5,8750.5,44760.5
-29.641944,30.6875,18-03-2015,8432.5,7965.5,
-26.905,32.324722,18-03-2015,8062.5,7897.5,45462.5
-29.758889,30.935278,18-03-2015,7780.0,7677.0,
-27.00222,28.76528,18-03-2015,10224.5,8741.5,
-26.619444,27.980833,18-03-2015,8661.0,8030.5,43137.5
-33.13083,18.86278,18-03-2015,12268.0,9729.5,46477.5
-27.01011111,26.69808333,19-03-2015,8443.0,7972.5,43609.5
-23.658056,31.05,19-03-2015,,,
-24.058889,31.237222,19-03-2015,,,
-27.363611,31.783333,19-03-2015,8772.0,8200.0,45985.5
-26.648056,27.089444,19-03-2015,8963.0,8174.5,44328.5
-26.970278,27.211111,19-03-2015,9290.5,7936.5,43384.5
-26.880278,26.965,19-03-2015,9411.5,8345.0,43999.0
-27.4275,28.525833,19-03-2015,8233.0,8020.0,
-26.98472222,26.63227778,19-03-2015,9387.5,8500.0,44760.5
-24.679167,30.8025,20-03-2015,,,
-29.744167,29.905833,20-03-2015,9167.0,8292.0,44923.5
-28.96362,19.15486,21-03-2015,,,
-25.49037,30.6986,23-03-2015,8504.5,8126.5,43788.0
-29.744167,29.905833,23-03-2015,9167.0,8292.0,44923.5
-26.970278,27.211111,23-03-2015,9290.5,7936.5,43384.5
-29.042222,24.6,23-03-2015,8429.0,7824.0,45098.0
-29.033333,23.983333,23-03-2015,9929.5,8334.0,46765.5
-33.501667,21.624167,23-03-2015,9146.0,8172.5,44843.5
-33.38056,19.30167,23-03-2015,10906.5,9331.5,46164.0
-27.01011111,26.69808333,24-03-2015,8443.0,7972.5,43609.5
-22.935,28.004167,24-03-2015,,,
-34.065833,20.404167,24-03-2015,8099.0,7729.0,44125.0
-23.763056,27.908611,24-03-2015,,,
-23.23572222,27.717,24-03-2015,,,
-25.127778,27.628889,24-03-2015,,,
-25.20639,27.558,24-03-2015,,,
-24.69514,27.40906,24-03-2015,,,
-25.681111,31.783333,24-03-2015,9894.5,8613.0,46242.0
-25.67386,31.57527,24-03-2015,8503.5,8136.0,45283.0
-30.733889,29.828333,24-03-2015,9380.5,8473.5,47137.0
-29.987778,29.851667,24-03-2015,8546.5,8182.0,45078.0
-26.648056,27.089444,24-03-2015,8963.0,8174.5,44328.5
-26.880278,26.965,24-03-2015,9411.5,8345.0,43999.0
-26.73806,27.59194,24-03-2015,9206.5,8297.0,43197.0
-26.45,28.085833,24-03-2015,9392.5,8300.0,44907.5
-27.273889,28.49,24-03-2015,8910.5,8174.0,43626.0
-27.3,28.586944,24-03-2015,10319.0,8573.5,
-26.98472222,26.63227778,24-03-2015,9387.5,8500.0,44760.5
-29.028629,24.638389,24-03-2015,9375.5,8177.0,45517.0
-33.31388889,19.07472222,24-03-2015,9651.0,8430.0,45243.5
-22.225556,29.990556,25-03-2015,9048.5,7990.5,46106.0
-25.436111,31.982222,25-03-2015,10615.5,9121.0,
-22.548889,28.898056,25-03-2015,8765.5,7996.0,44339.5
-22.91028,29.61111,25-03-2015,9260.5,8096.0,
-25.362222,31.956667,25-03-2015,9899.5,8522.0,
-25.14944444,31.94055556,25-03-2015,11078.5,8919.5,
-28.404444,30.013056,25-03-2015,10179.5,8874.0,46749.5
-30.398056,30.601944,25-03-2015,8812.5,8188.0,
-27.169444,29.233889,25-03-2015,9378.5,8390.0,44327.0
-26.861111,28.884722,25-03-2015,9398.5,8429.5,44324.5
-27.00222,28.76528,25-03-2015,10224.5,8741.5,
-27.4275,28.525833,25-03-2015,8233.0,8020.0,
-34.405833,19.600556,25-03-2015,,,
-32.94583,18.33667,25-03-2015,11637.0,9415.0,45765.5
-25.57877778,29.12747222,25-03-2015,9695.5,8202.0,45268.0
-26.03611,30.99778,26-03-2015,8811.0,8091.0,43629.5
-27.937778,31.209444,26-03-2015,8905.5,8109.0,
-30.13573889,30.67422222,26-03-2015,11212.0,9099.0,
-26.619444,27.980833,26-03-2015,8661.0,8030.5,43137.5
-28.376944,24.303056,26-03-2015,10700.5,9097.0,47777.0
-34.329722,18.990278,26-03-2015,,,
-33.897778,20.012778,26-03-2015,,,
-27.573056,24.746389,27-03-2015,,,
-27.902778,24.615556,27-03-2015,,,
-29.803611,30.516111,27-03-2015,8670.5,8157.5,43558.5
-25.99136,27.84208,30-03-2015,9161.5,8378.0,44340.0
-29.380556,30.2775,30-03-2015,8893.0,8126.0,43667.5
-29.140556,31.391944,31-03-2015,10856.5,8615.5,44047.5
-28.801278,31.955389,31-03-2015,9983.5,8953.5,42585.0
-26.45,28.085833,31-03-2015,9392.5,8300.0,44907.5
-25.45963889,28.26430556,31-03-2015,9293.5,8407.0,45712.0
-34.031944,22.053333,04-12-2014,8671.0,7989.0,45146.0
-29.161667,23.696389,01-04-2015,,,
-25.81048333,27.90955222,01-04-2015,9442.5,8750.5,44760.5
-28.747778,31.745833,01-04-2015,9416.5,8616.5,45581.5
-26.861111,28.884722,01-04-2015,9497.5,8784.5,45707.5
-27.00222,28.76528,01-04-2015,10224.5,8741.5,
-29.033333,23.983333,01-04-2015,,,
-29.744167,29.905833,02-04-2015,,,
-28.96362,19.15486,04-04-2015,,,
-34.039722,22.133333,19-01-2011,,,
-25.127778,27.628889,07-04-2015,10518.0,8837.0,44789.0
-25.20639,27.558,07-04-2015,9575.5,8508.0,43524.5
-24.69514,27.40906,07-04-2015,9641.0,8518.0,44619.0
-24.99328,30.81444,07-04-2015,,,
-28.735556,29.820556,07-04-2015,9190.5,8388.5,42854.0
-26.73806,27.59194,07-04-2015,9206.5,8297.0,43197.0
-27.398611,26.614722,07-04-2015,,,
-27.671111,27.236944,07-04-2015,,,
-31.396,29.2651,07-04-2015,13351.0,9703.5,43610.5
-31.554722,29.245556,07-04-2015,8624.5,8159.5,44389.5
-28.338333,31.373611,07-04-2015,10742.5,8916.5,
-28.068333,31.55,07-04-2015,9554.0,8353.0,44655.0
-25.73411,27.21422,08-04-2015,9993.5,8606.0,43947.5
-27.169444,29.233889,08-04-2015,9378.5,8390.0,44327.0
-26.861111,28.884722,08-04-2015,9497.5,8784.5,45707.5
-26.98472222,26.63227778,08-04-2015,,,
-27.398611,26.614722,08-04-2015,,,
-30.568333,29.422778,08-04-2015,,,
-30.570833,29.150556,08-04-2015,,,
-31.104278,29.399722,08-04-2015,,,
-34.031944,22.053333,08-04-2015,7978.0,7525.0,43380.0
-27.4,26.624722,08-04-2015,,,
-27.01011111,26.69808333,09-04-2015,,,
-24.768889,31.39,09-04-2015,,,
-28.44555556,32.325,04-06-2015,9441.0,8353.0,42550.0
-27.602222,29.942778,09-04-2015,9148.5,8285.0,45330.0
-28.75,30.442778,09-04-2015,10704.5,8853.5,44515.0
-29.161667,30.629722,09-04-2015,9278.0,8236.5,43686.0
-26.648056,27.089444,09-04-2015,8963.0,8174.5,44328.5
-26.970278,27.211111,09-04-2015,,,
-26.880278,26.965,09-04-2015,,,
-28.376944,24.303056,09-04-2015,,,
-29.1825,23.575556,09-04-2015,,,
-31.031389,28.883333,09-04-2015,,,
-30.86013889,29.07125,09-04-2015,,,
-30.77586667,29.03221667,09-04-2015,,,
-28.308889,31.9025,09-04-2015,9316.0,8422.0,45056.0
-27.671111,27.236944,10-04-2015,,,
-27.573056,24.746389,10-04-2015,,,
-34.039722,22.133333,08-04-2015,8834.5,7926.5,43720.5
-27.902778,24.615556,10-04-2015,,,
-34.02861,22.22222,10-04-2015,8287.0,7687.0,43043.0
-24.679167,30.8025,13-04-2015,,,
-25.99136,27.84208,13-04-2015,9414.0,8403.5,43695.0
-34.02861,22.22222,20-01-2011,,,
-34.02861,22.22222,17-03-2011,,,
-34.02861,22.22222,19-04-2011,,,
-34.02861,22.22222,19-05-2011,,,
-34.02861,22.22222,14-06-2011,,,
-26.970278,27.211111,13-04-2015,,,
-26.45,28.085833,13-04-2015,9392.5,8300.0,44907.5
-34.02861,22.22222,12-10-2011,,,
-28.1175,26.719444,13-04-2015,,,
-28.116667,26.725278,13-04-2015,,,
-33.818056,19.694722,13-04-2015,,,
-27.01011111,26.69808333,14-04-2015,,,
-34.02861,22.22222,24-04-2012,,,
-34.02861,22.22222,26-06-2012,,,
-24.058889,31.237222,14-04-2015,,,
-25.681111,31.783333,14-04-2015,9888.5,8366.0,45103.5
-34.02861,22.22222,11-10-2012,,,
-25.362222,31.956667,14-04-2015,10335.0,8724.0,
-34.02861,22.22222,06-12-2012,,,
-34.02861,22.22222,07-01-2013,,,
-25.398889,31.610556,14-04-2015,10613.5,9032.0,46139.0
-34.02861,22.22222,06-02-2013,,,
-34.02861,22.22222,07-03-2013,,,
-26.861111,28.884722,14-04-2015,13270.0,10105.0,39099.0
-26.648056,27.089444,14-04-2015,8963.0,8174.5,44328.5
-34.02861,22.22222,05-06-2013,8610.5,7806.0,40869.5
-34.02861,22.22222,03-07-2013,8610.5,7806.0,40869.5
-26.98472222,26.63227778,14-04-2015,,,
-27.935,26.126667,14-04-2015,,,
-28.141944,26.417778,14-04-2015,,,
-28.1175,26.719444,14-04-2015,,,
-34.02861,22.22222,13-12-2013,,,
-29.160278,26.573333,14-04-2015,,,
-28.69485,28.23487,14-04-2015,27232.5,25507.5,34603.0
-28.883333,27.89,14-04-2015,9547.0,8285.5,43240.5
-34.02861,22.22222,03-04-2014,8170.0,7716.5,43991.0
-34.02861,22.22222,08-05-2014,8104.0,7686.5,41832.5
-34.02861,22.22222,04-06-2014,8384.5,7820.0,40478.0
-34.075556,20.145556,14-04-2015,,,
-32.595833,19.009444,14-04-2015,,,
-25.45963889,28.26430556,14-04-2015,,,
-34.02861,22.22222,12-01-2015,28333.0,28667.5,26012.5
-34.02861,22.22222,29-01-2015,9225.0,8490.0,45115.5
-25.81048333,27.90955222,15-04-2015,9343.0,8679.0,43166.5
-22.935,28.004167,15-04-2015,10458.0,8703.0,44293.0
-29.641944,30.6875,15-04-2015,8391.0,7882.0,
-23.23572222,27.717,15-04-2015,9332.0,8058.0,44228.5
-22.548889,28.898056,15-04-2015,8765.5,7996.0,44339.5
-22.91028,29.61111,15-04-2015,9260.5,8096.0,
-22.769722,30.886944,15-04-2015,,,
-34.02861,22.22222,04-11-2015,8236.0,7718.0,43567.0
-25.49037,30.6986,15-04-2015,,,
-25.513889,31.224444,15-04-2015,9071.0,8427.5,43666.5
-27.00222,28.76528,15-04-2015,7647.5,5919.0,
-27.38972222,26.46388889,15-04-2015,,,
-27.398611,26.614722,15-04-2015,,,
-30.160091,27.40124,15-04-2015,9954.0,8466.5,43206.0
-30.336111,27.359444,15-04-2015,10166.5,8420.5,42015.0
-29.615556,27.065278,15-04-2015,10907.5,8641.0,43640.0
-34.092222,21.295278,15-04-2015,10067.5,8696.0,44712.0
-25.447222,30.711667,15-04-2015,,,
-29.641944,30.6875,16-04-2015,8391.0,7882.0,
-30.830556,26.921389,16-04-2015,9424.0,8388.0,43000.0
-24.282222,28.090278,16-04-2015,8843.0,8185.0,43857.5
-23.763056,27.908611,16-04-2015,8615.0,7934.5,43419.5
-27.671111,27.236944,16-04-2015,,,
-31.000833,26.353056,16-04-2015,9548.0,8276.0,41202.0
-30.679722,26.7125,16-04-2015,10434.0,8582.0,41579.0
-34.405833,19.600556,13-02-2013,,,
-34.405833,19.600556,13-03-2013,,,
-34.405833,19.600556,10-04-2013,,,
-34.405833,19.600556,08-05-2013,,,
-34.250556,20.9925,16-04-2015,8611.5,8018.5,43988.5
-33.13083,18.86278,16-04-2015,,,
-29.744167,29.905833,17-04-2015,8996.0,8355.0,42362.0
-29.658056,25.973333,17-04-2015,9959.0,8598.0,43106.5
-34.405833,19.600556,25-09-2013,,,
-29.7775,29.470833,20-04-2015,8868.0,8177.5,41910.5
-29.987778,29.851667,20-04-2015,8445.0,8038.5,41757.5
-29.744167,29.905833,20-04-2015,8996.0,8355.0,42362.0
-34.405833,19.600556,12-02-2014,,,
-34.405833,19.600556,12-03-2014,,,
-33.38056,19.30167,20-04-2015,,,
-28.760833,17.730278,21-04-2015,8248.0,7893.0,43401.5
-34.065833,20.404167,21-04-2015,8037.0,7659.0,41260.0
-25.127778,27.628889,21-04-2015,10518.0,8837.0,44789.0
-25.20639,27.558,21-04-2015,9575.5,8508.0,43524.5
-24.39619444,27.08983333,21-04-2015,9069.0,8245.5,44069.0
-24.69514,27.40906,21-04-2015,9641.0,8518.0,44619.0
-26.03611,30.99778,21-04-2015,,,
-27.937778,31.209444,21-04-2015,8724.5,8034.5,
-30.733889,29.828333,21-04-2015,9103.5,8310.0,43721.5
-26.98472222,26.63227778,21-04-2015,9998.5,8786.0,43676.0
-33.31388889,19.07472222,21-04-2015,,,
-27.01011111,26.69808333,22-04-2015,8569.0,8005.0,42547.0
-28.404444,30.013056,22-04-2015,9811.0,8653.0,44711.0
-30.398056,30.601944,22-04-2015,8618.5,8166.5,
-34.329722,18.990278,06-07-2011,,,
-26.648056,27.089444,22-04-2015,9603.5,8481.0,43855.0
-34.329722,18.990278,28-09-2011,,,
-34.329722,18.990278,25-10-2011,,,
-34.329722,18.990278,24-11-2011,,,
-34.329722,18.990278,22-12-2011,,,
-26.970278,27.211111,22-04-2015,8283.5,7818.5,41743.5
-26.880278,26.965,22-04-2015,10136.5,8758.0,43630.5
-34.329722,18.990278,04-04-2012,,,
-34.329722,18.990278,03-05-2012,,,
-34.329722,18.990278,24-05-2012,,,
-34.329722,18.990278,19-07-2012,,,
-34.329722,18.990278,16-08-2012,,,
-34.405833,19.600556,22-04-2015,,,
-34.329722,18.990278,11-10-2012,,,
-33.7075,18.97444444,22-04-2015,,,
-28.058889,30.373611,22-04-2015,9312.5,8423.0,44384.0
-25.57877778,29.12747222,22-04-2015,,,
-27.5275,30.858056,23-04-2015,9301.5,8268.5,43536.0
-30.13573889,30.67422222,23-04-2015,11256.5,8977.0,
-34.329722,18.990278,11-04-2013,,,
-34.329722,18.990278,09-05-2013,,,
-34.329722,18.990278,06-06-2013,,,
-28.376944,24.303056,23-04-2015,10396.5,8963.5,44764.0
-34.329722,18.990278,01-08-2013,,,
-34.329722,18.990278,29-08-2013,,,
-34.329722,18.990278,26-09-2013,,,
-34.329722,18.990278,23-04-2015,,,
-34.329722,18.990278,23-01-2014,,,
-32.94583,18.33667,23-04-2015,,,
-33.897778,20.012778,23-04-2015,8269.0,7690.0,41930.0
-27.573056,24.746389,24-04-2015,9462.0,8328.5,44827.0
-27.902778,24.615556,24-04-2015,11008.5,8940.5,45102.5
-33.870833,20.003333,27-04-2015,10200.5,8859.0,42426.5
-29.140556,31.391944,28-04-2015,,,
-25.99136,27.84208,28-04-2015,9414.0,8403.5,43695.0
-28.801278,31.955389,28-04-2015,9983.5,8953.5,42585.0
-26.970278,27.211111,28-04-2015,8283.5,7818.5,41743.5
-26.73806,27.59194,28-04-2015,9843.0,8065.5,37490.0
-26.45,28.085833,28-04-2015,,,
-33.501667,21.624167,28-04-2015,,,
-28.760833,17.730278,29-04-2015,,,
-34.329722,18.990278,25-06-2015,,,
-34.329722,18.990278,23-07-2015,10043.0,9106.0,40182.0
-34.329722,18.990278,27-08-2015,10043.0,9106.0,40182.0
-34.329722,18.990278,01-10-2015,9113.0,8398.0,42257.0
-28.7115,24.07288889,29-04-2015,9962.5,8283.0,43811.5
-27.01011111,26.69808333,29-04-2015,8569.0,8005.0,42547.0
-25.73411,27.21422,29-04-2015,9993.5,8606.0,43947.5
-28.747778,31.745833,29-04-2015,,,
-26.861111,28.884722,29-04-2015,13270.0,10105.0,39099.0
-27.00222,28.76528,29-04-2015,7647.5,5919.0,
-26.648056,27.089444,29-04-2015,9603.5,8481.0,43855.0
-26.880278,26.965,29-04-2015,10136.5,8758.0,43630.5
-26.98472222,26.63227778,29-04-2015,9998.5,8786.0,43676.0
-27.935,26.126667,29-04-2015,10613.5,8654.0,43195.0
-28.141944,26.417778,29-04-2015,10419.5,8851.0,43365.0
-28.1175,26.719444,29-04-2015,9851.0,8452.0,42640.0
-29.1825,23.575556,29-04-2015,9184.0,8573.5,42526.0
-25.45963889,28.26430556,29-04-2015,,,
-25.81048333,27.90955222,30-04-2015,9343.0,8679.0,43166.5
-29.744167,29.905833,30-04-2015,9508.5,8542.5,42720.0
-29.380556,30.2775,30-04-2015,,,
-27.602222,29.942778,01-05-2015,9645.5,8339.5,44031.0
-28.735556,29.820556,04-05-2015,9190.5,8388.5,42854.0
-26.510278,28.351389,04-05-2015,,,
-26.73806,27.59194,04-05-2015,,,
-27.671111,27.236944,04-05-2015,,,
-25.127778,27.628889,05-05-2015,10518.0,8837.0,44789.0
-25.20639,27.558,05-05-2015,9575.5,8508.0,43524.5
-24.69514,27.40906,05-05-2015,9641.0,8518.0,44619.0
-27.169444,29.233889,05-05-2015,10026.0,8691.0,42728.0
-27.802778,28.768333,05-05-2015,9442.5,8425.0,
-27.398611,26.614722,05-05-2015,8800.5,8015.0,42786.5
-34.031944,22.053333,05-05-2015,,,
-34.039722,22.133333,05-05-2015,,,
-28.338333,31.373611,05-05-2015,,,
-28.068333,31.55,05-05-2015,,,
-27.4,26.624722,05-05-2015,9121.5,8402.5,42872.5
-27.01011111,26.69808333,06-05-2015,8569.0,8005.0,42547.0
-29.641944,30.6875,06-05-2015,,,
-24.39619444,27.08983333,06-05-2015,9069.0,8245.5,44069.0
-28.75,30.442778,06-05-2015,,,
-27.02314,28.59389,06-05-2015,,,
-26.648056,27.089444,06-05-2015,9589.0,8425.5,43853.5
-26.970278,27.211111,06-05-2015,8283.5,7818.5,41743.5
-26.880278,26.965,06-05-2015,10150.5,8784.0,43455.0
-27.4275,28.525833,06-05-2015,,,
-27.3,28.586944,06-05-2015,,,
-26.98472222,26.63227778,06-05-2015,9998.5,8786.0,43676.0
-33.870833,20.003333,31-03-2011,,,
-33.870833,20.003333,23-08-2011,,,
-33.870833,20.003333,20-09-2011,,,
-33.870833,20.003333,26-10-2011,,,
-33.870833,20.003333,16-11-2011,,,
-33.870833,20.003333,02-04-2012,,,
-33.870833,20.003333,01-05-2012,,,
-33.870833,20.003333,22-05-2012,,,
-33.870833,20.003333,19-06-2012,,,
-34.005833,22.351111,06-05-2015,,,
-33.870833,20.003333,10-09-2012,,,
-33.870833,20.003333,08-10-2012,,,
-33.870833,20.003333,05-11-2012,,,
-33.870833,20.003333,06-02-2013,,,
-33.870833,20.003333,12-02-2013,,,
-33.870833,20.003333,11-03-2013,,,
-33.870833,20.003333,08-04-2013,,,
-33.870833,20.003333,03-06-2013,9745.0,8509.5,41090.5
-33.870833,20.003333,29-07-2013,37193.0,39341.5,39234.0
-33.870833,20.003333,29-08-2013,10356.5,8874.0,43488.0
-33.870833,20.003333,23-09-2013,10591.5,8874.0,43215.5
-33.870833,20.003333,21-10-2013,10909.5,8133.5,40822.0
-28.44555556,32.325,30-06-2015,9441.0,8353.0,42550.0
-33.870833,20.003333,20-01-2014,,,
-33.870833,20.003333,10-02-2014,,,
-33.870833,20.003333,10-03-2014,9046.0,8195.5,44816.0
-33.870833,20.003333,07-04-2014,,,
-33.870833,20.003333,19-05-2014,,,
-33.870833,20.003333,26-06-2014,9982.5,8417.0,40154.0
-33.870833,20.003333,31-07-2014,,,
-33.870833,20.003333,04-09-2014,10090.5,8615.0,42861.5
-33.870833,20.003333,02-10-2014,9714.0,8652.5,45516.0
-33.870833,20.003333,26-02-2015,9856.5,8580.5,45509.0
-29.161667,30.629722,07-05-2015,,,
-33.870833,20.003333,25-06-2015,10590.0,8793.0,41425.5
-33.870833,20.003333,23-07-2015,9817.0,8395.0,40185.0
-33.870833,20.003333,27-08-2015,,,
-33.870833,20.003333,29-10-2015,,,
-33.870833,20.003333,03-12-2015,10091.5,8519.5,46177.5
-26.619444,27.980833,07-05-2015,,,
-27.573056,24.746389,07-05-2015,9951.0,8383.5,44299.0
-28.376944,24.303056,07-05-2015,,,
-34.02861,22.22222,07-05-2015,,,
-28.308889,31.9025,07-05-2015,,,
-27.902778,24.615556,08-05-2015,11893.5,9153.5,44622.5
-28.058889,30.373611,10-05-2015,9706.0,8647.5,42868.5
-29.161667,23.696389,11-05-2015,9973.5,9078.0,40299.5
-24.058889,31.237222,11-05-2015,9352.0,8291.0,44604.5
-25.49037,30.6986,11-05-2015,8425.0,8063.0,43976.0
-24.99328,30.81444,11-05-2015,9050.0,7981.0,43375.5
-26.648056,27.089444,11-05-2015,10525.0,8692.5,43714.5
-26.970278,27.211111,11-05-2015,8283.5,7818.5,41743.5
-26.880278,26.965,11-05-2015,10873.0,8885.0,43327.5
-29.160278,26.573333,11-05-2015,10771.0,8786.0,43422.0
-31.396,29.2651,11-05-2015,10172.0,9084.5,42738.5
-31.554722,29.245556,11-05-2015,8947.0,8211.0,43468.5
-33.818056,19.694722,11-05-2015,9145.5,8246.5,41873.5
-32.502778,19.535833,11-05-2015,,,
-25.447222,30.711667,11-05-2015,8809.5,8185.0,43648.0
-33.818056,19.694722,03-06-2013,8276.5,7748.5,40142.0
-33.818056,19.694722,29-07-2013,,,
-28.7115,24.07288889,12-05-2015,10080.5,8442.0,43211.0
-27.01011111,26.69808333,12-05-2015,8569.0,8005.0,42547.0
-25.81048333,27.90955222,12-05-2015,9549.0,8602.5,43394.5
-25.99136,27.84208,12-05-2015,10076.0,8576.0,43563.5
-25.681111,31.783333,12-05-2015,,,
-25.67386,31.57527,12-05-2015,,,
-25.513889,31.224444,12-05-2015,,,
-24.768889,31.39,12-05-2015,12270.5,9993.0,44650.0
-24.9675,31.516667,12-05-2015,12373.0,8940.5,43294.0
-27.363611,31.783333,12-05-2015,,,
-26.73806,27.59194,12-05-2015,9276.5,8009.5,41196.5
-26.45,28.085833,12-05-2015,,,
-26.98472222,26.63227778,12-05-2015,9998.5,8786.0,43676.0
-28.69485,28.23487,12-05-2015,8874.0,7977.0,41087.5
-29.615556,27.065278,12-05-2015,10040.0,8273.5,41895.5
-28.883333,27.89,12-05-2015,9332.0,8171.5,41810.5
-29.1825,23.575556,12-05-2015,8927.5,8089.0,40836.5
-30.570833,29.150556,12-05-2015,9983.5,8506.0,42265.5
-31.104278,29.399722,12-05-2015,8953.0,8251.0,42318.0
-34.075556,20.145556,12-05-2015,10962.5,9112.5,42856.5
-32.595833,19.009444,12-05-2015,,,
-34.075556,20.145556,26-01-2011,,,
-34.075556,20.145556,23-02-2011,,,
-25.436111,31.982222,13-05-2015,10430.5,8825.0,
-25.362222,31.956667,13-05-2015,13807.5,10459.0,
-34.075556,20.145556,28-06-2011,,,
-25.398889,31.610556,13-05-2015,,,
-25.14944444,31.94055556,13-05-2015,9185.5,8005.0,
-26.861111,28.884722,13-05-2015,10847.0,8957.5,44232.5
-27.273889,28.49,13-05-2015,9118.0,8062.0,41879.0
-27.802778,28.768333,13-05-2015,9354.5,8317.0,
-27.935,26.126667,13-05-2015,10613.5,8654.0,43195.0
-30.160091,27.40124,13-05-2015,10518.0,8555.0,41690.5
-30.336111,27.359444,13-05-2015,10070.5,8731.0,41093.0
-30.568333,29.422778,13-05-2015,9264.0,8308.0,41275.5
-31.031389,28.883333,13-05-2015,13221.5,10246.5,40968.0
-30.86013889,29.07125,13-05-2015,9945.0,8610.5,40492.5
-30.77586667,29.03221667,13-05-2015,10637.0,8646.5,40474.0
-33.38056,19.30167,13-05-2015,,,
-33.08883333,19.21878333,13-05-2015,,,
-25.45963889,28.26430556,13-05-2015,,,
-29.641944,30.6875,14-05-2015,8720.0,7997.0,
-30.830556,26.921389,14-05-2015,9248.5,8296.0,41866.0
-24.282222,28.090278,14-05-2015,,,
-23.658056,31.05,14-05-2015,9582.0,8264.5,45004.5
-27.273889,28.49,14-05-2015,9118.0,8062.0,41879.0
-31.000833,26.353056,14-05-2015,9963.0,8401.0,41639.0
-30.534167,24.961944,14-05-2015,,,
-33.7075,18.97444444,14-05-2015,,,
-29.744167,29.905833,15-05-2015,9587.5,8407.0,41946.0
-29.7775,29.470833,18-05-2015,10616.5,8772.5,39778.5
-29.744167,29.905833,18-05-2015,10465.5,8790.5,39588.5
-34.065833,20.404167,19-05-2015,8280.0,7815.0,41255.0
-34.075556,20.145556,23-09-2013,,,
-24.679167,30.8025,19-05-2015,9570.5,8194.5,42439.0
-25.127778,27.628889,19-05-2015,10791.0,9298.0,44734.5
-25.20639,27.558,19-05-2015,9690.5,8159.0,43600.5
-24.39619444,27.08983333,19-05-2015,9226.5,8356.0,44035.5
-24.69514,27.40906,19-05-2015,9929.0,8653.0,44887.0
-30.733889,29.828333,19-05-2015,9118.5,8272.0,42948.0
-29.987778,29.851667,19-05-2015,9937.5,8681.5,38341.5
-27.02314,28.59389,19-05-2015,,,
-28.141944,26.417778,19-05-2015,,,
-28.1175,26.719444,19-05-2015,,,
-34.092222,21.295278,19-05-2015,,,
-33.31388889,19.07472222,19-05-2015,,,
-29.161667,23.696389,20-05-2015,,,
-22.225556,29.990556,20-05-2015,,,
-24.183889,30.823889,20-05-2015,9273.5,8262.5,44115.0
-24.058889,31.237222,20-05-2015,9380.5,8400.0,44686.0
-26.03611,30.99778,20-05-2015,,,
-34.075556,20.145556,09-06-2015,10417.5,8787.5,40771.5
-27.937778,31.209444,20-05-2015,9034.0,8144.5,
-28.404444,30.013056,20-05-2015,9539.0,8379.5,42985.0
-32.595833,19.009444,17-03-2011,,,
-32.595833,19.009444,13-04-2011,,,
-26.880278,26.965,20-05-2015,10873.0,8885.0,43327.5
-32.595833,19.009444,14-06-2011,,,
-32.595833,19.009444,15-07-2011,,,
-32.595833,19.009444,11-08-2011,,,
-32.595833,19.009444,05-10-2011,,,
-28.96362,19.15486,20-05-2015,9192.0,8062.5,42732.5
-34.405833,19.600556,20-05-2015,9879.0,8643.5,39829.5
-33.13083,18.86278,20-05-2015,,,
-27.5275,30.858056,21-05-2015,10063.5,8540.0,42902.5
-30.13573889,30.67422222,21-05-2015,9100.5,8218.5,
-32.595833,19.009444,10-04-2012,,,
-32.595833,19.009444,08-05-2012,,,
-27.38972222,26.46388889,21-05-2015,,,
-32.595833,19.009444,24-07-2012,,,
-32.595833,19.009444,22-08-2012,,,
-27.398611,26.614722,21-05-2015,,,
-28.376944,24.303056,21-05-2015,,,
-34.250556,20.9925,21-05-2015,,,
-34.329722,18.990278,21-05-2015,,,
-32.94583,18.33667,21-05-2015,,,
-27.4,26.624722,21-05-2015,,,
-27.902778,24.615556,22-05-2015,13098.5,9663.5,41206.0
-29.803611,30.516111,22-05-2015,9107.5,8303.5,42318.5
-33.501667,21.624167,23-05-2015,,,
-25.99136,27.84208,25-05-2015,,,
-26.970278,27.211111,25-05-2015,,,
-32.595833,19.009444,20-08-2013,,,
-26.880278,26.965,25-05-2015,,,
-32.595833,19.009444,08-10-2013,,,
-26.73806,27.59194,25-05-2015,,,
-26.45,28.085833,25-05-2015,11310.5,9113.5,44537.0
-27.01011111,26.69808333,26-05-2015,,,
-29.380556,30.2775,26-05-2015,9559.5,8338.0,42364.5
-26.861111,28.884722,26-05-2015,11005.5,9145.5,43910.5
-26.648056,27.089444,26-05-2015,,,
-32.595833,19.009444,24-06-2014,8608.5,7704.5,40140.0
-32.595833,19.009444,23-09-2014,8781.5,7967.5,44237.5
-26.98472222,26.63227778,26-05-2015,,,
-28.141944,26.417778,26-05-2015,,,
-25.45963889,28.26430556,26-05-2015,9720.5,8575.5,44338.0
-25.81048333,27.90955222,27-05-2015,9664.0,8774.0,42758.0
-32.595833,19.009444,09-06-2015,,,
-32.595833,19.009444,21-07-2015,9155.5,8134.5,39208.5
-32.595833,19.009444,18-08-2015,,,
-22.225556,29.990556,27-05-2015,9096.5,8002.0,43736.0
-24.282222,28.090278,27-05-2015,9048.0,8279.0,43983.0
-28.747778,31.745833,27-05-2015,9468.5,8497.0,44087.0
-27.00222,28.76528,27-05-2015,10662.0,8969.5,
-27.273889,28.49,27-05-2015,9239.5,8355.5,41690.5
-29.033333,23.983333,27-05-2015,,,
-33.08883333,19.21878333,15-10-2013,,,
-25.57877778,29.12747222,28-05-2015,10541.5,8572.5,42884.5
-29.744167,29.905833,29-05-2015,10136.5,8668.5,42080.5
-28.768056,20.720556,29-05-2015,9502.5,8547.0,42317.5
-22.225556,29.990556,01-06-2015,9096.5,8002.0,43736.0
-33.08883333,19.21878333,23-06-2014,9469.0,8228.0,39850.0
-26.510278,28.351389,01-06-2015,10669.0,8776.5,43776.0
-33.08883333,19.21878333,12-08-2014,9752.0,8471.0,41541.0
-33.08883333,19.21878333,10-09-2014,9702.5,8663.0,41780.5
-33.08883333,19.21878333,22-10-2014,10495.0,8973.5,45071.5
-33.08883333,19.21878333,20-11-2014,10469.0,8917.5,46293.0
-33.08883333,19.21878333,14-01-2015,,,
-33.08883333,19.21878333,18-02-2015,,,
-33.08883333,19.21878333,19-03-2015,10309.5,8861.0,45526.5
-33.08883333,19.21878333,15-04-2015,,,
-27.671111,27.236944,01-06-2015,9867.0,8362.5,42383.5
-33.08883333,19.21878333,19-08-2015,,,
-33.08883333,19.21878333,16-09-2015,10319.0,9003.5,43020.0
-30.568333,29.422778,01-06-2015,9522.0,8505.0,42967.0
-33.08883333,19.21878333,25-11-2015,10503.5,8920.0,44967.5
-31.396,29.2651,01-06-2015,9986.5,9246.5,42192.5
-25.127778,27.628889,02-06-2015,,,
-25.20639,27.558,02-06-2015,,,
-32.502778,19.535833,13-06-2011,,,
-24.69514,27.40906,02-06-2015,,,
-27.935,26.126667,02-06-2015,,,
-28.1175,26.719444,02-06-2015,,,
-27.398611,26.614722,02-06-2015,,,
-30.160091,27.40124,02-06-2015,10819.5,8960.5,41665.0
-30.336111,27.359444,02-06-2015,9826.5,8595.5,40418.5
-31.104278,29.399722,02-06-2015,9090.0,8221.5,41712.5
-32.502778,19.535833,27-07-2012,,,
-34.031944,22.053333,02-06-2015,,,
-34.039722,22.133333,02-06-2015,,,
-34.02861,22.22222,02-06-2015,,,
-28.338333,31.373611,02-06-2015,10778.5,8648.5,
-28.068333,31.55,02-06-2015,9953.0,8351.0,43484.0
-27.4,26.624722,02-06-2015,,,
-30.830556,26.921389,03-06-2015,9301.5,8235.5,41453.0
-24.670833,28.560833,03-06-2015,9913.5,8529.0,44295.5
-24.39619444,27.08983333,03-06-2015,,,
-28.75,30.442778,03-06-2015,10041.5,8636.5,42597.5
-29.161667,30.629722,03-06-2015,9859.0,8373.5,42250.5
-27.802778,28.768333,03-06-2015,9449.5,8272.5,
-31.000833,26.353056,03-06-2015,9416.0,8298.0,40726.0
-30.679722,26.7125,03-06-2015,10077.0,8581.0,41266.0
-30.570833,29.150556,03-06-2015,,,
-28.058889,30.373611,03-06-2015,9551.0,8515.5,40901.5
-28.760833,17.730278,04-06-2015,,,
-32.502778,19.535833,09-06-2014,11404.0,9116.0,39973.5
-28.44555556,32.325,28-07-2015,,,
-27.273889,28.49,04-06-2015,9239.5,8355.5,41690.5
-27.573056,24.746389,04-06-2015,10565.0,8656.0,42237.0
-28.376944,24.303056,04-06-2015,,,
-31.031389,28.883333,04-06-2015,,,
-30.86013889,29.07125,04-06-2015,,,
-32.502778,19.535833,13-04-2015,13547.5,9972.5,46090.0
-30.77586667,29.03221667,04-06-2015,,,
-32.502778,19.535833,08-06-2015,,,
-27.902778,24.615556,05-06-2015,13098.5,9663.5,41206.0
-32.502778,19.535833,17-08-2015,,,
-31.554722,29.245556,05-06-2015,9252.0,8481.0,43079.0
-32.502778,19.535833,19-10-2015,,,
-25.99136,27.84208,08-06-2015,10075.5,8470.5,41708.0
-31.5653,18.3306,05-01-2011,,,
-31.5653,18.3306,09-02-2011,,,
-31.5653,18.3306,16-03-2011,,,
-31.5653,18.3306,12-04-2011,,,
-26.970278,27.211111,08-06-2015,8177.5,7749.0,39746.0
-26.880278,26.965,08-06-2015,11235.0,9085.0,41432.0
-26.73806,27.59194,08-06-2015,9433.0,8454.0,40058.0
-26.45,28.085833,08-06-2015,32553.5,30648.5,38294.5
-33.818056,19.694722,08-06-2015,8676.0,7964.0,39868.0
-31.5653,18.3306,09-11-2011,,,
-31.5653,18.3306,21-12-2011,,,
-31.5653,18.3306,17-01-2012,,,
-31.5653,18.3306,15-02-2012,,,
-31.5653,18.3306,13-03-2012,,,
-31.5653,18.3306,17-04-2012,,,
-31.5653,18.3306,17-05-2012,,,
-31.5653,18.3306,29-05-2012,,,
-27.01011111,26.69808333,09-06-2015,8803.0,8070.0,40251.5
-25.73411,27.21422,09-06-2015,10205.5,8644.5,41879.5
-27.363611,31.783333,09-06-2015,8353.5,7930.5,41516.5
-26.861111,28.884722,09-06-2015,11103.0,8904.0,41293.5
-31.5653,18.3306,23-10-2012,,,
-31.5653,18.3306,13-11-2012,,,
-31.5653,18.3306,04-12-2012,,,
-31.5653,18.3306,26-03-2013,9348.0,8216.0,44584.0
-31.5653,18.3306,23-04-2013,,,
-31.5653,18.3306,21-05-2013,9381.0,8482.5,40975.5
-27.00222,28.76528,09-06-2015,10662.0,8969.5,
-27.02314,28.59389,09-06-2015,9425.0,8457.0,42443.0
-31.5653,18.3306,28-01-2014,,,
-31.5653,18.3306,12-02-2014,9680.0,8277.0,45353.0
-31.5653,18.3306,04-03-2014,,,
-31.5653,18.3306,01-04-2014,,,
-31.5653,18.3306,13-05-2014,,,
-26.648056,27.089444,09-06-2015,10724.5,8791.0,41334.0
-26.98472222,26.63227778,09-06-2015,11113.5,9199.0,41447.5
-27.935,26.126667,09-06-2015,10675.0,8792.5,40180.0
-28.141944,26.417778,09-06-2015,10266.5,8813.5,40400.0
-31.5653,18.3306,21-10-2014,11336.0,8911.0,46592.5
-31.5653,18.3306,25-11-2014,9914.0,8870.0,46860.5
-31.5653,18.3306,27-01-2015,,,
-31.5653,18.3306,17-02-2015,,,
-31.5653,18.3306,17-03-2015,,,
-31.5653,18.3306,14-04-2015,9769.0,8321.0,45654.5
-31.5653,18.3306,12-05-2015,,,
-31.5653,18.3306,09-06-2015,,,
-28.1175,26.719444,09-06-2015,10011.0,8577.5,39960.0
-29.160278,26.573333,09-06-2015,10392.0,8745.5,40203.0
-31.5653,18.3306,15-09-2015,11218.5,9063.0,45308.5
-31.5653,18.3306,20-10-2015,,,
-31.5653,18.3306,24-11-2015,9971.0,8773.0,46387.0
-32.601389,18.750556,10-05-2011,,,
-32.601389,18.750556,13-06-2011,,,
-32.601389,18.750556,12-07-2011,,,
-32.601389,18.750556,10-08-2011,,,
-32.601389,18.750556,06-09-2011,,,
-32.601389,18.750556,03-11-2011,,,
-32.601389,18.750556,29-05-2012,,,
-32.601389,18.750556,03-07-2012,,,
-32.601389,18.750556,31-07-2012,,,
-32.601389,18.750556,28-08-2012,,,
-32.601389,18.750556,26-09-2012,,,
-32.601389,18.750556,23-10-2012,,,
-28.69485,28.23487,09-06-2015,,,
-32.601389,18.750556,16-07-2013,9427.0,8516.0,41312.5
-32.601389,18.750556,13-08-2013,,,
-32.601389,18.750556,10-09-2013,,,
-32.601389,18.750556,09-10-2013,,,
-32.601389,18.750556,05-11-2013,,,
-32.601389,18.750556,26-11-2013,,,
-32.601389,18.750556,12-06-2014,9468.5,8525.0,40384.5
-32.601389,18.750556,17-07-2014,9242.5,8202.0,40845.0
-32.601389,18.750556,28-08-2014,9278.0,8341.5,42806.0
-32.601389,18.750556,25-09-2014,9871.0,8457.0,45924.5
-32.601389,18.750556,23-10-2014,,,
-32.601389,18.750556,27-11-2014,10982.0,9047.0,48339.0
-32.601389,18.750556,25-02-2015,11501.0,9238.5,47945.0
-32.601389,18.750556,21-05-2015,,,
-32.601389,18.750556,26-06-2015,9490.0,8277.5,40190.5
-32.601389,18.750556,30-07-2015,9645.5,8411.0,40826.0
-32.601389,18.750556,27-08-2015,9299.5,8314.5,43188.0
-32.601389,18.750556,29-10-2015,,,
-28.883333,27.89,09-06-2015,,,
-25.45963889,28.26430556,09-06-2015,10040.0,8392.5,42699.5
-25.81048333,27.90955222,10-06-2015,9577.5,8439.0,41277.5
-29.641944,30.6875,10-06-2015,8815.5,8093.5,
-24.282222,28.090278,10-06-2015,9408.0,8293.0,42896.0
-23.763056,27.908611,10-06-2015,,,
-23.23572222,27.717,10-06-2015,,,
-24.058889,31.237222,10-06-2015,,,
-27.802778,28.768333,10-06-2015,9449.5,8272.5,
-27.671111,27.236944,10-06-2015,10109.5,8850.0,40268.5
-30.160091,27.40124,10-06-2015,,,
-30.336111,27.359444,10-06-2015,,,
-29.615556,27.065278,10-06-2015,,,
-33.38056,19.30167,10-06-2015,,,
-33.08883333,19.21878333,10-06-2015,,,
-25.57877778,29.12747222,10-06-2015,10793.5,8571.0,41955.0
-22.225556,29.990556,11-06-2015,10891.5,9052.0,42647.5
-30.830556,26.921389,11-06-2015,9177.0,8156.5,39627.5
-24.95861111,29.39527778,11-06-2015,10643.0,8722.0,43410.5
-27.02314,28.59389,11-06-2015,9425.0,8457.0,42443.0
-27.4275,28.525833,11-06-2015,12903.0,9845.5,
-27.3,28.586944,11-06-2015,11511.5,9149.5,
-27.38972222,26.46388889,11-06-2015,8673.5,8030.0,40540.0
-27.398611,26.614722,11-06-2015,8899.5,8001.5,40178.0
-31.000833,26.353056,11-06-2015,9233.0,8192.0,38983.0
-30.679722,26.7125,11-06-2015,10216.5,8715.5,39140.5
-30.534167,24.961944,11-06-2015,,,
-33.7075,18.97444444,11-06-2015,,,
-33.72266667,18.61691667,11-06-2015,,,
-27.356667,27.286389,11-06-2015,9662.0,8438.5,40609.5
-29.641944,30.6875,12-06-2015,,,
-29.744167,29.905833,12-06-2015,12147.5,10147.0,39271.5
-26.619444,27.980833,12-06-2015,22455.0,20100.0,38540.5
-27.573056,24.746389,12-06-2015,,,
-29.658056,25.973333,12-06-2015,10393.0,8752.5,40190.5
-23.658056,31.05,15-06-2015,,,
-29.7775,29.470833,15-06-2015,11594.5,8990.0,40324.0
-29.987778,29.851667,15-06-2015,9502.0,8409.5,40498.5
-29.744167,29.905833,15-06-2015,10534.0,8893.0,40992.0
-24.679167,30.8025,16-06-2015,,,
-25.127778,27.628889,16-06-2015,10912.5,9215.0,41993.5
-25.20639,27.558,16-06-2015,9894.5,8364.5,41061.0
-24.39619444,27.08983333,16-06-2015,9305.5,8349.5,42294.0
-24.69514,27.40906,16-06-2015,10359.0,8826.5,42176.0
-22.769722,30.886944,17-06-2015,,,
-24.058889,31.237222,17-06-2015,9525.5,8476.0,43233.5
-28.404444,30.013056,17-06-2015,10608.5,8838.5,41299.5
-30.733889,29.828333,17-06-2015,,,
-30.398056,30.601944,17-06-2015,,,
-27.273889,28.49,17-06-2015,,,
-34.092222,21.295278,17-06-2015,,,
-28.058889,30.373611,17-06-2015,9706.0,8492.0,41803.0
-27.5275,30.858056,18-06-2015,10483.5,8606.5,42020.5
-30.13573889,30.67422222,18-06-2015,,,
-26.880278,26.965,18-06-2015,11235.0,9085.0,41432.0
-28.1175,26.719444,18-06-2015,10011.0,8577.5,39960.0
-28.376944,24.303056,18-06-2015,,,
-31.394444,20.947222,18-06-2015,10524.0,8771.0,39933.0
-29.651389,22.746389,18-06-2015,10653.5,8805.5,40520.0
-34.250556,20.9925,18-06-2015,7870.0,7499.5,39140.0
-33.13083,18.86278,04-07-2012,,,
-24.183889,30.823889,19-06-2015,9171.5,8166.5,43094.5
-27.902778,24.615556,19-06-2015,,,
-29.803611,30.516111,19-06-2015,,,
-25.99136,27.84208,22-06-2015,,,
-25.49037,30.6986,22-06-2015,9031.0,8194.0,41805.5
-24.99328,30.81444,22-06-2015,8554.5,7864.0,41258.0
-26.970278,27.211111,22-06-2015,8177.5,7749.0,39746.0
-26.880278,26.965,22-06-2015,11240.5,9172.0,41362.0
-26.73806,27.59194,22-06-2015,9434.0,8524.0,40045.5
-26.45,28.085833,22-06-2015,,,
-27.273889,28.49,22-06-2015,,,
-27.01011111,26.69808333,23-06-2015,8803.0,8070.0,40251.5
-25.436111,31.982222,23-06-2015,,,
-29.140556,31.391944,23-06-2015,9926.0,8532.0,41760.5
-34.065833,20.404167,23-06-2015,9449.0,8143.0,39625.0
-22.43772222,31.07805556,23-06-2015,,,
-25.681111,31.783333,23-06-2015,,,
-25.67386,31.57527,23-06-2015,,,
-25.398889,31.610556,23-06-2015,,,
-28.801278,31.955389,23-06-2015,9983.5,8953.5,42585.0
-27.00222,28.76528,23-06-2015,,,
-26.98472222,26.63227778,23-06-2015,11113.5,9199.0,41447.5
-28.1175,26.719444,23-06-2015,10026.5,8500.0,40028.0
-25.45963889,28.26430556,23-06-2015,,,
-29.161667,23.696389,24-06-2015,,,
-31.860278,18.6875,24-06-2015,10324.0,8457.5,41190.0
-25.362222,31.956667,24-06-2015,,,
-24.768889,31.39,24-06-2015,12986.0,9851.5,43376.5
-24.9675,31.516667,24-06-2015,9669.5,8489.0,43239.0
-28.747778,31.745833,24-06-2015,9962.0,8880.5,42433.5
-27.273889,28.49,24-06-2015,,,
-29.033333,23.983333,24-06-2015,,,
-26.03611,30.99778,25-06-2015,,,
-33.7075,18.97444444,17-02-2011,,,
-26.648056,27.089444,25-06-2015,10718.5,8841.0,41330.5
-28.460833,21.248889,25-06-2015,9090.0,8377.0,40742.0
-32.94583,18.33667,25-06-2015,,,
-33.897778,20.012778,25-06-2015,8356.0,7456.0,40868.0
-33.7075,18.97444444,25-01-2012,,,
-33.7075,18.97444444,22-02-2012,,,
-33.7075,18.97444444,21-03-2012,,,
-29.744167,29.905833,26-06-2015,,,
-25.81048333,27.90955222,29-06-2015,10002.5,8657.5,41729.0
-26.510278,28.351389,29-06-2015,,,
-26.45,28.085833,29-06-2015,,,
-27.671111,27.236944,29-06-2015,10554.5,9167.0,41105.0
-25.127778,27.628889,30-06-2015,11054.0,9222.5,42822.5
-25.20639,27.558,30-06-2015,10397.5,8578.0,41901.0
-24.69514,27.40906,30-06-2015,10071.5,8318.5,42223.0
-28.735556,29.820556,30-06-2015,9977.0,8730.0,40617.5
-26.861111,28.884722,30-06-2015,,,
-27.00222,28.76528,30-06-2015,,,
-27.02314,28.59389,30-06-2015,,,
-27.398611,26.614722,30-06-2015,9338.0,8132.5,41339.0
-31.436944,20.474722,30-06-2015,,,
-29.651389,22.746389,30-06-2015,10441.5,8746.0,40761.5
-28.338333,31.373611,30-06-2015,,,
-28.068333,31.55,30-06-2015,,,
-28.308889,31.9025,30-06-2015,10422.5,8800.5,43008.0
-27.4,26.624722,30-06-2015,9997.5,8729.5,41487.0
-29.161667,23.696389,01-07-2015,9259.0,8846.0,40237.0
-27.602222,29.942778,01-07-2015,11078.5,8974.0,41837.0
-27.169444,29.233889,01-07-2015,12019.5,9312.0,39847.5
-27.273889,28.49,01-07-2015,,,
-27.4275,28.525833,01-07-2015,,,
-27.3,28.586944,01-07-2015,,,
-27.802778,28.768333,01-07-2015,,,
-33.7075,18.97444444,28-01-2015,9998.5,8637.0,49058.0
-33.7075,18.97444444,19-02-2015,,,
-33.7075,18.97444444,25-03-2015,9959.5,8945.0,46674.0
-27.935,26.126667,01-07-2015,10495.0,8719.0,41214.5
-28.141944,26.417778,01-07-2015,9923.5,8620.5,41058.5
-27.671111,27.236944,01-07-2015,10554.5,9167.0,41105.0
-28.75,30.442778,02-07-2015,,,
-29.161667,30.629722,02-07-2015,,,
-27.4275,28.525833,02-07-2015,,,
-27.802778,28.768333,02-07-2015,,,
-28.376944,24.303056,02-07-2015,,,
-29.744167,29.905833,03-07-2015,10860.5,8888.5,40984.0
-27.573056,24.746389,03-07-2015,,,
-27.902778,24.615556,03-07-2015,,,
-25.99136,27.84208,06-07-2015,,,
-26.45,28.085833,06-07-2015,,,
-22.225556,29.990556,07-07-2015,,,
-23.658056,31.05,07-07-2015,,,
-27.363611,31.783333,07-07-2015,8563.0,7964.5,42180.5
-26.861111,28.884722,07-07-2015,,,
-27.00222,28.76528,07-07-2015,,,
-27.3,28.586944,07-07-2015,,,
-31.396,29.2651,07-07-2015,,,
-31.554722,29.245556,07-07-2015,,,
-34.031944,22.053333,07-07-2015,7444.0,7339.0,40017.0
-25.45963889,28.26430556,07-07-2015,,,
-25.81048333,27.90955222,08-07-2015,,,
-29.641944,30.6875,08-07-2015,,,
-23.23572222,27.717,08-07-2015,10166.0,8333.5,42341.0
-24.670833,28.560833,08-07-2015,,,
-22.91028,29.61111,08-07-2015,,,
-26.970278,27.211111,08-07-2015,8385.5,7904.5,40375.0
-27.38972222,26.46388889,08-07-2015,8730.5,7856.0,41605.0
-30.534167,24.961944,08-07-2015,10159.0,8763.5,39343.0
-30.570833,29.150556,08-07-2015,11960.0,8960.5,39696.5
-31.104278,29.399722,08-07-2015,,,
-30.77586667,29.03221667,08-07-2015,11597.5,8941.0,39603.5
-34.039722,22.133333,08-07-2015,9058.0,7660.5,40891.5
-34.02861,22.22222,08-07-2015,8307.5,7759.0,40498.5
-32.94583,18.33667,03-12-2015,,,
-33.464444,18.740556,20-07-2011,,,
-33.464444,18.740556,17-08-2011,,,
-33.464444,18.740556,14-09-2011,,,
-33.464444,18.740556,12-10-2011,,,
-33.464444,18.740556,09-11-2011,,,
-33.464444,18.740556,26-06-2012,,,
-33.464444,18.740556,24-07-2012,,,
-27.01011111,26.69808333,09-07-2015,8774.5,7877.0,41155.5
-33.464444,18.740556,18-09-2012,,,
-33.464444,18.740556,16-10-2012,,,
-33.464444,18.740556,15-11-2012,,,
-24.282222,28.090278,09-07-2015,,,
-33.464444,18.740556,24-07-2013,,,
-33.464444,18.740556,21-08-2013,,,
-33.464444,18.740556,11-09-2013,,,
-33.464444,18.740556,09-10-2013,,,
-33.464444,18.740556,06-11-2013,,,
-33.464444,18.740556,27-11-2013,,,
-33.464444,18.740556,16-07-2014,8936.0,8139.0,40047.5
-33.464444,18.740556,27-08-2014,8963.0,8155.0,42250.5
-33.464444,18.740556,01-10-2014,9694.5,8422.5,44739.5
-33.464444,18.740556,29-10-2014,,,
-23.23572222,27.717,09-07-2015,10166.0,8333.5,42341.0
-33.464444,18.740556,23-07-2015,9461.0,8487.0,40189.5
-33.464444,18.740556,20-08-2015,,,
-33.464444,18.740556,17-09-2015,9529.5,8465.0,44027.5
-26.648056,27.089444,09-07-2015,11226.0,8958.5,40560.5
-26.880278,26.965,09-07-2015,11714.5,9331.0,42491.5
-26.98472222,26.63227778,09-07-2015,11738.5,9379.5,42873.5
-31.031389,28.883333,09-07-2015,11199.0,9123.0,38609.0
-33.72266667,18.61691667,11-06-2014,8854.5,8139.0,40017.0
-30.86013889,29.07125,09-07-2015,11821.5,9232.5,38589.5
-33.970833,22.548333,20-01-2011,,,
-33.970833,22.548333,28-02-2011,,,
-33.970833,22.548333,04-04-2011,,,
-33.970833,22.548333,03-05-2011,,,
-33.970833,22.548333,05-07-2011,,,
-33.970833,22.548333,31-08-2011,,,
-33.970833,22.548333,14-09-2011,,,
-33.970833,22.548333,11-10-2011,,,
-33.970833,22.548333,25-11-2011,,,
-33.970833,22.548333,20-01-2012,,,
-33.970833,22.548333,20-03-2012,,,
-34.005833,22.351111,09-07-2015,8536.5,7947.5,40447.5
-33.970833,22.548333,09-07-2012,,,
-33.970833,22.548333,17-08-2012,,,
-33.970833,22.548333,19-09-2012,,,
-33.970833,22.548333,17-10-2012,,,
-33.970833,22.548333,23-11-2012,,,
-33.970833,22.548333,13-12-2012,,,
-33.970833,22.548333,30-01-2013,,,
-33.970833,22.548333,13-02-2013,,,
-22.43772222,31.07805556,10-07-2015,,,
-33.970833,22.548333,19-06-2013,,,
-33.970833,22.548333,19-07-2013,8070.5,7837.0,41068.5
-33.970833,22.548333,21-08-2013,8071.0,7804.0,40493.0
-33.970833,22.548333,20-09-2013,,,
-33.970833,22.548333,17-10-2013,8361.5,7993.5,43730.5
-33.970833,22.548333,05-11-2013,,,
-33.970833,22.548333,08-11-2013,,,
-33.970833,22.548333,15-01-2014,7989.5,7847.5,44013.0
-33.970833,22.548333,05-03-2014,,,
-33.970833,22.548333,02-04-2014,7840.0,7641.0,43592.0
-33.970833,22.548333,08-05-2014,7797.0,7570.0,41222.5
-28.7115,24.07288889,13-07-2015,10671.0,8515.5,41884.0
-33.970833,22.548333,09-07-2014,7899.0,7685.0,39962.5
-33.970833,22.548333,06-08-2014,,,
-33.970833,22.548333,03-09-2014,8040.5,7812.5,43345.0
-33.970833,22.548333,08-10-2014,7970.5,7680.0,42159.5
-33.970833,22.548333,07-01-2015,8105.0,7850.5,44815.0
-33.970833,22.548333,04-02-2015,7919.0,7711.0,44224.0
-33.970833,22.548333,05-03-2015,8032.0,7824.5,45213.0
-33.970833,22.548333,08-04-2015,7846.5,7678.0,42310.0
-33.970833,22.548333,07-05-2015,,,
-33.970833,22.548333,02-06-2015,,,
-33.970833,22.548333,08-07-2015,7786.5,7624.5,39967.5
-33.970833,22.548333,05-08-2015,7965.5,7662.0,41797.5
-33.970833,22.548333,02-09-2015,8038.5,7781.5,42140.0
-33.970833,22.548333,06-10-2015,11038.0,9102.5,31083.0
-33.970833,22.548333,04-11-2015,8018.5,7777.5,42950.5
-33.970833,22.548333,03-12-2015,7911.5,7763.0,44093.0
-34.005833,22.351111,21-01-2011,,,
-34.005833,22.351111,11-02-2011,,,
-34.005833,22.351111,17-03-2011,,,
-34.005833,22.351111,19-04-2011,,,
-34.005833,22.351111,17-05-2011,,,
-34.005833,22.351111,21-06-2011,,,
-24.679167,30.8025,13-07-2015,10553.0,8518.5,43128.5
-34.005833,22.351111,12-10-2011,,,
-29.7775,29.470833,13-07-2015,21577.0,18173.5,38112.5
-29.744167,29.905833,13-07-2015,,,
-29.160278,26.573333,13-07-2015,10392.0,8745.5,40203.0
-34.005833,22.351111,26-06-2012,,,
-34.005833,22.351111,18-07-2012,,,
-29.1825,23.575556,13-07-2015,9866.0,8887.0,40288.5
-25.127778,27.628889,14-07-2015,,,
-24.39619444,27.08983333,14-07-2015,,,
-24.69514,27.40906,14-07-2015,,,
-28.69485,28.23487,14-07-2015,,,
-34.005833,22.351111,05-04-2013,9239.0,8436.5,43836.0
-28.883333,27.89,14-07-2015,,,
-34.005833,22.351111,04-07-2013,8943.5,8126.0,41194.5
-34.005833,22.351111,06-08-2013,,,
-24.183889,30.823889,15-07-2015,7727.5,7119.5,42749.5
-25.20639,27.558,15-07-2015,,,
-34.005833,22.351111,04-12-2013,12145.5,9826.0,42002.5
-34.005833,22.351111,22-01-2014,9041.5,8223.5,45583.0
-34.005833,22.351111,20-02-2014,8654.0,8049.0,44879.5
-22.769722,30.886944,15-07-2015,,,
-34.005833,22.351111,03-04-2014,8778.5,8134.0,45010.5
-28.404444,30.013056,15-07-2015,10736.5,9042.5,42457.0
-30.733889,29.828333,15-07-2015,,,
-30.160091,27.40124,15-07-2015,,,
-30.336111,27.359444,15-07-2015,,,
-29.615556,27.065278,15-07-2015,,,
-34.005833,22.351111,04-11-2014,,,
-34.005833,22.351111,03-12-2014,9506.0,8635.0,46596.5
-28.058889,30.373611,15-07-2015,10183.0,8728.5,42734.0
-30.830556,26.921389,16-07-2015,,,
-34.005833,22.351111,10-04-2015,8854.0,8208.0,43242.0
-27.937778,31.209444,16-07-2015,9351.0,8441.5,
-34.005833,22.351111,04-06-2015,,,
-27.5275,30.858056,16-07-2015,10419.0,8699.0,41934.0
-30.13573889,30.67422222,16-07-2015,,,
-30.398056,30.601944,16-07-2015,,,
-27.02314,28.59389,16-07-2015,,,
-27.273889,28.49,16-07-2015,,,
-27.935,26.126667,16-07-2015,10495.0,8719.0,41214.5
-28.141944,26.417778,16-07-2015,9923.5,8620.5,41058.5
-28.1175,26.719444,16-07-2015,11444.5,8865.5,38610.5
-31.000833,26.353056,16-07-2015,11643.0,9743.0,38247.0
-30.679722,26.7125,16-07-2015,,,
-30.534167,24.961944,16-07-2015,10105.5,8743.0,39636.0
-29.744167,29.905833,17-07-2015,,,
-27.902778,24.615556,17-07-2015,12255.5,9495.5,42922.0
-29.803611,30.516111,17-07-2015,,,
-27.01011111,26.69808333,20-07-2015,8774.5,7877.0,41155.5
-29.140556,31.391944,20-07-2015,9756.0,8413.5,42214.0
-25.99136,27.84208,20-07-2015,10596.5,9037.5,43015.5
-26.648056,27.089444,20-07-2015,11010.5,8975.0,42740.5
-26.880278,26.965,20-07-2015,11663.5,9251.5,42847.5
-26.73806,27.59194,20-07-2015,9297.0,8226.0,41249.5
-26.45,28.085833,20-07-2015,11586.5,9217.5,42960.0
-26.98472222,26.63227778,20-07-2015,11738.5,9379.5,42873.5
-32.502778,19.535833,20-07-2015,12006.0,9433.0,40276.5
-34.065833,20.404167,21-07-2015,10187.0,8777.0,38861.0
-31.860278,18.6875,21-07-2015,,,
-33.980556,21.653333,21-07-2015,10211.0,8610.0,40198.0
-26.006389,29.253889,21-07-2015,9638.5,8606.5,42291.5
-28.801278,31.955389,21-07-2015,,,
-27.00222,28.76528,21-07-2015,11051.0,9162.5,
-27.38972222,26.46388889,21-07-2015,8730.5,7856.0,41605.0
-27.398611,26.614722,21-07-2015,9338.0,8132.5,41339.0
-34.092222,21.295278,21-07-2015,9383.0,8078.5,40574.5
-31.5653,18.3306,21-07-2015,,,
-27.4,26.624722,21-07-2015,9997.5,8729.5,41487.0
-25.81048333,27.90955222,22-07-2015,9968.5,8710.0,42868.5
-28.747778,31.745833,22-07-2015,9723.0,8692.0,43123.5
-26.970278,27.211111,22-07-2015,7963.0,7581.0,40314.0
-26.880278,26.965,22-07-2015,11663.5,9251.5,42847.5
-27.273889,28.49,22-07-2015,9145.0,8391.5,40550.5
-28.141944,26.417778,22-07-2015,10675.5,9220.0,42121.5
-28.1175,26.719444,22-07-2015,10429.0,8820.0,41835.0
-34.250556,20.9925,22-07-2015,7850.0,7519.0,39541.0
-34.405833,19.600556,22-07-2015,8870.5,7876.5,39664.5
-33.38056,19.30167,22-07-2015,10089.0,8830.5,39699.5
-33.08883333,19.21878333,22-07-2015,10259.0,8820.0,39208.5
-24.95861111,29.39527778,23-07-2015,11207.0,8975.5,43466.0
-33.7075,18.97444444,23-07-2015,9822.0,8675.0,39512.5
-25.57877778,29.12747222,23-07-2015,10795.0,8699.0,42789.5
-33.897778,20.012778,23-07-2015,8648.0,7821.0,39845.0
-26.619444,27.980833,27-07-2015,10810.0,8903.0,41712.0
-25.127778,27.628889,28-07-2015,,,
-25.20639,27.558,28-07-2015,,,
-24.69514,27.40906,28-07-2015,,,
-28.44555556,32.325,25-08-2015,,,
-27.169444,29.233889,28-07-2015,11871.5,9250.0,40997.5
-27.935,26.126667,28-07-2015,11024.0,8963.5,41930.5
-28.141944,26.417778,28-07-2015,10675.5,9220.0,42121.5
-28.1175,26.719444,28-07-2015,10429.0,8820.0,41835.0
-27.398611,26.614722,28-07-2015,9866.0,8397.5,41667.0
-27.671111,27.236944,28-07-2015,10680.0,9256.5,41107.0
-28.69485,28.23487,28-07-2015,9289.5,8274.0,39911.5
-33.501667,21.624167,28-07-2015,,,
-33.31388889,19.07472222,28-07-2015,8850.5,8135.5,39701.5
-28.338333,31.373611,28-07-2015,10746.5,8859.5,
-28.068333,31.55,28-07-2015,10409.5,8705.5,41737.5
-28.308889,31.9025,28-07-2015,10495.5,8807.0,42898.0
-27.4,26.624722,28-07-2015,10245.0,8587.5,41910.0
-29.161667,23.696389,29-07-2015,10487.0,9436.5,39819.0
-27.602222,29.942778,29-07-2015,10602.0,8573.5,41368.0
-27.802778,28.768333,29-07-2015,9615.0,8514.5,
-33.13083,18.86278,29-07-2015,9538.0,8229.0,39683.0
-26.03611,30.99778,30-07-2015,10221.0,8867.5,41988.0
-28.75,30.442778,30-07-2015,10145.0,8677.0,40725.5
-29.161667,30.629722,30-07-2015,10099.5,8532.0,40299.0
-27.02314,28.59389,30-07-2015,9834.5,8649.5,41173.5
-27.273889,28.49,30-07-2015,9145.0,8391.5,40550.5
-27.4275,28.525833,30-07-2015,12298.5,9716.0,
-27.3,28.586944,30-07-2015,12075.5,9405.5,
-27.573056,24.746389,30-07-2015,10446.0,8743.5,41874.5
-28.460833,21.248889,30-07-2015,9292.0,8559.0,40389.5
-32.94583,18.33667,30-07-2015,,,
-29.641944,30.6875,31-07-2015,9009.0,8293.5,
-24.95861111,29.39527778,31-07-2015,10760.5,8957.0,43389.0
-28.141944,26.417778,31-07-2015,10675.5,9220.0,42121.5
-28.1175,26.719444,31-07-2015,10429.0,8820.0,41835.0
-27.902778,24.615556,31-07-2015,12237.0,9414.0,41693.5
-25.99136,27.84208,03-08-2015,10660.5,8915.5,42553.0
-26.73806,27.59194,03-08-2015,9389.5,8782.5,40654.5
-26.45,28.085833,03-08-2015,11414.0,9220.5,42548.0
-29.160278,26.573333,03-08-2015,11069.5,9135.5,41795.0
-31.396,29.2651,03-08-2015,14046.0,10461.0,40598.5
-31.554722,29.245556,03-08-2015,9537.5,8715.0,41976.5
-26.861111,28.884722,04-08-2015,,,
-27.00222,28.76528,04-08-2015,,,
-26.970278,27.211111,04-08-2015,7963.0,7581.0,40314.0
-26.880278,26.965,04-08-2015,11641.5,9297.0,42906.5
-28.69485,28.23487,04-08-2015,,,
-29.615556,27.065278,04-08-2015,,,
-28.883333,27.89,04-08-2015,,,
-30.568333,29.422778,04-08-2015,9388.5,8438.5,40080.5
-30.570833,29.150556,04-08-2015,11106.5,8976.0,41585.5
-31.104278,29.399722,04-08-2015,9864.0,8603.5,40028.0
-34.031944,22.053333,04-08-2015,7663.0,7295.0,41832.0
-34.039722,22.133333,04-08-2015,9295.5,8043.0,41992.0
-25.45963889,28.26430556,04-08-2015,,,
-27.01011111,26.69808333,05-08-2015,8902.5,8113.5,41080.5
-25.81048333,27.90955222,05-08-2015,10433.5,9161.0,42479.5
-24.670833,28.560833,05-08-2015,,,
-25.73411,27.21422,05-08-2015,11384.5,9186.0,40842.5
-26.648056,27.089444,05-08-2015,11044.0,9019.5,43018.5
-26.98472222,26.63227778,05-08-2015,11615.5,9573.5,43354.5
-27.935,26.126667,05-08-2015,11024.0,8963.5,41930.5
-30.160091,27.40124,05-08-2015,,,
-30.336111,27.359444,05-08-2015,,,
-28.768056,20.720556,05-08-2015,,,
-31.031389,28.883333,05-08-2015,10045.0,9004.0,42213.5
-30.86013889,29.07125,05-08-2015,11166.0,9494.5,42284.5
-30.77586667,29.03221667,05-08-2015,11202.5,9221.5,42606.5
-34.02861,22.22222,05-08-2015,8374.0,7754.5,42126.0
-30.830556,26.921389,06-08-2015,,,
-22.769722,30.886944,06-08-2015,10741.0,8610.0,44909.0
-26.905,32.324722,06-08-2015,,,
-28.141944,26.417778,06-08-2015,10675.5,9220.0,42121.5
-31.000833,26.353056,06-08-2015,9830.0,8436.0,39736.0
-30.679722,26.7125,06-08-2015,10692.5,8679.5,40010.0
-30.534167,24.961944,06-08-2015,10699.0,9026.0,40963.5
-23.658056,31.05,07-08-2015,10687.5,8734.5,44740.5
-23.838611,31.640833,07-08-2015,9188.0,8240.5,43369.0
-24.058889,31.237222,07-08-2015,10563.0,8717.5,44439.0
-29.7775,29.470833,10-08-2015,10884.5,9016.5,42405.0
-29.987778,29.851667,10-08-2015,9807.0,8825.5,42601.5
-24.69514,27.40906,11-08-2015,,,
-24.99328,30.81444,11-08-2015,9281.5,8309.5,44365.0
-30.733889,29.828333,11-08-2015,9651.0,8842.5,43697.0
-25.127778,27.628889,12-08-2015,,,
-25.20639,27.558,12-08-2015,,,
-24.768889,31.39,12-08-2015,13703.5,10432.5,43661.5
-24.9675,31.516667,12-08-2015,10303.5,8821.0,43639.5
-27.937778,31.209444,12-08-2015,9606.0,8455.5,
-28.404444,30.013056,12-08-2015,10703.5,9190.0,42995.0
-30.398056,30.601944,12-08-2015,8733.0,8059.0,
-28.141944,26.417778,12-08-2015,,,
-28.1175,26.719444,12-08-2015,,,
-27.671111,27.236944,12-08-2015,,,
-28.058889,30.373611,12-08-2015,10107.0,8750.0,42431.0
-30.13573889,30.67422222,13-08-2015,9042.5,8453.0,
-27.38972222,26.46388889,13-08-2015,,,
-27.398611,26.614722,13-08-2015,,,
-27.902778,24.615556,13-08-2015,12324.5,9497.0,43617.5
-27.4,26.624722,13-08-2015,,,
-29.744167,29.905833,14-08-2015,10652.5,9092.0,42491.0
-29.380556,30.2775,17-08-2015,9791.0,8605.0,42176.5
-26.73806,27.59194,17-08-2015,9521.5,8393.5,42145.0
-26.45,28.085833,17-08-2015,9462.0,9001.0,45060.5
-28.760833,17.730278,18-08-2015,8430.5,7994.5,42289.5
-29.140556,31.391944,18-08-2015,9708.0,8331.5,43217.5
-31.860278,18.6875,18-08-2015,,,
-24.679167,30.8025,18-08-2015,,,
-25.99136,27.84208,18-08-2015,10708.0,8960.5,43984.5
-28.801278,31.955389,18-08-2015,,,
-27.937778,31.209444,18-08-2015,9606.0,8455.5,
-26.861111,28.884722,18-08-2015,11140.0,9564.5,44138.5
-27.00222,28.76528,18-08-2015,11307.0,9270.0,
-26.970278,27.211111,18-08-2015,,,
-26.880278,26.965,18-08-2015,,,
-30.160091,27.40124,18-08-2015,,,
-34.092222,21.295278,18-08-2015,9936.5,8366.0,41695.0
-33.818056,19.694722,18-08-2015,,,
-31.5653,18.3306,18-08-2015,,,
-22.91028,29.61111,19-08-2015,10235.5,8201.5,
-25.73411,27.21422,19-08-2015,10638.5,8930.5,44965.0
-26.006389,29.253889,19-08-2015,9404.5,8472.0,44146.0
-24.058889,31.237222,19-08-2015,,,
-28.747778,31.745833,19-08-2015,9665.0,8644.5,44100.5
-26.648056,27.089444,19-08-2015,11362.5,9128.0,45161.0
-27.273889,28.49,19-08-2015,9374.0,8595.5,42009.0
-26.98472222,26.63227778,19-08-2015,,,
-33.38056,19.30167,19-08-2015,,,
-25.45963889,28.26430556,19-08-2015,10816.5,8957.0,45138.0
-25.81048333,27.90955222,20-08-2015,10521.0,8932.5,44208.0
-24.183889,30.823889,20-08-2015,,,
-24.282222,28.090278,20-08-2015,10216.0,8671.0,45509.0
-27.935,26.126667,20-08-2015,,,
-28.141944,26.417778,20-08-2015,,,
-28.1175,26.719444,20-08-2015,,,
-33.7075,18.97444444,20-08-2015,,,
-24.95861111,29.39527778,21-08-2015,11181.0,9087.5,45496.0
-27.573056,24.746389,21-08-2015,,,
-29.380556,30.2775,22-08-2015,9791.0,8605.0,42176.5
-28.735556,29.820556,24-08-2015,9977.0,8769.5,43915.0
-28.308889,31.9025,24-08-2015,10421.5,8835.5,44962.5
-34.065833,20.404167,25-08-2015,,,
-25.127778,27.628889,25-08-2015,11239.5,9260.0,45808.5
-25.20639,27.558,25-08-2015,10657.0,8822.5,44641.0
-28.44555556,32.325,21-09-2015,11023.0,9282.5,46159.0
-26.619444,27.980833,25-08-2015,10064.5,8987.0,46402.0
-26.510278,28.351389,25-08-2015,11239.0,9085.0,46280.0
-27.671111,27.236944,25-08-2015,11064.5,9484.5,44872.0
-33.501667,21.624167,25-08-2015,9102.5,8385.0,42636.0
-33.31388889,19.07472222,25-08-2015,8593.0,8074.0,42525.5
-28.068333,31.55,25-08-2015,10670.5,8698.0,44570.0
-29.161667,23.696389,26-08-2015,,,
-28.7115,24.07288889,26-08-2015,,,
-29.641944,30.6875,26-08-2015,9143.0,8305.5,
-27.169444,29.233889,26-08-2015,11896.0,9527.0,44481.0
-27.802778,28.768333,26-08-2015,10227.5,8735.5,
-27.398611,26.614722,26-08-2015,,,
-34.405833,19.600556,26-08-2015,8967.0,8242.0,41663.5
-33.13083,18.86278,26-08-2015,9497.5,8576.0,42250.0
-27.4,26.624722,26-08-2015,,,
-27.602222,29.942778,27-08-2015,11121.0,9049.0,45885.5
-28.75,30.442778,27-08-2015,10453.0,8538.5,43286.5
-29.161667,30.629722,27-08-2015,10307.0,8864.0,43307.5
-32.94583,18.33667,27-08-2015,,,
-23.838611,31.640833,28-08-2015,,,
-24.058889,31.237222,28-08-2015,,,
-29.744167,29.905833,28-08-2015,10485.5,8983.0,44207.0
-29.1825,23.575556,29-08-2015,,,
-25.99136,27.84208,31-08-2015,10964.5,9176.0,45926.5
-26.73806,27.59194,31-08-2015,9318.0,8426.0,43397.5
-26.45,28.085833,31-08-2015,10106.0,9372.0,47237.0
-27.363611,31.783333,01-09-2015,,,
-26.861111,28.884722,01-09-2015,11277.0,9685.5,46419.5
-27.00222,28.76528,01-09-2015,11320.5,9429.5,
-26.970278,27.211111,01-09-2015,8030.5,7625.5,41572.5
-27.273889,28.49,01-09-2015,9405.5,8553.0,44372.0
-27.4275,28.525833,01-09-2015,12913.5,10047.0,
-27.3,28.586944,01-09-2015,12404.0,9581.5,
-27.935,26.126667,01-09-2015,11044.5,8992.5,43940.0
-31.396,29.2651,01-09-2015,10902.5,9300.5,43270.0
-31.554722,29.245556,01-09-2015,9599.0,8479.0,43802.0
-34.005833,22.351111,01-09-2015,8816.0,8085.5,42734.5
-25.45963889,28.26430556,01-09-2015,10780.5,9046.0,47151.0
-25.447222,30.711667,01-09-2015,9729.5,8477.5,44536.5
-27.01011111,26.69808333,02-09-2015,9122.0,8279.5,42613.5
-25.81048333,27.90955222,02-09-2015,10532.5,8978.5,46039.5
-25.436111,31.982222,02-09-2015,,,
-23.658056,31.05,02-09-2015,,,
-25.681111,31.783333,02-09-2015,,,
-25.362222,31.956667,02-09-2015,,,
-27.02314,28.59389,02-09-2015,10128.5,8871.0,44731.0
-26.648056,27.089444,02-09-2015,10800.0,9115.5,43682.5
-27.273889,28.49,02-09-2015,9405.5,8553.0,44372.0
-27.4275,28.525833,02-09-2015,12913.5,10047.0,
-27.3,28.586944,02-09-2015,12404.0,9581.5,
-30.570833,29.150556,02-09-2015,11191.0,8903.5,43595.0
-31.104278,29.399722,02-09-2015,9494.5,8354.0,43157.0
-30.77586667,29.03221667,02-09-2015,10948.5,8996.5,43932.5
-34.031944,22.053333,02-09-2015,8061.0,7665.0,42521.0
-29.641944,30.6875,03-09-2015,9143.0,8305.5,
-25.398889,31.610556,03-09-2015,,,
-27.802778,28.768333,03-09-2015,10448.0,8853.5,
-27.935,26.126667,03-09-2015,11044.5,8992.5,43940.0
-28.141944,26.417778,03-09-2015,10832.0,9025.5,44192.0
-30.679722,26.7125,03-09-2015,10102.0,8447.0,44613.0
-30.568333,29.422778,03-09-2015,9473.0,8541.0,43173.5
-31.031389,28.883333,03-09-2015,9953.5,8992.0,42913.0
-30.86013889,29.07125,03-09-2015,11652.0,9398.0,38861.5
-29.987778,29.851667,07-09-2015,9436.5,8633.5,42735.0
-29.744167,29.905833,07-09-2015,10387.0,8941.5,43736.0
-29.160278,26.573333,07-09-2015,11632.5,9105.0,44409.5
-25.57877778,29.12747222,07-09-2015,11032.0,8979.0,46292.5
-22.225556,29.990556,08-09-2015,,,
-22.91028,29.61111,08-09-2015,,,
-25.127778,27.628889,08-09-2015,,,
-25.20639,27.558,08-09-2015,,,
-24.69514,27.40906,08-09-2015,,,
-23.838611,31.640833,08-09-2015,,,
-26.006389,29.253889,08-09-2015,9346.0,8420.0,46247.0
-30.733889,29.828333,08-09-2015,9651.0,8814.5,44219.5
-29.7775,29.470833,08-09-2015,11163.5,9169.5,41389.0
-28.141944,26.417778,08-09-2015,10844.5,9044.5,44189.0
-27.671111,27.236944,08-09-2015,10382.5,9094.5,43095.5
-28.69485,28.23487,08-09-2015,,,
-29.615556,27.065278,08-09-2015,,,
-28.883333,27.89,08-09-2015,,,
-24.058889,31.237222,09-09-2015,,,
-27.937778,31.209444,09-09-2015,,,
-28.404444,30.013056,09-09-2015,,,
-30.398056,30.601944,09-09-2015,,,
-27.398611,26.614722,09-09-2015,9908.0,8475.0,43340.5
-30.160091,27.40124,09-09-2015,,,
-30.336111,27.359444,09-09-2015,,,
-28.058889,30.373611,09-09-2015,9931.5,8533.5,44156.5
-27.4,26.624722,09-09-2015,9818.0,8440.5,43507.0
-29.161667,23.696389,10-09-2015,,,
-30.830556,26.921389,10-09-2015,,,
-24.282222,28.090278,10-09-2015,10208.0,8889.5,45980.5
-22.769722,30.886944,10-09-2015,,,
-27.5275,30.858056,10-09-2015,,,
-30.13573889,30.67422222,10-09-2015,,,
-31.000833,26.353056,10-09-2015,9490.0,8411.0,44524.0
-30.679722,26.7125,10-09-2015,10102.0,8447.0,44613.0
-30.534167,24.961944,10-09-2015,10669.5,8923.5,44292.0
-24.95861111,29.39527778,11-09-2015,10947.5,9175.0,46520.0
-29.744167,29.905833,11-09-2015,,,
-27.573056,24.746389,11-09-2015,10758.5,8996.5,45411.0
-29.651389,22.746389,11-09-2015,11110.0,9131.0,43910.0
-29.1825,23.575556,11-09-2015,,,
-29.803611,30.516111,11-09-2015,,,
-26.73806,27.59194,14-09-2015,9442.5,8456.0,43490.5
-26.45,28.085833,14-09-2015,10561.0,9622.5,46855.5
-32.502778,19.535833,14-09-2015,12471.0,9838.5,43243.5
-29.140556,31.391944,15-09-2015,,,
-31.860278,18.6875,15-09-2015,9157.0,8245.5,44049.0
-24.679167,30.8025,15-09-2015,,,
-28.801278,31.955389,15-09-2015,9919.0,8815.5,45971.5
-26.861111,28.884722,15-09-2015,10640.0,9358.5,46654.5
-27.00222,28.76528,15-09-2015,11106.5,9411.0,
-26.970278,27.211111,15-09-2015,8030.5,7625.5,41572.5
-26.880278,26.965,15-09-2015,11177.5,9153.0,43557.0
-34.092222,21.295278,15-09-2015,9178.0,8199.5,43160.0
-34.075556,20.145556,15-09-2015,,,
-32.595833,19.009444,15-09-2015,9302.0,8316.5,43357.0
-25.45963889,28.26430556,15-09-2015,10444.5,8997.0,46681.5
-27.01011111,26.69808333,16-09-2015,9441.5,8312.5,43726.0
-25.81048333,27.90955222,16-09-2015,10249.5,9256.5,45167.5
-29.641944,30.6875,16-09-2015,,,
-24.670833,28.560833,16-09-2015,10932.0,9250.0,46760.5
-24.058889,31.237222,16-09-2015,,,
-26.648056,27.089444,16-09-2015,10320.5,8924.0,45194.5
-26.98472222,26.63227778,16-09-2015,10639.0,9136.0,44809.5
-34.250556,20.9925,16-09-2015,8391.5,7873.0,42257.0
-33.38056,19.30167,16-09-2015,9895.5,8807.0,42818.5
-24.183889,30.823889,17-09-2015,,,
-26.03611,30.99778,17-09-2015,,,
-28.747778,31.745833,17-09-2015,,,
-27.935,26.126667,17-09-2015,11205.5,8958.0,45082.5
-28.141944,26.417778,17-09-2015,10697.0,8937.0,44643.0
-33.7075,18.97444444,17-09-2015,9095.0,8354.0,43426.0
-28.44555556,32.325,20-10-2015,,,
-28.735556,29.820556,21-09-2015,10213.5,8923.0,46298.5
-26.648056,27.089444,21-09-2015,10320.5,8924.0,45194.5
-26.619444,27.980833,21-09-2015,,,
-26.510278,28.351389,21-09-2015,,,
-33.501667,21.624167,21-09-2015,9102.5,8385.0,42636.0
-28.338333,31.373611,21-09-2015,,,
-28.068333,31.55,21-09-2015,,,
-28.308889,31.9025,21-09-2015,11540.0,9469.0,49075.5
-25.127778,27.628889,22-09-2015,11100.5,9435.5,47767.0
-25.20639,27.558,22-09-2015,10359.0,8835.0,46620.0
-24.69514,27.40906,22-09-2015,9960.0,8445.0,46436.0
-27.169444,29.233889,22-09-2015,11392.0,9397.0,46437.5
-29.161667,23.696389,23-09-2015,,,
-28.7115,24.07288889,23-09-2015,,,
-27.02314,28.59389,23-09-2015,,,
-27.4275,28.525833,23-09-2015,,,
-27.3,28.586944,23-09-2015,,,
-27.398611,26.614722,23-09-2015,9986.5,8555.0,44975.0
-27.4,26.624722,23-09-2015,9900.0,8438.5,45049.5
-27.602222,29.942778,24-09-2015,9774.0,9081.5,48136.5
-28.75,30.442778,24-09-2015,10957.5,8951.0,46614.0
-29.161667,30.629722,24-09-2015,9710.0,8537.5,46895.5
-29.744167,29.905833,25-09-2015,10017.5,9037.0,46698.0
-27.902778,24.615556,25-09-2015,,,
-25.99136,27.84208,28-09-2015,,,
-26.45,28.085833,28-09-2015,,,
-34.065833,20.404167,29-09-2015,,,
-24.99328,30.81444,29-09-2015,8905.5,8137.5,45134.5
-27.363611,31.783333,29-09-2015,13054.0,8644.0,43972.5
-26.861111,28.884722,29-09-2015,10632.0,9284.0,48449.0
-26.970278,27.211111,29-09-2015,,,
-26.880278,26.965,29-09-2015,,,
-27.38972222,26.46388889,29-09-2015,,,
-33.31388889,19.07472222,29-09-2015,8728.5,8128.0,43097.0
-25.45963889,28.26430556,29-09-2015,10342.5,8982.0,48160.0
-27.01011111,26.69808333,30-09-2015,,,
-25.81048333,27.90955222,30-09-2015,,,
-29.641944,30.6875,30-09-2015,9215.5,8533.5,
-24.768889,31.39,30-09-2015,13528.0,10266.0,49831.5
-27.00222,28.76528,30-09-2015,,,
-26.648056,27.089444,30-09-2015,,,
-27.273889,28.49,30-09-2015,,,
-26.98472222,26.63227778,30-09-2015,,,
-31.031389,28.883333,30-09-2015,10586.0,9363.0,46168.5
-30.86013889,29.07125,30-09-2015,10724.0,9286.0,46391.5
-30.77586667,29.03221667,30-09-2015,10957.0,9310.5,47228.5
-34.405833,19.600556,30-09-2015,,,
-32.94583,18.33667,30-09-2015,10496.0,9223.5,45489.0
-26.73806,27.59194,01-10-2015,,,
-27.935,26.126667,01-10-2015,,,
-28.141944,26.417778,01-10-2015,,,
-30.160091,27.40124,01-10-2015,10953.5,9076.0,45591.0
-33.13083,18.86278,01-10-2015,9498.0,8420.5,43716.5
-33.897778,20.012778,01-10-2015,,,
-29.7775,29.470833,05-10-2015,9853.5,8454.5,44518.0
-29.987778,29.851667,05-10-2015,9303.0,8530.0,46273.0
-29.744167,29.905833,05-10-2015,10496.5,8961.5,47486.0
-31.396,29.2651,05-10-2015,10434.0,9267.5,45704.0
-31.554722,29.245556,05-10-2015,9309.5,8482.5,46160.0
-24.679167,30.8025,06-10-2015,10592.0,8609.0,47195.0
-25.127778,27.628889,06-10-2015,11298.0,9409.5,49712.0
-25.20639,27.558,06-10-2015,10576.0,8844.0,47921.0
-24.69514,27.40906,06-10-2015,10087.0,8565.5,47868.0
-23.658056,31.05,06-10-2015,10975.0,8858.5,49939.5
-30.733889,29.828333,06-10-2015,9747.0,8757.5,47323.5
-30.568333,29.422778,06-10-2015,9470.0,8613.0,46813.5
-30.570833,29.150556,06-10-2015,10510.5,8899.5,45791.5
-31.104278,29.399722,06-10-2015,9630.5,8651.5,46152.0
-34.031944,22.053333,06-10-2015,8032.0,7327.0,42205.0
-34.039722,22.133333,06-10-2015,10115.0,8453.5,42342.0
-29.641944,30.6875,07-10-2015,9239.5,8479.0,
-24.058889,31.237222,07-10-2015,10983.5,9108.0,49775.0
-27.937778,31.209444,07-10-2015,9886.5,8762.0,
-28.404444,30.013056,07-10-2015,10887.5,9477.5,48263.5
-30.398056,30.601944,07-10-2015,8696.0,8145.5,
-34.02861,22.22222,07-10-2015,7918.5,7600.0,41036.0
-34.005833,22.351111,07-10-2015,9578.0,8364.5,36828.0
-28.058889,30.373611,07-10-2015,9646.5,8673.5,47142.0
-24.183889,30.823889,08-10-2015,10327.0,8528.5,47902.5
-27.5275,30.858056,08-10-2015,10490.0,9034.5,46906.0
-30.13573889,30.67422222,08-10-2015,9261.5,8513.0,
-27.273889,28.49,08-10-2015,,,
-27.4275,28.525833,08-10-2015,,,
-31.396,29.2651,08-10-2015,10434.0,9267.5,45704.0
-29.161667,23.696389,09-10-2015,,,
-29.744167,29.905833,09-10-2015,10787.0,9462.5,46434.5
-27.573056,24.746389,09-10-2015,,,
-27.902778,24.615556,09-10-2015,,,
-29.803611,30.516111,09-10-2015,9220.0,8521.0,45920.5
-25.99136,27.84208,12-10-2015,10115.0,8760.0,48031.5
-26.73806,27.59194,12-10-2015,,,
-26.45,28.085833,12-10-2015,10219.0,9159.0,48834.0
-29.140556,31.391944,13-10-2015,,,
-28.801278,31.955389,13-10-2015,9919.0,8815.5,45971.5
-26.861111,28.884722,13-10-2015,,,
-26.880278,26.965,13-10-2015,11127.5,9326.5,49470.0
-27.38972222,26.46388889,13-10-2015,8847.5,8250.5,46984.0
-28.141944,26.417778,13-10-2015,11124.0,9098.5,49275.0
-28.1175,26.719444,13-10-2015,10790.0,8943.0,48721.5
-27.398611,26.614722,13-10-2015,9933.5,8519.0,48748.0
-25.45963889,28.26430556,13-10-2015,10342.5,8982.0,48160.0
-27.01011111,26.69808333,14-10-2015,9215.5,8433.5,47026.0
-25.81048333,27.90955222,14-10-2015,10287.0,8994.5,47917.5
-25.73411,27.21422,14-10-2015,11074.0,9166.0,48120.5
-22.769722,30.886944,14-10-2015,10287.0,8917.0,48808.0
-28.747778,31.745833,14-10-2015,,,
-29.380556,30.2775,14-10-2015,,,
-27.00222,28.76528,14-10-2015,,,
-26.648056,27.089444,14-10-2015,9912.5,8686.0,48234.0
-27.273889,28.49,14-10-2015,,,
-26.98472222,26.63227778,14-10-2015,10597.5,9195.5,49259.5
-27.671111,27.236944,14-10-2015,,,
-26.03611,30.99778,15-10-2015,,,
-28.141944,26.417778,15-10-2015,,,
-24.058889,31.237222,16-10-2015,11095.5,9212.5,49238.5
-28.735556,29.820556,19-10-2015,,,
-26.619444,27.980833,19-10-2015,10217.5,9085.5,47650.5
-29.160278,26.573333,19-10-2015,,,
-33.818056,19.694722,19-10-2015,,,
-25.447222,30.711667,19-10-2015,,,
-28.760833,17.730278,20-10-2015,,,
-31.860278,18.6875,20-10-2015,,,
-25.127778,27.628889,20-10-2015,11558.0,9373.5,51458.0
-25.20639,27.558,20-10-2015,10508.0,8909.5,49225.0
-24.69514,27.40906,20-10-2015,10295.0,8734.0,49082.0
-25.681111,31.783333,20-10-2015,9983.5,8565.0,47873.0
-25.67386,31.57527,20-10-2015,9565.0,8933.5,47927.5
-28.44555556,32.325,17-11-2015,,,
-27.802778,28.768333,20-10-2015,,,
-27.671111,27.236944,20-10-2015,10082.0,9021.0,47363.5
-28.69485,28.23487,20-10-2015,9237.5,8505.5,45697.5
-28.883333,27.89,20-10-2015,9619.5,8627.0,46936.0
-34.092222,21.295278,20-10-2015,10341.0,8684.5,45825.0
-32.595833,19.009444,20-10-2015,,,
-28.338333,31.373611,20-10-2015,11518.5,9415.5,
-29.161667,23.696389,21-10-2015,10104.0,9088.5,44496.0
-30.830556,26.921389,21-10-2015,9726.0,8666.0,47025.5
-24.670833,28.560833,21-10-2015,11459.5,9355.0,48325.5
-22.91028,29.61111,21-10-2015,,,
-28.058889,30.373611,27-04-2015,9275.0,8450.0,43472.5
-26.006389,29.253889,21-10-2015,,,
-25.362222,31.956667,21-10-2015,11236.0,9365.0,
-25.398889,31.610556,21-10-2015,11141.5,9338.5,49330.5
-27.602222,29.942778,21-10-2015,,,
-27.169444,29.233889,21-10-2015,,,
-26.510278,28.351389,21-10-2015,11501.5,9247.0,46975.5
-27.398611,26.614722,21-10-2015,10109.5,8510.5,47268.0
-30.336111,27.359444,21-10-2015,12378.0,9408.5,44587.5
-29.615556,27.065278,21-10-2015,12202.0,9843.0,46862.5
-34.250556,20.9925,21-10-2015,8944.0,8116.0,45398.5
-33.38056,19.30167,21-10-2015,,,
-33.08883333,19.21878333,21-10-2015,,,
-27.4,26.624722,21-10-2015,9767.5,8315.5,47326.5
-28.75,30.442778,22-10-2015,12309.5,9541.5,47841.5
-29.161667,30.629722,22-10-2015,9841.5,8550.5,48312.5
-27.02314,28.59389,22-10-2015,10357.5,9167.5,46445.0
-27.4275,28.525833,22-10-2015,12553.0,9917.0,
-27.3,28.586944,22-10-2015,12074.5,9401.5,
-31.000833,26.353056,22-10-2015,9885.0,8599.0,46637.0
-30.679722,26.7125,22-10-2015,11968.0,9471.5,46114.0
-33.7075,18.97444444,22-10-2015,,,
-29.744167,29.905833,23-10-2015,10621.5,9098.5,48806.5
-27.573056,24.746389,23-10-2015,,,
-27.902778,24.615556,23-10-2015,,,
-29.658056,25.973333,23-10-2015,,,
-25.99136,27.84208,26-10-2015,9644.5,8874.5,48979.0
-26.45,28.085833,26-10-2015,10605.0,9185.5,48526.0
-31.554722,29.245556,26-10-2015,,,
-33.501667,21.624167,26-10-2015,8723.5,8196.5,45266.0
-25.73411,27.21422,27-10-2015,11139.0,9127.5,49256.0
-27.363611,31.783333,27-10-2015,,,
-26.970278,27.211111,27-10-2015,8594.0,8059.0,44847.5
-26.880278,26.965,27-10-2015,11103.5,9222.0,48590.0
-31.104278,29.399722,27-10-2015,,,
-33.31388889,19.07472222,27-10-2015,,,
-25.45963889,28.26430556,27-10-2015,10456.0,9109.5,48530.5
-28.760833,17.730278,28-10-2015,8237.5,7744.0,46362.0
-29.161667,23.696389,28-10-2015,,,
-28.7115,24.07288889,28-10-2015,,,
-27.01011111,26.69808333,28-10-2015,9012.0,8247.5,45947.0
-29.641944,30.6875,28-10-2015,,,
-27.00222,28.76528,28-10-2015,11687.0,9751.0,
-26.648056,27.089444,28-10-2015,9734.5,8676.5,46664.0
-26.98472222,26.63227778,28-10-2015,10967.5,9231.0,49143.5
-29.651389,22.746389,28-10-2015,,,
-29.1825,23.575556,28-10-2015,,,
-34.405833,19.600556,28-10-2015,,,
-33.13083,18.86278,28-10-2015,,,
-25.81048333,27.90955222,29-10-2015,9863.0,8727.5,48965.5
-30.570833,29.150556,29-10-2015,,,
-30.77586667,29.03221667,29-10-2015,,,
-34.329722,18.990278,29-10-2015,,,
-32.94583,18.33667,29-10-2015,,,
-30.568333,29.422778,30-10-2015,,,
-31.031389,28.883333,30-10-2015,,,
-30.86013889,29.07125,30-10-2015,,,
-29.987778,29.851667,01-11-2015,,,
-29.7775,29.470833,02-11-2015,,,
-29.987778,29.851667,02-11-2015,,,
-25.127778,27.628889,03-11-2015,,,
-25.20639,27.558,03-11-2015,,,
-30.733889,29.828333,03-11-2015,,,
-34.031944,22.053333,03-11-2015,8519.0,7805.0,44836.0
-27.937778,31.209444,04-11-2015,10515.5,8825.0,
-28.404444,30.013056,04-11-2015,,,
-30.398056,30.601944,04-11-2015,8909.0,8284.5,
-29.615556,27.065278,04-11-2015,12156.5,9549.0,46295.5
-34.005833,22.351111,04-11-2015,8965.0,8212.5,43908.0
-28.058889,30.373611,04-11-2015,,,
-22.91028,29.61111,05-11-2015,10112.5,8298.5,
-27.5275,30.858056,05-11-2015,10596.5,8983.0,47731.5
-30.13573889,30.67422222,05-11-2015,9449.5,8559.5,
-29.744167,29.905833,06-11-2015,10926.0,9274.5,48829.0
-27.573056,24.746389,06-11-2015,,,
-27.902778,24.615556,06-11-2015,,,
-29.803611,30.516111,06-11-2015,9698.5,8704.0,47291.0
-25.99136,27.84208,09-11-2015,9819.0,8812.0,49671.0
-29.380556,30.2775,09-11-2015,9124.5,8355.5,47827.5
-26.73806,27.59194,09-11-2015,9521.5,8240.0,46756.0
-29.160278,26.573333,09-11-2015,12003.5,9477.0,50504.0
-29.651389,22.746389,09-11-2015,12336.5,9655.5,51023.0
-28.747778,31.745833,10-11-2015,,,
-28.141944,26.417778,10-11-2015,11323.0,9313.0,51295.5
-27.671111,27.236944,10-11-2015,10307.5,8978.0,48963.0
-28.69485,28.23487,10-11-2015,,,
-29.615556,27.065278,10-11-2015,,,
-28.883333,27.89,10-11-2015,,,
-31.394444,20.947222,10-11-2015,10877.0,9068.5,47900.5
-25.45963889,28.26430556,10-11-2015,,,
-25.81048333,27.90955222,11-11-2015,,,
-29.140556,31.391944,11-11-2015,,,
-28.801278,31.955389,11-11-2015,,,
-27.00222,28.76528,11-11-2015,,,
-26.970278,27.211111,11-11-2015,8094.0,7625.5,45675.5
-26.880278,26.965,11-11-2015,11583.5,9455.0,51523.0
-27.273889,28.49,11-11-2015,,,
-27.38972222,26.46388889,11-11-2015,8920.0,8066.0,48278.0
-27.398611,26.614722,11-11-2015,10041.0,8547.5,49791.5
-30.336111,27.359444,11-11-2015,,,
-27.4,26.624722,11-11-2015,10420.5,8854.0,50026.5
-27.01011111,26.69808333,12-11-2015,8968.5,8390.5,47504.5
-30.830556,26.921389,12-11-2015,,,
-23.658056,31.05,12-11-2015,11299.5,8932.0,50131.0
-26.648056,27.089444,12-11-2015,9997.5,8815.0,49828.5
-26.98472222,26.63227778,12-11-2015,11666.5,9462.0,51913.5
-27.935,26.126667,12-11-2015,11579.0,9103.0,50483.0
-28.1175,26.719444,12-11-2015,11473.0,9246.5,50449.0
-31.000833,26.353056,12-11-2015,10017.0,8588.0,47977.0
-30.679722,26.7125,12-11-2015,,,
-26.619444,27.980833,16-11-2015,,,
-24.679167,30.8025,17-11-2015,,,
-25.127778,27.628889,17-11-2015,11725.0,9351.5,51694.0
-25.20639,27.558,17-11-2015,10631.0,8919.5,49320.0
-24.99328,30.81444,17-11-2015,,,
-27.169444,29.233889,17-11-2015,,,
-26.510278,28.351389,17-11-2015,,,
-27.273889,28.49,17-11-2015,,,
-27.3,28.586944,17-11-2015,,,
-27.671111,27.236944,17-11-2015,,,
-34.092222,21.295278,17-11-2015,,,
-33.501667,21.624167,17-11-2015,,,
-28.338333,31.373611,17-11-2015,11645.5,8899.0,
-24.670833,28.560833,18-11-2015,,,
-25.73411,27.21422,18-11-2015,11341.0,9288.0,50003.5
-24.058889,31.237222,18-11-2015,,,
-24.034167,31.123611,18-11-2015,,,
-27.602222,29.942778,18-11-2015,,,
-27.02314,28.59389,18-11-2015,,,
-27.4275,28.525833,18-11-2015,,,
-27.802778,28.768333,18-11-2015,,,
-27.398611,26.614722,18-11-2015,,,
-34.250556,20.9925,18-11-2015,,,
-27.4,26.624722,18-11-2015,,,
-24.183889,30.823889,19-11-2015,,,
-28.75,30.442778,19-11-2015,,,
-29.161667,30.629722,19-11-2015,,,
-27.3,28.586944,19-11-2015,,,
-29.744167,29.905833,20-11-2015,,,
-27.573056,24.746389,20-11-2015,10968.5,8880.5,49619.0
-27.902778,24.615556,20-11-2015,12679.5,9799.5,50335.0
-25.99136,27.84208,23-11-2015,,,
-26.73806,27.59194,23-11-2015,,,
-26.45,28.085833,23-11-2015,,,
-31.554722,29.245556,23-11-2015,9455.0,8703.5,48286.0
-32.502778,19.535833,23-11-2015,13498.5,10230.5,47075.0
-25.447222,30.711667,23-11-2015,,,
-29.641944,30.6875,24-11-2015,,,
-25.681111,31.783333,24-11-2015,9983.5,8565.0,47873.0
-25.67386,31.57527,24-11-2015,9565.0,8933.5,47927.5
-25.513889,31.224444,24-11-2015,9464.5,8552.5,46719.5
-26.861111,28.884722,24-11-2015,,,
-26.970278,27.211111,24-11-2015,,,
-26.880278,26.965,24-11-2015,,,
-31.104278,29.399722,24-11-2015,10126.0,8675.0,48182.5
-31.396,29.2651,24-11-2015,11542.5,9660.0,46852.0
-33.818056,19.694722,24-11-2015,,,
-34.075556,20.145556,24-11-2015,10980.5,9109.5,48527.0
-32.595833,19.009444,24-11-2015,9484.0,8338.0,45426.5
-25.45963889,28.26430556,24-11-2015,10162.5,8670.0,50376.0
-27.01011111,26.69808333,25-11-2015,,,
-25.81048333,27.90955222,25-11-2015,,,
-25.436111,31.982222,25-11-2015,10635.0,9180.0,
-25.362222,31.956667,25-11-2015,,,
-25.398889,31.610556,25-11-2015,11141.5,9338.5,49330.5
-25.14944444,31.94055556,25-11-2015,,,
-27.00222,28.76528,25-11-2015,11805.5,9813.5,
-26.648056,27.089444,25-11-2015,,,
-27.273889,28.49,25-11-2015,9086.5,8059.5,46261.5
-26.98472222,26.63227778,25-11-2015,,,
-30.568333,29.422778,25-11-2015,9933.0,8913.5,48064.5
-30.570833,29.150556,25-11-2015,,,
-33.38056,19.30167,25-11-2015,,,
-30.86013889,29.07125,26-11-2015,,,
-30.77586667,29.03221667,26-11-2015,,,
-33.7075,18.97444444,26-11-2015,9877.5,8605.5,45619.5
-31.031389,28.883333,27-11-2015,,,
-29.7775,29.470833,30-11-2015,,,
-34.065833,20.404167,01-12-2015,36673.0,37027.0,40562.0
-25.127778,27.628889,01-12-2015,,,
-25.20639,27.558,01-12-2015,,,
-28.404444,30.013056,01-12-2015,,,
-30.733889,29.828333,01-12-2015,9937.0,8865.0,49011.5
-27.398611,26.614722,01-12-2015,,,
-34.031944,22.053333,01-12-2015,8731.0,7769.0,45130.0
-34.039722,22.133333,01-12-2015,8770.5,8095.0,44764.5
-33.31388889,19.07472222,01-12-2015,,,
-29.161667,23.696389,02-12-2015,,,
-25.73411,27.21422,02-12-2015,,,
-27.5275,30.858056,02-12-2015,10596.5,8983.0,47731.5
-30.398056,30.601944,02-12-2015,8909.0,8284.5,
-27.671111,27.236944,02-12-2015,,,
-31.436944,20.474722,02-12-2015,14567.0,10718.5,52005.5
-34.02861,22.22222,02-12-2015,8322.0,7860.0,44255.5
-34.405833,19.600556,02-12-2015,,,
-33.13083,18.86278,02-12-2015,,,
-34.005833,22.351111,02-12-2015,9265.0,8318.5,45137.0
-28.058889,30.373611,02-12-2015,,,
-23.658056,31.05,03-12-2015,11299.5,8932.0,50131.0
-34.329722,18.990278,03-12-2015,,,
-29.803611,30.516111,03-12-2015,9698.5,8704.0,47291.0
-29.744167,29.905833,04-12-2015,,,
-27.935,26.126667,04-12-2015,,,
-27.902778,24.615556,04-12-2015,12307.5,9600.0,51472.0
-28.058889,30.373611,05-12-2015,,,
-24.058889,31.237222,06-12-2015,,,
-25.99136,27.84208,07-12-2015,9840.5,8872.0,48498.5
-29.380556,30.2775,07-12-2015,,,
-26.73806,27.59194,07-12-2015,8991.0,8176.0,46272.0
-26.45,28.085833,07-12-2015,10106.0,9032.0,48122.5
-29.160278,26.573333,07-12-2015,,,
-29.140556,31.391944,08-12-2015,10895.0,8768.5,45281.5
-26.861111,28.884722,08-12-2015,10804.0,9368.0,49022.0
-26.970278,27.211111,08-12-2015,,,
-26.880278,26.965,08-12-2015,,,
-28.69485,28.23487,08-12-2015,9613.0,8500.5,47466.5
-29.615556,27.065278,08-12-2015,11688.0,9401.0,49167.0
-28.883333,27.89,08-12-2015,10421.5,8915.5,48607.0
-33.501667,21.624167,08-12-2015,9216.0,8340.5,47442.0
-25.45963889,28.26430556,08-12-2015,10162.5,8670.0,50376.0
-27.01011111,26.69808333,09-12-2015,,,
-25.81048333,27.90955222,09-12-2015,10472.5,9256.0,48766.5
-24.670833,28.560833,09-12-2015,11374.5,9255.5,49295.0
-22.91028,29.61111,09-12-2015,10006.5,8371.0,
-28.747778,31.745833,09-12-2015,10125.5,8736.0,47260.5
-26.98472222,26.63227778,09-12-2015,,,
-27.671111,27.236944,09-12-2015,10749.0,9287.5,48385.5
-30.336111,27.359444,09-12-2015,12896.0,9426.5,46779.0
-34.092222,21.295278,09-12-2015,10295.0,8694.5,47492.5
-29.641944,30.6875,10-12-2015,,,
-22.769722,30.886944,10-12-2015,10862.0,8941.0,50612.0
-28.801278,31.955389,10-12-2015,9896.0,9025.5,46685.5
-27.38972222,26.46388889,10-12-2015,,,
-27.935,26.126667,10-12-2015,,,
-33.897778,20.012778,12-01-2012,,,
-33.897778,20.012778,01-03-2012,,,
-27.398611,26.614722,10-12-2015,,,
-30.679722,26.7125,10-12-2015,11571.0,9116.5,48698.0
-33.897778,20.012778,19-06-2012,,,
-27.4,26.624722,10-12-2015,,,
-34.250556,20.9925,11-12-2015,9441.0,8298.5,47154.5
-28.735556,29.820556,14-12-2015,,,
-33.897778,20.012778,18-01-2013,,,
-26.619444,27.980833,14-12-2015,,,
-24.679167,30.8025,15-12-2015,10459.5,8576.0,48521.0
-27.169444,29.233889,15-12-2015,10848.0,9456.5,48726.5
-26.510278,28.351389,15-12-2015,,,
-27.671111,27.236944,15-12-2015,,,
-29.161667,23.696389,16-12-2015,,,
-25.127778,27.628889,16-12-2015,,,
-25.20639,27.558,16-12-2015,,,
-27.602222,29.942778,16-12-2015,10413.5,8854.0,49050.0
-27.00222,28.76528,16-12-2015,,,
-27.02314,28.59389,16-12-2015,,,
-27.273889,28.49,16-12-2015,,,
-27.4275,28.525833,16-12-2015,,,
-27.3,28.586944,16-12-2015,,,
-33.897778,20.012778,26-02-2015,13514.0,10480.0,42688.0
-27.398611,26.614722,16-12-2015,,,
-29.033333,23.983333,16-12-2015,,,
-33.897778,20.012778,21-05-2015,8472.0,7768.0,41928.0
-33.897778,20.012778,27-08-2015,,,
-33.897778,20.012778,29-10-2015,,,
-33.897778,20.012778,03-12-2015,8612.0,8007.0,44784.0
-27.4,26.624722,16-12-2015,,,
-24.183889,30.823889,17-12-2015,11489.0,8963.5,48965.0
-29.161667,30.629722,17-12-2015,,,
-27.802778,28.768333,17-12-2015,,,
-29.744167,29.905833,18-12-2015,,,
-27.902778,24.615556,18-12-2015,13360.5,10147.5,52075.5
-25.99136,27.84208,21-12-2015,9753.0,8686.5,48649.0
-26.73806,27.59194,21-12-2015,9075.5,8229.0,46353.0
-26.45,28.085833,21-12-2015,10326.0,9044.5,50180.0
-28.404444,30.013056,22-12-2015,,,
-27.00222,28.76528,22-12-2015,11792.0,9857.0,
-26.970278,27.211111,22-12-2015,,,
-26.880278,26.965,22-12-2015,,,
-27.273889,28.49,22-12-2015,8946.5,8152.0,46350.0
-25.45963889,28.26430556,22-12-2015,10282.5,8865.0,50530.5
-27.01011111,26.69808333,23-12-2015,,,
-25.81048333,27.90955222,23-12-2015,10152.0,9109.0,49443.0
-27.5275,30.858056,23-12-2015,10596.5,8983.0,47731.5
-26.861111,28.884722,23-12-2015,10760.0,9301.0,48888.0
-26.98472222,26.63227778,23-12-2015,,,
-27.935,26.126667,23-12-2015,,,
-29.744167,29.905833,31-12-2015,,,
